PLAYER_ID,PLAYER_NAME,TEAM_ID,TEAM_ABBREVIATION,AGE,PLAYER_HEIGHT,PLAYER_HEIGHT_INCHES,PLAYER_WEIGHT,COLLEGE,COUNTRY,DRAFT_YEAR,DRAFT_ROUND,DRAFT_NUMBER,NET_RATING,OREB_PCT,DREB_PCT,USG_PCT,TS_PCT,AST_PCT
1630639,A.J. Lawson,1610612761,TOR,25.0,6-6,78,179,South Carolina,Canada,Undrafted,Undrafted,Undrafted,-14.4,0.059,0.153,0.194,0.545,0.046
1631260,AJ Green,1610612749,MIL,26.0,6-4,76,190,Northern Iowa,USA,Undrafted,Undrafted,Undrafted,1.0,0.006,0.079,0.128,0.654,0.089
1642358,AJ Johnson,1610612764,WAS,21.0,6-5,77,160,None,USA,2024,1,23,-6.9,0.039,0.119,0.182,0.306,0.119
203932,Aaron Gordon,1610612743,DEN,30.0,6-8,80,235,Arizona,USA,2014,1,4,14.0,0.047,0.162,0.228,0.632,0.13
1628988,Aaron Holiday,1610612745,HOU,29.0,6-0,72,185,UCLA,USA,2018,1,23,1.0,0.009,0.048,0.173,0.567,0.101
1630174,Aaron Nesmith,1610612754,IND,26.0,6-5,77,215,Vanderbilt,USA,2020,1,14,-7.0,0.044,0.12,0.194,0.498,0.104
1630598,Aaron Wiggins,1610612760,OKC,27.0,6-5,77,190,Maryland,USA,2021,2,55,12.3,0.026,0.106,0.186,0.571,0.101
1642846,Ace Bailey,1610612762,UTA,19.0,6-9,81,200,Rutgers,USA,2025,1,5,-11.2,0.058,0.079,0.186,0.539,0.097
1641737,Adem Bona,1610612755,PHI,22.0,6-10,82,235,UCLA,Nigeria,2024,2,41,1.3,0.1,0.119,0.096,0.644,0.021
1642876,Adou Thiero,1610612747,LAL,21.0,6-7,79,220,Arkansas,USA,2025,2,36,-4.2,0.085,0.149,0.125,0.465,0.079
1642349,Ajay Mitchell,1610612760,OKC,23.0,6-4,76,190,California-Santa Barbara,Belgium,2024,2,38,15.9,0.026,0.096,0.213,0.59,0.194
201143,Al Horford,1610612744,GSW,39.0,6-8,80,240,Florida,Dominican Republic,2007,1,3,0.7,0.045,0.212,0.156,0.534,0.148
1627936,Alex Caruso,1610612760,OKC,31.0,6-5,77,186,Texas A&M,USA,Undrafted,Undrafted,Undrafted,20.5,0.031,0.118,0.146,0.538,0.145
1642259,Alex Sarr,1610612764,WAS,20.0,7-0,84,205,None,France,2024,1,2,-11.4,0.071,0.173,0.25,0.565,0.156
1642918,Alijah Martin,1610612761,TOR,24.0,6-2,74,210,Florida,USA,2025,2,39,-4.7,0.059,0.068,0.164,0.48,0.145
1630578,Alperen Sengun,1610612745,HOU,23.0,6-11,83,243,None,Turkey,2021,1,16,5.8,0.081,0.179,0.264,0.564,0.282
1642873,Amari Williams,1610612738,BOS,23.0,6-11,83,250,Kentucky,United Kingdom,2025,2,46,-22.6,0.053,0.125,0.063,0.74,0.088
1641708,Amen Thompson,1610612745,HOU,22.0,6-7,79,200,None,USA,2023,1,4,8.6,0.072,0.126,0.2,0.577,0.199
1629599,Amir Coffey,1610612749,MIL,28.0,6-7,79,210,Minnesota,USA,Undrafted,Undrafted,Undrafted,-6.6,0.023,0.065,0.106,0.538,0.054
203083,Andre Drummond,1610612755,PHI,32.0,6-11,83,279,Connecticut,USA,2012,1,9,-0.9,0.153,0.276,0.145,0.565,0.055
1641748,Andre Jackson Jr.,1610612749,MIL,24.0,6-6,78,209,Connecticut,USA,2023,2,36,-3.8,0.043,0.093,0.156,0.443,0.225
1629614,Andrew Nembhard,1610612754,IND,26.0,6-4,76,191,Gonzaga,Canada,2022,2,31,-10.1,0.013,0.073,0.235,0.566,0.353
203952,Andrew Wiggins,1610612748,MIA,30.0,6-6,78,197,Kansas,Canada,2014,1,1,-1.2,0.051,0.094,0.198,0.569,0.123
1629014,Anfernee Simons,1610612738,BOS,26.0,6-3,75,200,None,USA,2018,1,24,7.2,0.02,0.076,0.224,0.572,0.147
1641710,Anthony Black,1610612753,ORL,22.0,6-7,79,200,Arkansas,USA,2023,1,6,0.1,0.024,0.107,0.222,0.561,0.192
203076,Anthony Davis,1610612742,DAL,32.0,6-10,82,253,Kentucky,USA,2012,1,1,-4.6,0.099,0.24,0.272,0.551,0.14
1630162,Anthony Edwards,1610612750,MIN,24.0,6-4,76,225,Georgia,USA,2020,1,1,3.5,0.017,0.122,0.308,0.622,0.174
1630264,Anthony Gill,1610612764,WAS,33.0,6-7,79,230,Virginia,USA,Undrafted,Undrafted,Undrafted,4.5,0.061,0.138,0.118,0.747,0.034
1641810,Antonio Reeves,1610612766,CHA,25.0,6-5,77,205,Kentucky,USA,2024,2,47,21.3,0.018,0.078,0.124,0.656,0.05
1630574,Ariel Hukporti,1610612752,NYK,23.0,7-0,84,246,None,Germany,2024,2,58,2.0,0.102,0.168,0.088,0.562,0.085
1642854,Asa Newell,1610612737,ATL,20.0,6-10,82,220,Georgia,USA,2025,1,23,2.0,0.073,0.101,0.164,0.66,0.072
1641709,Ausar Thompson,1610612765,DET,22.0,6-7,79,205,None,USA,2023,1,5,6.0,0.082,0.141,0.184,0.537,0.138
1630559,Austin Reaves,1610612747,LAL,27.0,6-5,77,197,Oklahoma,USA,Undrafted,Undrafted,Undrafted,3.3,0.022,0.126,0.276,0.666,0.274
1630245,Ayo Dosunmu,1610612741,CHI,26.0,6-4,76,201,Illinois,USA,2021,2,38,-1.7,0.024,0.072,0.194,0.635,0.203
1628389,Bam Adebayo,1610612748,MIA,28.0,6-9,81,255,Kentucky,USA,2017,1,14,3.2,0.057,0.24,0.232,0.546,0.132
1631248,Baylor Scheierman,1610612738,BOS,25.0,6-6,78,205,Creighton,USA,2024,1,30,6.3,0.022,0.117,0.092,0.633,0.076
1642879,Ben Saraf,1610612751,BKN,19.0,6-6,78,200,None,Israel,2025,1,26,-3.4,0.025,0.076,0.191,0.474,0.225
1641767,Ben Sheppard,1610612754,IND,24.0,6-6,78,190,Belmont,USA,2023,1,26,-10.4,0.024,0.114,0.122,0.505,0.112
1631097,Bennedict Mathurin,1610612754,IND,23.0,6-5,77,210,Arizona,Canada,2022,1,6,-10.6,0.023,0.144,0.233,0.577,0.109
1641731,Bilal Coulibaly,1610612764,WAS,21.0,6-7,79,195,None,France,2023,1,7,-11.8,0.032,0.134,0.178,0.513,0.13
202687,Bismack Biyombo,1610612759,SAS,33.0,6-8,80,255,None,DRC,2011,1,7,-21.9,0.035,0.096,0.066,0.654,0.065
1631104,Blake Wesley,1610612757,POR,22.0,6-4,76,190,Notre Dame,USA,2022,1,25,1.5,0.018,0.13,0.173,0.469,0.279
1626171,Bobby Portis,1610612749,MIL,30.0,6-9,81,250,Arkansas,USA,2015,1,22,-6.8,0.052,0.207,0.222,0.588,0.099
1641752,Bobi Klintman,1610612765,DET,22.0,6-9,81,225,None,Sweden,2024,2,37,-14.4,0.075,0.196,0.19,0.381,0.105
203992,Bogdan Bogdanović,1610612746,LAC,33.0,6-5,77,225,None,Serbia,2014,1,27,-2.1,0.015,0.106,0.177,0.511,0.193
1630538,Bones Hyland,1610612750,MIN,25.0,6-2,74,169,Virginia Commonwealth,USA,2021,1,26,10.5,0.013,0.082,0.188,0.574,0.237
203078,Bradley Beal,1610612746,LAC,32.0,6-4,76,207,Florida,USA,2012,1,3,-9.3,0.019,0.025,0.224,0.476,0.106
1642382,Branden Carlson,1610612760,OKC,26.0,7-0,84,220,Utah,USA,Undrafted,Undrafted,Undrafted,1.4,0.052,0.166,0.18,0.603,0.079
1641764,Brandin Podziemski,1610612744,GSW,22.0,6-4,76,205,Santa Clara,USA,2023,1,19,3.4,0.023,0.138,0.181,0.586,0.187
1629634,Brandon Clarke,1610612763,MEM,29.0,6-8,80,215,Gonzaga,Canada,2019,1,21,-22.2,0.154,0.077,0.193,0.372,0.071
1627742,Brandon Ingram,1610612761,TOR,28.0,6-8,80,190,Duke,USA,2016,1,2,2.0,0.024,0.151,0.267,0.568,0.17
1641706,Brandon Miller,1610612766,CHA,23.0,6-7,79,200,Alabama,USA,2023,1,2,2.7,0.034,0.106,0.283,0.55,0.184
1630314,Brandon Williams,1610612742,DAL,26.0,6-1,73,190,Arizona,USA,Undrafted,Undrafted,Undrafted,0.5,0.024,0.099,0.241,0.546,0.235
1641729,Brice Sensabaugh,1610612762,UTA,22.0,6-6,78,235,Ohio State,USA,2023,1,28,-10.6,0.039,0.099,0.216,0.578,0.107
1642355,Bronny James,1610612747,LAL,21.0,6-2,74,210,Southern California,USA,2024,2,55,-0.7,0.026,0.039,0.136,0.428,0.215
201572,Brook Lopez,1610612746,LAC,37.0,7-1,85,282,Stanford,USA,2008,1,10,-3.1,0.022,0.128,0.188,0.506,0.083
1642964,Brooks Barnhizer,1610612760,OKC,23.0,6-5,77,230,Northwestern,USA,2025,2,44,-15.1,0.04,0.174,0.08,0.489,0.074
1628971,Bruce Brown,1610612743,DEN,29.0,6-4,76,202,Miami,USA,2018,2,42,-2.6,0.048,0.113,0.138,0.523,0.125
1631121,Bryce McGowens,1610612740,NOP,23.0,6-6,78,190,Nebraska,USA,2022,2,40,-6.4,0.017,0.085,0.143,0.606,0.086
1642267,Bub Carrington,1610612764,WAS,20.0,6-4,76,190,Pittsburgh,USA,2024,1,14,-14.2,0.015,0.112,0.162,0.544,0.223
1627741,Buddy Hield,1610612744,GSW,33.0,6-4,76,220,Oklahoma,Bahamas,2016,1,6,-5.1,0.036,0.101,0.185,0.583,0.124
203468,CJ McCollum,1610612737,ATL,34.0,6-3,75,190,Lehigh,USA,2013,1,10,-6.6,0.02,0.081,0.244,0.562,0.179
1630595,Cade Cunningham,1610612765,DET,24.0,6-6,78,220,Oklahoma State,USA,2021,1,1,9.9,0.026,0.13,0.296,0.561,0.411
1631216,Caleb Houstan,1610612737,ATL,23.0,6-8,80,205,Michigan,Canada,2022,2,32,-5.6,0.08,0.025,0.169,0.705,0.065
1631126,Caleb Love,1610612757,POR,24.0,6-3,75,212,Arizona,USA,Undrafted,Undrafted,Undrafted,-4.5,0.024,0.091,0.223,0.511,0.18
1628997,Caleb Martin,1610612742,DAL,30.0,6-5,77,205,Nevada,USA,Undrafted,Undrafted,Undrafted,-1.6,0.035,0.115,0.106,0.484,0.152
1642353,Cam Christie,1610612746,LAC,20.0,6-5,77,190,Minnesota,USA,2024,2,46,4.2,0.037,0.127,0.172,0.524,0.091
1642285,Cam Spencer,1610612763,MEM,25.0,6-3,75,205,Connecticut,USA,2024,2,53,1.7,0.017,0.091,0.175,0.669,0.33
1630560,Cam Thomas,1610612751,BKN,24.0,6-3,75,210,Louisiana State,Japan,2021,1,27,-12.2,0.013,0.06,0.301,0.525,0.217
1641715,Cam Whitmore,1610612764,WAS,21.0,6-6,78,230,Villanova,USA,2023,1,20,-19.6,0.049,0.102,0.225,0.528,0.067
1629661,Cameron Johnson,1610612743,DEN,29.0,6-8,80,210,North Carolina,USA,2019,1,11,11.2,0.025,0.089,0.146,0.604,0.092
1627747,Caris LeVert,1610612765,DET,31.0,6-7,79,205,Michigan,USA,2016,1,20,3.5,0.012,0.07,0.176,0.541,0.21
1642868,Carter Bryant,1610612759,SAS,20.0,6-6,78,220,Arizona,USA,2025,1,14,-3.1,0.05,0.141,0.157,0.442,0.036
1641717,Cason Wallace,1610612760,OKC,22.0,6-3,75,195,Kentucky,USA,2023,1,10,14.5,0.03,0.079,0.124,0.529,0.097
1642907,Cedric Coward,1610612763,MEM,22.0,6-5,77,206,Washington State,USA,2025,1,11,1.8,0.052,0.164,0.203,0.589,0.155
1629646,Charles Bassey,1610612763,MEM,25.0,6-10,82,230,Western Kentucky,Nigeria,2021,2,53,-8.4,0.175,0.258,0.123,0.376,0.095
1642404,Chaz Lanier,1610612765,DET,24.0,6-3,75,206,Tennessee,USA,2025,2,37,4.6,0.038,0.055,0.134,0.528,0.094
1631096,Chet Holmgren,1610612760,OKC,23.0,7-1,85,208,Gonzaga,USA,2022,1,2,15.3,0.063,0.212,0.222,0.663,0.079
1628449,Chris Boucher,1610612738,BOS,33.0,6-8,80,200,Oregon,Saint Lucia,Undrafted,Undrafted,Undrafted,5.0,0.02,0.154,0.118,0.379,0.043
1641753,Chris Livingston,1610612739,CLE,22.0,6-6,78,220,Kentucky,USA,2023,2,58,27.0,0.0,0.176,0.189,0.605,0.091
1643024,Chris Mañon,1610612747,LAL,24.0,6-4,76,209,Vanderbilt,USA,Undrafted,Undrafted,Undrafted,18.7,0.059,0.133,0.026,0.0,0.0
101108,Chris Paul,1610612746,LAC,40.0,6-0,72,175,Wake Forest,USA,2005,1,4,-17.3,0.026,0.101,0.135,0.413,0.351
1642959,Chris Youngblood,1610612760,OKC,23.0,6-4,76,,Alabama,USA,Undrafted,Undrafted,Undrafted,0.3,0.043,0.105,0.152,0.54,0.071
1631128,Christian Braun,1610612743,DEN,24.0,6-6,78,220,Kansas,USA,2022,1,21,11.7,0.053,0.091,0.148,0.532,0.109
1631132,Christian Koloko,1610612737,ATL,25.0,6-11,83,225,Arizona,Cameroon,2022,2,33,3.8,0.078,0.119,0.094,0.431,0.056
1642935,Chucky Hepburn,1610612761,TOR,22.0,6-0,72,190,Louisville,USA,Undrafted,Undrafted,Undrafted,-47.6,0.0,0.067,0.219,0.0,0.286
203991,Clint Capela,1610612745,HOU,31.0,6-10,82,256,None,Switzerland,2014,1,25,3.4,0.185,0.181,0.135,0.535,0.06
1629632,Coby White,1610612741,CHI,25.0,6-4,76,210,North Carolina,USA,2019,1,7,3.1,0.01,0.105,0.267,0.597,0.222
1628998,Cody Martin,1610612754,IND,30.0,6-6,78,205,Nevada,USA,2019,2,36,-20.2,0.013,0.183,0.119,0.277,0.065
1642262,Cody Williams,1610612762,UTA,21.0,6-8,80,190,Colorado,USA,2024,1,10,-9.5,0.045,0.082,0.139,0.511,0.064
1641732,Colby Jones,1610612765,DET,23.0,6-6,78,207,Xavier,USA,2023,2,34,80.0,0.0,0.4,0.158,0.333,0.333
1630175,Cole Anthony,1610612749,MIL,25.0,6-2,74,185,North Carolina,USA,2020,1,15,-7.8,0.027,0.134,0.242,0.506,0.365
1631221,Collin Gillespie,1610612756,PHX,26.0,6-1,73,195,Villanova,USA,Undrafted,Undrafted,Undrafted,6.8,0.033,0.112,0.185,0.601,0.236
1642867,Collin Murray-Boyles,1610612761,TOR,20.0,6-7,79,245,South Carolina,USA,2025,1,9,1.0,0.108,0.122,0.149,0.585,0.134
1629012,Collin Sexton,1610612766,CHA,27.0,6-3,75,190,Alabama,USA,2018,1,8,0.3,0.018,0.062,0.251,0.622,0.27
1642843,Cooper Flagg,1610612742,DAL,19.0,6-9,81,205,Duke,USA,2025,1,1,-3.7,0.033,0.143,0.236,0.554,0.182
1630557,Corey Kispert,1610612737,ATL,26.0,6-6,78,224,Gonzaga,USA,2021,1,15,-8.4,0.018,0.091,0.165,0.62,0.115
1641854,Craig Porter Jr.,1610612739,CLE,25.0,6-1,73,180,Wichita State,USA,Undrafted,Undrafted,Undrafted,3.2,0.076,0.117,0.121,0.542,0.216
1642938,Curtis Jones,1610612743,DEN,24.0,6-3,75,195,Iowa State,USA,Undrafted,Undrafted,Undrafted,3.0,0.033,0.087,0.211,0.321,0.158
1626156,D'Angelo Russell,1610612742,DAL,29.0,6-3,75,193,Ohio State,USA,2015,1,2,-3.3,0.016,0.092,0.261,0.511,0.328
1641747,DaRon Holmes II,1610612743,DEN,23.0,6-9,81,225,Dayton,USA,2024,1,22,-8.6,0.03,0.098,0.137,0.606,0.135
1631342,Daeqwon Plowden,1610612758,SAC,27.0,6-4,76,216,Bowling Green,USA,Undrafted,Undrafted,Undrafted,-50.0,0.154,0.0,0.152,0.2,0.0
1631207,Dalen Terry,1610612741,CHI,23.0,6-6,78,210,Arizona,USA,2022,1,18,-1.0,0.044,0.111,0.138,0.525,0.147
1642261,Dalton Knecht,1610612747,LAL,24.0,6-6,78,215,Tennessee,USA,2024,1,17,-5.2,0.025,0.1,0.163,0.544,0.044
1629655,Daniel Gafford,1610612742,DAL,27.0,6-10,82,265,Arkansas,USA,2019,2,38,-4.7,0.092,0.186,0.141,0.67,0.057
1642450,Daniss Jenkins,1610612765,DET,24.0,6-4,76,165,St. John's,USA,Undrafted,Undrafted,Undrafted,8.0,0.033,0.073,0.21,0.545,0.286
1642874,Danny Wolf,1610612751,BKN,21.0,6-11,83,250,Michigan,USA,2025,1,27,-4.5,0.049,0.17,0.185,0.514,0.152
203967,Dario Šarić,1610612758,SAC,31.0,6-10,82,225,None,Croatia,2014,1,12,0.0,0.03,0.114,0.1,0.363,0.061
1629636,Darius Garland,1610612739,CLE,25.0,6-1,73,192,Vanderbilt,USA,2019,1,5,-3.0,0.014,0.061,0.25,0.567,0.323
1642357,David Jones Garcia,1610612759,SAS,24.0,6-4,76,210,Memphis,Dominican Republic,Undrafted,Undrafted,Undrafted,23.1,0.06,0.143,0.18,0.579,0.316
1630558,Davion Mitchell,1610612748,MIA,27.0,6-0,72,202,Baylor,USA,2021,1,9,5.0,0.013,0.07,0.136,0.557,0.305
1630549,Day'Ron Sharpe,1610612751,BKN,24.0,6-10,82,265,North Carolina,USA,2021,1,29,-3.8,0.129,0.228,0.179,0.645,0.212
1628368,De'Aaron Fox,1610612759,SAS,28.0,6-3,75,185,Kentucky,USA,2017,1,5,5.3,0.02,0.099,0.25,0.584,0.276
1629631,De'Andre Hunter,1610612739,CLE,28.0,6-7,79,221,Virginia,USA,2019,1,4,-0.8,0.024,0.132,0.215,0.553,0.115
1629001,De'Anthony Melton,1610612744,GSW,27.0,6-2,74,200,Southern California,USA,2018,2,46,19.8,0.029,0.099,0.234,0.544,0.13
201599,DeAndre Jordan,1610612740,NOP,37.0,6-11,83,265,Texas A&M,USA,2008,2,35,-62.1,0.129,0.222,0.113,0.765,0.0
201942,DeMar DeRozan,1610612758,SAC,36.0,6-6,78,220,Southern California,USA,2009,1,9,-11.3,0.015,0.083,0.207,0.603,0.177
1629731,Dean Wade,1610612739,CLE,29.0,6-9,81,228,Kansas State,USA,Undrafted,Undrafted,Undrafted,2.5,0.034,0.135,0.097,0.539,0.09
1629028,Deandre Ayton,1610612747,LAL,27.0,7-0,84,252,Arizona,Bahamas,2018,1,1,0.0,0.095,0.215,0.17,0.684,0.043
1630166,Deni Avdija,1610612757,POR,25.0,6-8,80,228,None,Israel,2020,1,9,0.8,0.028,0.167,0.283,0.616,0.31
203471,Dennis Schröder,1610612758,SAC,32.0,6-1,73,175,None,Germany,2013,1,17,-9.0,0.019,0.093,0.219,0.536,0.311
1641726,Dereck Lively II,1610612742,DAL,21.0,7-1,85,230,Duke,USA,2023,1,12,6.3,0.117,0.183,0.113,0.67,0.153
1642852,Derik Queen,1610612740,NOP,21.0,6-9,81,250,Maryland,USA,2025,1,13,-7.6,0.068,0.217,0.22,0.551,0.243
1627884,Derrick Jones Jr.,1610612746,LAC,28.0,6-6,78,210,UNLV,USA,Undrafted,Undrafted,Undrafted,-4.0,0.039,0.072,0.147,0.674,0.068
1628401,Derrick White,1610612738,BOS,31.0,6-4,76,190,Colorado,USA,2017,1,29,10.0,0.028,0.099,0.23,0.526,0.219
1630217,Desmond Bane,1610612753,ORL,27.0,6-6,78,215,TCU,USA,2020,1,30,1.4,0.038,0.093,0.229,0.56,0.2
1626164,Devin Booker,1610612756,PHX,29.0,6-5,77,206,Kentucky,USA,2015,1,13,4.6,0.023,0.091,0.3,0.58,0.294
1642269,Devin Carter,1610612758,SAC,23.0,6-2,74,195,Providence,USA,2024,1,13,-1.7,0.045,0.088,0.191,0.463,0.183
1630170,Devin Vassell,1610612759,SAS,25.0,6-5,77,200,Florida State,USA,2020,1,11,6.8,0.015,0.107,0.184,0.561,0.103
1628415,Dillon Brooks,1610612756,PHX,30.0,6-7,79,225,Oregon,Canada,2017,2,45,-1.1,0.021,0.091,0.272,0.546,0.09
1627734,Domantas Sabonis,1610612758,SAC,29.0,6-10,82,240,Gonzaga,Lithuania,2016,1,11,-12.6,0.094,0.29,0.226,0.585,0.193
1631230,Dominick Barlow,1610612755,PHI,22.0,6-9,81,215,None,USA,Undrafted,Undrafted,Undrafted,1.1,0.087,0.116,0.13,0.618,0.077
1642270,Donovan Clingan,1610612757,POR,21.0,7-2,86,280,Connecticut,USA,2024,1,7,0.5,0.145,0.233,0.145,0.612,0.1
1628378,Donovan Mitchell,1610612739,CLE,29.0,6-2,74,215,Louisville,USA,2017,1,13,6.5,0.023,0.111,0.312,0.617,0.268
1628978,Donte DiVincenzo,1610612750,MIN,28.0,6-4,76,203,Villanova,USA,2018,1,17,8.1,0.031,0.103,0.165,0.576,0.172
1627827,Dorian Finney-Smith,1610612745,HOU,32.0,6-7,79,220,Florida,USA,Undrafted,Undrafted,Undrafted,10.3,0.059,0.099,0.108,0.452,0.047
203926,Doug McDermott,1610612758,SAC,34.0,6-7,79,225,Creighton,USA,2014,1,11,-15.1,0.0,0.071,0.15,0.522,0.045
1642962,Drake Powell,1610612751,BKN,20.0,6-5,77,195,North Carolina,USA,2025,1,22,-11.8,0.01,0.073,0.148,0.572,0.146
203110,Draymond Green,1610612744,GSW,35.0,6-6,78,230,Michigan State,USA,2012,2,35,0.2,0.028,0.181,0.169,0.542,0.265
1629234,Drew Eubanks,1610612758,SAC,28.0,6-10,82,245,Oregon State,USA,Undrafted,Undrafted,Undrafted,-9.5,0.06,0.134,0.156,0.609,0.028
1641809,Drew Peterson,1610612766,CHA,26.0,6-8,80,205,Southern California,USA,Undrafted,Undrafted,Undrafted,-7.6,0.041,0.107,0.108,0.148,0.044
1631166,Drew Timme,1610612747,LAL,25.0,6-9,81,235,Gonzaga,USA,Undrafted,Undrafted,Undrafted,10.0,0.054,0.102,0.155,0.7,0.172
1630696,Dru Smith,1610612748,MIA,28.0,6-2,74,203,Missouri,USA,Undrafted,Undrafted,Undrafted,-2.6,0.04,0.083,0.151,0.532,0.206
1629130,Duncan Robinson,1610612765,DET,31.0,6-7,79,215,Michigan,USA,Undrafted,Undrafted,Undrafted,7.7,0.012,0.079,0.146,0.613,0.082
1641871,Duop Reath,1610612757,POR,29.0,6-9,81,245,Louisiana State,South Sudan,Undrafted,Undrafted,Undrafted,-6.4,0.037,0.095,0.13,0.613,0.059
203939,Dwight Powell,1610612742,DAL,34.0,6-10,82,240,Stanford,Canada,2014,2,45,11.1,0.088,0.159,0.075,0.703,0.079
1642928,Dylan Cardwell,1610612758,SAC,24.0,6-10,82,255,Auburn,USA,Undrafted,Undrafted,Undrafted,6.2,0.146,0.193,0.105,0.572,0.072
1642844,Dylan Harper,1610612759,SAS,19.0,6-5,77,215,Rutgers,USA,2025,1,2,4.9,0.032,0.109,0.225,0.502,0.248
1630700,Dyson Daniels,1610612737,ATL,22.0,6-7,79,199,None,Australia,2022,1,8,0.9,0.064,0.127,0.159,0.52,0.233
1630604,E.J. Liddell,1610612751,BKN,25.0,6-6,78,240,Ohio State,USA,2022,2,41,21.9,0.07,0.15,0.143,0.526,0.0
1642856,Egor Dëmin,1610612751,BKN,19.0,6-8,80,200,Brigham Young,Russia,2025,1,8,-2.8,0.018,0.106,0.185,0.564,0.211
1641989,Elijah Harkless,1610612762,UTA,25.0,6-3,75,195,UNLV,USA,Undrafted,Undrafted,Undrafted,14.9,0.038,0.067,0.116,0.568,0.096
1641801,Emanuel Miller,1610612741,CHI,25.0,6-5,77,215,TCU,Canada,Undrafted,Undrafted,Undrafted,-28.0,0.026,0.083,0.169,0.54,0.211
201569,Eric Gordon,1610612755,PHI,37.0,6-3,75,215,Indiana,USA,2008,1,7,-17.6,0.013,0.014,0.137,0.754,0.063
1630679,Ethan Thompson,1610612754,IND,26.0,6-4,76,195,Oregon State,Puerto Rico,Undrafted,Undrafted,Undrafted,-4.8,0.033,0.081,0.137,0.479,0.126
1630596,Evan Mobley,1610612739,CLE,24.0,6-11,83,215,Southern California,USA,2021,1,3,5.2,0.066,0.181,0.216,0.581,0.181
1630532,Franz Wagner,1610612753,ORL,24.0,6-10,82,220,Michigan,Germany,2021,1,8,1.8,0.046,0.135,0.252,0.593,0.172
1641713,GG Jackson,1610612763,MEM,21.0,6-9,81,210,South Carolina,USA,2023,2,45,-0.9,0.024,0.148,0.187,0.569,0.061
1629216,Gabe Vincent,1610612747,LAL,29.0,6-2,74,200,California-Santa Barbara,USA,Undrafted,Undrafted,Undrafted,-2.1,0.014,0.031,0.112,0.505,0.084
202066,Garrett Temple,1610612761,TOR,39.0,6-5,77,195,Louisiana State,USA,Undrafted,Undrafted,Undrafted,-18.8,0.0,0.121,0.151,0.254,0.211
1629726,Garrison Mathews,1610612754,IND,29.0,6-5,77,215,Lipscomb,USA,Undrafted,Undrafted,Undrafted,-0.7,0.01,0.076,0.134,0.628,0.069
203914,Gary Harris,1610612749,MIL,31.0,6-4,76,210,Michigan State,USA,2014,1,19,-6.0,0.025,0.079,0.073,0.653,0.094
1627780,Gary Payton II,1610612744,GSW,33.0,6-2,74,195,Oregon State,USA,Undrafted,Undrafted,Undrafted,-2.6,0.083,0.155,0.163,0.584,0.175
1629018,Gary Trent Jr.,1610612749,MIL,27.0,6-5,77,204,Duke,USA,2018,2,37,-12.7,0.005,0.046,0.149,0.526,0.091
203507,Giannis Antetokounmpo,1610612749,MIL,31.0,6-11,83,243,None,Greece,2013,1,15,6.1,0.101,0.236,0.349,0.679,0.342
1629048,Goga Bitadze,1610612753,ORL,26.0,6-11,83,250,None,Georgia,2019,1,18,0.9,0.121,0.175,0.115,0.714,0.107
1641711,Gradey Dick,1610612761,TOR,22.0,6-7,79,200,Kansas,USA,2023,1,13,4.1,0.036,0.094,0.163,0.549,0.054
1629684,Grant Williams,1610612766,CHA,27.0,6-7,79,236,Tennessee,USA,2019,1,22,21.6,0.044,0.109,0.128,0.442,0.082
1628960,Grayson Allen,1610612756,PHX,30.0,6-3,75,198,Duke,USA,2018,1,21,0.3,0.02,0.078,0.218,0.578,0.197
1627824,Guerschon Yabusele,1610612752,NYK,30.0,6-7,79,265,None,France,2016,1,16,-0.8,0.058,0.159,0.144,0.503,0.065
1630611,Gui Santos,1610612744,GSW,23.0,6-7,79,185,None,Brazil,2022,2,55,2.7,0.06,0.139,0.138,0.598,0.126
203084,Harrison Barnes,1610612759,SAS,33.0,6-7,79,225,North Carolina,USA,2012,1,7,5.1,0.028,0.073,0.152,0.577,0.101
1631127,Harrison Ingram,1610612759,SAS,23.0,6-5,77,230,North Carolina,USA,2024,2,48,46.5,0.25,0.0,0.088,0.833,0.0
1630529,Herbert Jones,1610612740,NOP,27.0,6-7,79,206,Alabama,USA,2021,2,35,-3.8,0.035,0.094,0.153,0.495,0.112
1642864,Hugo González,1610612738,BOS,19.0,6-6,78,200,None,Spain,2025,1,28,17.1,0.058,0.154,0.113,0.595,0.048
1630621,Hunter Dickinson,1610612740,NOP,25.0,7-1,85,255,Kansas,USA,Undrafted,Undrafted,Undrafted,-120.0,0.0,0.0,0.333,0.5,0.0
1642282,Hunter Sallis,1610612755,PHI,22.0,6-4,76,185,Wake Forest,USA,Undrafted,Undrafted,Undrafted,-22.8,0.0,0.034,0.169,0.595,0.235
1641816,Hunter Tyson,1610612743,DEN,25.0,6-8,80,215,Clemson,USA,2023,2,37,-12.4,0.026,0.164,0.173,0.374,0.176
1630193,Immanuel Quickley,1610612761,TOR,26.0,6-2,74,190,Kentucky,USA,2020,1,25,3.0,0.016,0.11,0.212,0.571,0.271
1642403,Isaac Jones,1610612765,DET,25.0,6-8,80,245,Washington State,USA,Undrafted,Undrafted,Undrafted,-46.5,0.095,0.0,0.119,0.512,0.1
1630171,Isaac Okoro,1610612741,CHI,24.0,6-4,76,225,Auburn,USA,2020,1,5,-4.1,0.046,0.063,0.134,0.578,0.072
1642268,Isaiah Collier,1610612762,UTA,21.0,6-4,76,210,Southern California,USA,2024,1,29,-16.1,0.015,0.084,0.176,0.577,0.4
1642384,Isaiah Crawford,1610612745,HOU,24.0,6-6,78,220,Louisiana Tech,USA,Undrafted,Undrafted,Undrafted,13.9,0.0,0.0,0.1,0.0,0.0
1628392,Isaiah Hartenstein,1610612760,OKC,27.0,7-0,84,250,None,Germany,2017,2,43,13.4,0.126,0.247,0.163,0.656,0.148
1630543,Isaiah Jackson,1610612754,IND,24.0,6-8,80,205,Kentucky,USA,2021,1,22,-7.6,0.124,0.182,0.153,0.618,0.065
1630198,Isaiah Joe,1610612760,OKC,26.0,6-4,76,165,Arkansas,USA,2020,2,49,9.8,0.023,0.095,0.17,0.638,0.089
1630587,Isaiah Livers,1610612756,PHX,27.0,6-6,78,232,Michigan,USA,2021,2,42,15.7,0.053,0.124,0.093,0.515,0.075
1630191,Isaiah Stewart,1610612765,DET,24.0,6-8,80,250,Washington,USA,2020,1,16,3.6,0.072,0.146,0.164,0.62,0.074
1627826,Ivica Zubac,1610612746,LAC,28.0,7-0,84,240,None,Croatia,2016,2,32,-0.8,0.123,0.231,0.189,0.628,0.112
1631120,JD Davison,1610612745,HOU,23.0,6-1,73,195,Alabama,USA,2022,2,53,-13.3,0.014,0.088,0.138,0.454,0.192
1629630,Ja Morant,1610612763,MEM,26.0,6-2,74,174,Murray State,USA,2019,1,2,-4.4,0.013,0.096,0.305,0.521,0.447
1642266,Ja'Kobe Walter,1610612761,TOR,21.0,6-4,76,180,Baylor,USA,2024,1,19,-8.5,0.035,0.08,0.135,0.577,0.07
1631095,Jabari Smith Jr.,1610612745,HOU,22.0,6-11,83,220,Auburn,USA,2022,1,3,6.4,0.044,0.15,0.18,0.544,0.071
1631133,Jabari Walker,1610612755,PHI,23.0,6-7,79,237,Colorado,USA,2022,2,57,0.5,0.09,0.161,0.132,0.515,0.052
1631210,Jacob Toppin,1610612737,ATL,25.0,6-9,81,200,Kentucky,USA,Undrafted,Undrafted,Undrafted,31.3,0.0,0.067,0.14,0.667,0.091
1630702,Jaden Hardy,1610612742,DAL,23.0,6-3,75,198,None,USA,2022,2,37,4.5,0.028,0.077,0.236,0.547,0.091
1631093,Jaden Ivey,1610612765,DET,23.0,6-3,75,195,Purdue,USA,2022,1,5,6.4,0.029,0.089,0.196,0.577,0.141
1630183,Jaden McDaniels,1610612750,MIN,25.0,6-9,81,185,Washington,USA,2020,1,28,6.1,0.036,0.098,0.18,0.615,0.125
1630256,Jae'Sean Tate,1610612745,HOU,30.0,6-4,76,230,Ohio State,USA,Undrafted,Undrafted,Undrafted,-15.2,0.088,0.095,0.132,0.573,0.106
1642942,Jahmai Mashack,1610612763,MEM,23.0,6-4,76,203,Tennessee,USA,2025,2,59,-35.7,0.0,0.238,0.18,0.375,0.167
1642443,Jahmir Young,1610612748,MIA,25.0,6-0,72,185,Maryland,USA,Undrafted,Undrafted,Undrafted,-25.7,0.0,0.074,0.191,0.455,0.2
1643141,Jahmyl Telfort,1610612746,LAC,24.0,6-7,79,,None,Canada,Undrafted,Undrafted,Undrafted,-8.9,0.0,0.088,0.093,0.087,0.05
1631170,Jaime Jaquez Jr.,1610612748,MIA,24.0,6-6,78,225,UCLA,USA,2023,1,18,3.3,0.043,0.118,0.215,0.57,0.233
1631222,Jake LaRavia,1610612747,LAL,24.0,6-7,79,235,Wake Forest,USA,2022,1,19,-3.8,0.058,0.1,0.141,0.576,0.101
1627751,Jakob Poeltl,1610612761,TOR,30.0,7-0,84,253,Utah,Austria,2016,1,9,-0.7,0.107,0.198,0.141,0.691,0.114
1628973,Jalen Brunson,1610612752,NYK,29.0,6-2,74,190,Villanova,USA,2018,2,33,4.6,0.014,0.078,0.307,0.594,0.284
1631105,Jalen Duren,1610612765,DET,22.0,6-10,82,250,Memphis,USA,2022,1,13,9.8,0.133,0.231,0.223,0.66,0.094
1630224,Jalen Green,1610612756,PHX,23.0,6-4,76,186,None,USA,2021,1,2,41.6,0.038,0.089,0.336,0.574,0.2
1630552,Jalen Johnson,1610612737,ATL,24.0,6-8,80,219,Duke,USA,2021,1,20,-0.7,0.041,0.238,0.26,0.601,0.333
1629618,Jalen Pickett,1610612743,DEN,26.0,6-2,74,202,Penn State,USA,2023,2,32,0.3,0.025,0.113,0.15,0.558,0.224
1630188,Jalen Smith,1610612741,CHI,25.0,6-8,80,244,Maryland,USA,2020,1,10,5.3,0.092,0.233,0.188,0.587,0.092
1630591,Jalen Suggs,1610612753,ORL,24.0,6-5,77,205,Gonzaga,USA,2021,1,5,10.1,0.028,0.109,0.238,0.601,0.256
1631114,Jalen Williams,1610612760,OKC,24.0,6-5,77,211,Santa Clara,USA,2022,1,12,8.7,0.022,0.126,0.247,0.542,0.275
1630592,Jalen Wilson,1610612751,BKN,25.0,6-6,78,220,Kansas,USA,2023,2,51,-13.1,0.009,0.087,0.163,0.532,0.066
1631288,Jamal Cain,1610612753,ORL,26.0,6-7,79,191,Oakland,USA,Undrafted,Undrafted,Undrafted,-1.3,0.049,0.051,0.164,0.534,0.057
1627750,Jamal Murray,1610612743,DEN,28.0,6-4,76,215,Kentucky,Canada,2016,1,7,6.5,0.013,0.108,0.276,0.621,0.312
1642347,Jamal Shead,1610612761,TOR,23.0,6-1,73,200,Houston,USA,2024,2,45,5.3,0.016,0.068,0.157,0.497,0.319
1631123,Jamaree Bouyea,1610612756,PHX,26.0,6-2,74,180,San Francisco,USA,Undrafted,Undrafted,Undrafted,4.8,0.035,0.107,0.177,0.647,0.17
201935,James Harden,1610612746,LAC,36.0,6-5,77,220,Arizona State,USA,2009,1,3,0.3,0.018,0.118,0.303,0.596,0.357
1630164,James Wiseman,1610612754,IND,24.0,6-11,83,240,Memphis,USA,2020,1,2,-9.5,0.074,0.049,0.114,0.597,0.075
1642364,Jamir Watkins,1610612764,WAS,24.0,6-6,78,210,Florida State,USA,2025,2,43,-4.6,0.045,0.156,0.097,0.581,0.065
1642419,Jamison Battle,1610612761,TOR,24.0,6-7,79,220,Ohio State,USA,Undrafted,Undrafted,Undrafted,13.4,0.035,0.125,0.138,0.686,0.063
1641716,Jarace Walker,1610612754,IND,22.0,6-7,79,235,Houston,USA,2023,1,8,-11.6,0.016,0.157,0.187,0.514,0.122
1642272,Jared McCain,1610612755,PHI,21.0,6-3,75,195,Duke,USA,2024,1,16,2.8,0.007,0.109,0.179,0.461,0.129
1628991,Jaren Jackson Jr.,1610612763,MEM,26.0,6-10,82,242,Michigan State,USA,2018,1,4,-3.7,0.027,0.14,0.246,0.576,0.1
1629020,Jarred Vanderbilt,1610612747,LAL,26.0,6-8,80,214,Kentucky,USA,2018,2,41,-1.1,0.082,0.182,0.113,0.573,0.09
1628386,Jarrett Allen,1610612739,CLE,27.0,6-9,81,243,Texas,USA,2017,1,22,3.9,0.081,0.195,0.182,0.639,0.097
1642859,Jase Richardson,1610612753,ORL,20.0,6-1,73,180,Michigan State,USA,2025,1,25,1.9,0.04,0.079,0.179,0.601,0.158
1642914,Javon Small,1610612763,MEM,23.0,6-1,73,190,West Virginia,USA,2025,2,48,-4.6,0.025,0.071,0.178,0.512,0.358
1631451,Javonte Cooke,1610612757,POR,26.0,6-6,78,185,Winston-Salem,USA,Undrafted,Undrafted,Undrafted,-17.1,0.025,0.136,0.189,0.327,0.171
1629750,Javonte Green,1610612765,DET,32.0,6-5,77,205,Radford,USA,Undrafted,Undrafted,Undrafted,5.8,0.036,0.098,0.141,0.582,0.054
1629637,Jaxson Hayes,1610612747,LAL,25.0,7-0,84,220,Texas,USA,2019,1,8,-4.4,0.081,0.145,0.111,0.761,0.068
1630643,Jay Huff,1610612754,IND,28.0,7-1,85,240,Virginia,USA,Undrafted,Undrafted,Undrafted,-8.4,0.045,0.128,0.169,0.595,0.102
1627759,Jaylen Brown,1610612738,BOS,29.0,6-6,78,223,California,USA,2016,1,3,6.1,0.037,0.148,0.361,0.577,0.241
1641740,Jaylen Clark,1610612750,MIN,24.0,6-5,77,205,UCLA,USA,2023,2,53,4.2,0.06,0.07,0.12,0.526,0.057
1642377,Jaylen Wells,1610612763,MEM,22.0,6-7,79,,Washington State,USA,2024,2,39,-3.2,0.032,0.089,0.183,0.53,0.088
1631119,Jaylin Williams,1610612760,OKC,23.0,6-9,81,240,Arkansas,USA,2022,2,34,20.0,0.029,0.198,0.15,0.521,0.177
1642281,Jaylon Tyson,1610612739,CLE,23.0,6-6,78,215,California,USA,2024,1,20,3.0,0.07,0.118,0.18,0.627,0.109
201145,Jeff Green,1610612745,HOU,39.0,6-8,80,235,Georgetown,USA,2007,1,5,-39.7,0.015,0.111,0.166,0.64,0.054
203924,Jerami Grant,1610612757,POR,31.0,6-7,79,213,Syracuse,USA,2014,2,39,-2.7,0.032,0.09,0.239,0.598,0.133
1642847,Jeremiah Fears,1610612740,NOP,19.0,6-3,75,190,Oklahoma,USA,2025,1,7,-11.0,0.026,0.116,0.239,0.52,0.174
1630526,Jeremiah Robinson-Earl,1610612742,DAL,25.0,6-9,81,240,Villanova,USA,2021,2,32,-9.7,0.089,0.181,0.13,0.468,0.058
1631110,Jeremy Sochan,1610612759,SAS,22.0,6-8,80,230,Baylor,Poland,2022,1,9,-10.0,0.07,0.134,0.142,0.543,0.118
1630579,Jericho Sims,1610612749,MIL,27.0,6-10,82,250,Texas,USA,2021,2,58,-18.6,0.09,0.174,0.083,0.822,0.066
1641724,Jett Howard,1610612753,ORL,22.0,6-8,80,215,Michigan,USA,2023,1,11,0.6,0.028,0.1,0.176,0.516,0.108
1628975,Jevon Carter,1610612741,CHI,30.0,6-0,72,190,West Virginia,USA,2018,2,32,-15.4,0.018,0.068,0.188,0.58,0.115
202710,Jimmy Butler III,1610612744,GSW,36.0,6-6,78,230,Marquette,USA,2011,1,30,7.3,0.073,0.101,0.226,0.646,0.24
1642866,Joan Beringer,1610612750,MIN,19.0,6-11,83,230,None,France,2025,1,17,14.0,0.135,0.152,0.133,0.717,0.047
1629111,Jock Landale,1610612763,MEM,30.0,6-11,83,255,St. Mary's,Australia,Undrafted,Undrafted,Undrafted,-3.1,0.121,0.147,0.183,0.608,0.11
204060,Joe Ingles,1610612750,MIN,38.0,6-8,80,220,None,Australia,Undrafted,Undrafted,Undrafted,-9.7,0.0,0.086,0.074,0.595,0.208
203954,Joel Embiid,1610612755,PHI,31.0,7-0,84,280,Kansas,Cameroon,2014,1,3,6.6,0.068,0.163,0.331,0.59,0.196
1628381,John Collins,1610612746,LAC,28.0,6-9,81,226,Wake Forest,USA,2017,1,19,1.5,0.051,0.124,0.178,0.658,0.046
1629723,John Konchar,1610612763,MEM,29.0,6-5,77,210,Indiana-Purdue Fort Wayne,USA,Undrafted,Undrafted,Undrafted,1.2,0.036,0.154,0.084,0.585,0.127
1641780,Johni Broome,1610612755,PHI,23.0,6-10,82,235,Auburn,USA,2025,2,35,-25.6,0.122,0.189,0.24,0.23,0.16
1642277,Johnny Furphy,1610612754,IND,21.0,6-8,80,200,Kansas,Australia,2024,2,35,-6.6,0.053,0.187,0.127,0.576,0.064
1630548,Johnny Juzang,1610612750,MIN,24.0,6-7,79,226,UCLA,USA,Undrafted,Undrafted,Undrafted,0.5,0.076,0.129,0.206,0.533,0.118
202685,Jonas Valančiūnas,1610612743,DEN,33.0,6-11,83,265,None,Lithuania,2011,1,5,-4.1,0.108,0.239,0.26,0.628,0.158
1628371,Jonathan Isaac,1610612753,ORL,28.0,6-10,82,230,Florida State,USA,2017,1,6,-0.1,0.069,0.176,0.124,0.521,0.046
1630228,Jonathan Kuminga,1610612744,GSW,23.0,6-7,79,225,None,DRC,2021,1,7,-2.1,0.06,0.184,0.239,0.543,0.162
1642367,Jonathan Mogbo,1610612761,TOR,24.0,6-9,81,225,San Francisco,USA,2024,2,31,-4.2,0.082,0.174,0.099,0.514,0.114
203903,Jordan Clarkson,1610612752,NYK,33.0,6-5,77,194,Missouri,USA,2014,2,46,1.2,0.038,0.052,0.209,0.531,0.1
1630692,Jordan Goodwin,1610612756,PHX,27.0,6-3,75,215,St. Louis,USA,Undrafted,Undrafted,Undrafted,6.3,0.079,0.132,0.181,0.508,0.151
1641722,Jordan Hawkins,1610612740,NOP,23.0,6-5,77,190,Connecticut,USA,2023,1,14,-10.0,0.027,0.089,0.164,0.424,0.074
1629162,Jordan McLaughlin,1610612759,SAS,29.0,5-11,71,185,Southern California,USA,Undrafted,Undrafted,Undrafted,-10.5,0.032,0.088,0.154,0.551,0.183
1641757,Jordan Miller,1610612746,LAC,26.0,6-5,77,194,Miami,USA,2023,2,48,0.1,0.049,0.112,0.182,0.646,0.143
1629673,Jordan Poole,1610612740,NOP,26.0,6-4,76,194,Michigan,USA,2019,1,28,-8.3,0.007,0.06,0.24,0.533,0.181
1641775,Jordan Walsh,1610612738,BOS,21.0,6-6,78,205,Arkansas,USA,2023,2,38,5.7,0.07,0.157,0.108,0.672,0.06
1630631,Jose Alvarado,1610612740,NOP,27.0,6-0,72,179,Georgia Tech,USA,Undrafted,Undrafted,Undrafted,-2.7,0.016,0.1,0.155,0.558,0.207
1630581,Josh Giddey,1610612741,CHI,23.0,6-7,79,214,None,Australia,2021,1,6,-1.3,0.034,0.213,0.252,0.58,0.397
1630182,Josh Green,1610612766,CHA,25.0,6-6,78,200,Arizona,Australia,2020,1,18,13.4,0.059,0.066,0.107,0.614,0.077
1628404,Josh Hart,1610612752,NYK,30.0,6-5,77,215,Villanova,USA,2017,1,30,4.2,0.05,0.201,0.163,0.609,0.221
1631169,Josh Minott,1610612738,BOS,23.0,6-8,80,205,Memphis,USA,2022,2,45,4.7,0.072,0.139,0.133,0.646,0.085
1629006,Josh Okogie,1610612745,HOU,27.0,6-4,76,213,Georgia Tech,Nigeria,2018,1,20,6.0,0.056,0.079,0.118,0.569,0.058
201950,Jrue Holiday,1610612757,POR,35.0,6-4,76,220,UCLA,USA,2009,1,17,3.3,0.037,0.121,0.218,0.565,0.353
1630577,Julian Champagnie,1610612759,SAS,24.0,6-7,79,217,St. John's,USA,Undrafted,Undrafted,Undrafted,9.4,0.033,0.172,0.15,0.605,0.068
1641763,Julian Phillips,1610612741,CHI,22.0,6-6,78,201,Tennessee,USA,2023,2,35,-0.6,0.065,0.06,0.117,0.535,0.033
1631124,Julian Strawther,1610612743,DEN,23.0,6-6,78,205,Gonzaga,USA,2023,1,29,-4.5,0.008,0.122,0.197,0.504,0.123
203944,Julius Randle,1610612750,MIN,31.0,6-9,81,250,Kentucky,USA,2014,1,7,4.9,0.05,0.151,0.259,0.603,0.239
1630551,Justin Champagnie,1610612764,WAS,24.0,6-6,78,206,Pittsburgh,USA,Undrafted,Undrafted,Undrafted,-11.1,0.103,0.189,0.144,0.593,0.083
1642348,Justin Edwards,1610612755,PHI,22.0,6-7,79,203,Kentucky,USA,Undrafted,Undrafted,Undrafted,-12.2,0.029,0.075,0.148,0.518,0.117
203994,Jusuf Nurkić,1610612762,UTA,31.0,6-11,83,290,None,Bosnia and Herzegovina,2014,1,16,-6.3,0.091,0.275,0.187,0.549,0.26
1642354,KJ Simpson,1610612766,CHA,23.0,6-2,74,189,Colorado,USA,2024,2,42,-6.9,0.022,0.118,0.222,0.437,0.24
1642880,Kam Jones,1610612754,IND,23.0,6-4,76,200,Marquette,USA,2025,2,38,7.3,0.033,0.065,0.152,0.364,0.167
1626157,Karl-Anthony Towns,1610612752,NYK,30.0,7-0,84,248,Kentucky,USA,2015,1,1,4.9,0.09,0.269,0.254,0.601,0.133
1631255,Karlo Matković,1610612740,NOP,24.0,6-10,82,231,None,Bosnia and Herzegovina,2022,2,52,-8.3,0.06,0.173,0.131,0.688,0.081
1642857,Kasparas Jakučionis,1610612748,MIA,19.0,6-5,77,200,Illinois-Urbana-Champaign,Lithuania,2025,1,20,-5.2,0.041,0.095,0.126,0.5,0.154
202695,Kawhi Leonard,1610612746,LAC,34.0,6-6,78,225,San Diego State,USA,2011,1,15,3.6,0.029,0.157,0.316,0.632,0.182
1630811,Keaton Wallace,1610612737,ATL,26.0,6-3,75,185,Texas-San Antonio,USA,Undrafted,Undrafted,Undrafted,-5.9,0.007,0.097,0.153,0.548,0.267
1631099,Keegan Murray,1610612758,SAC,25.0,6-8,80,225,Iowa,USA,2022,1,4,-9.8,0.041,0.123,0.183,0.502,0.063
1642276,Kel'el Ware,1610612748,MIA,21.0,7-0,84,230,Indiana,USA,2024,1,15,-4.1,0.12,0.248,0.167,0.632,0.033
1629640,Keldon Johnson,1610612759,SAS,26.0,6-6,78,220,Kentucky,USA,2019,1,29,4.6,0.074,0.159,0.189,0.655,0.085
203482,Kelly Olynyk,1610612759,SAS,34.0,7-0,84,240,Gonzaga,Canada,2013,1,13,-0.8,0.061,0.126,0.155,0.569,0.187
1626162,Kelly Oubre Jr.,1610612755,PHI,30.0,6-8,80,203,Kansas,USA,2015,1,15,2.6,0.029,0.098,0.174,0.601,0.063
1629026,Kenrich Williams,1610612760,OKC,31.0,6-7,79,210,TCU,USA,Undrafted,Undrafted,Undrafted,10.4,0.059,0.153,0.16,0.605,0.139
203484,Kentavious Caldwell-Pope,1610612763,MEM,32.0,6-5,77,204,Georgia,USA,2013,1,8,-3.4,0.016,0.097,0.17,0.535,0.195
1631165,Keon Ellis,1610612758,SAC,26.0,6-4,76,175,Alabama,USA,Undrafted,Undrafted,Undrafted,-14.0,0.019,0.059,0.133,0.52,0.048
1642352,Keshad Johnson,1610612748,MIA,24.0,6-6,78,225,Arizona,USA,Undrafted,Undrafted,Undrafted,5.4,0.07,0.136,0.159,0.458,0.009
201142,Kevin Durant,1610612745,HOU,37.0,6-11,83,240,Texas,USA,2007,1,2,7.6,0.012,0.132,0.259,0.636,0.191
1628989,Kevin Huerter,1610612741,CHI,27.0,6-6,78,190,Maryland,USA,2018,1,19,-0.8,0.02,0.121,0.191,0.564,0.149
201567,Kevin Love,1610612762,UTA,37.0,6-10,82,251,UCLA,USA,2008,1,5,-10.9,0.095,0.235,0.167,0.562,0.141
1641755,Kevin McCullar Jr.,1610612752,NYK,24.0,6-6,78,210,Kansas,USA,2024,2,56,-19.1,0.087,0.119,0.158,0.556,0.268
1629645,Kevin Porter Jr.,1610612749,MIL,25.0,6-5,77,203,Southern California,USA,2019,1,30,-3.0,0.022,0.12,0.232,0.563,0.329
1626172,Kevon Looney,1610612740,NOP,29.0,6-9,81,222,UCLA,USA,2015,1,30,-13.6,0.139,0.186,0.1,0.455,0.153
1641718,Keyonte George,1610612762,UTA,22.0,6-4,76,185,Baylor,USA,2023,1,16,-7.9,0.013,0.099,0.272,0.616,0.294
1642863,Khaman Maluach,1610612756,PHX,19.0,7-1,85,250,Duke,South Sudan,2025,1,10,-13.6,0.057,0.171,0.156,0.489,0.052
203114,Khris Middleton,1610612764,WAS,34.0,6-7,79,222,Texas A&M,USA,2012,2,39,-8.3,0.036,0.117,0.181,0.518,0.177
202691,Klay Thompson,1610612742,DAL,35.0,6-5,77,220,Washington State,USA,2011,1,11,-4.5,0.011,0.086,0.209,0.536,0.1
1641738,Kobe Brown,1610612746,LAC,26.0,6-7,79,250,Missouri,USA,2023,1,30,-15.8,0.066,0.119,0.155,0.49,0.157
1641723,Kobe Bufkin,1610612747,LAL,22.0,6-4,76,195,Michigan,USA,2023,1,15,-10.7,0.022,0.087,0.124,0.505,0.063
1642920,Kobe Sanders,1610612746,LAC,23.0,6-8,80,207,Nevada,USA,2025,2,50,-0.8,0.022,0.088,0.149,0.57,0.106
1642886,Koby Brea,1610612756,PHX,23.0,6-5,77,215,Kentucky,USA,2025,2,41,-55.6,0.0,0.1,0.182,0.515,0.4
1642851,Kon Knueppel,1610612766,CHA,20.0,6-6,78,215,Duke,USA,2025,1,4,0.2,0.036,0.13,0.217,0.637,0.163
1627739,Kris Dunn,1610612746,LAC,31.0,6-3,75,205,Providence,USA,2016,1,5,-2.0,0.031,0.079,0.127,0.6,0.162
1631200,Kris Murray,1610612757,POR,25.0,6-8,80,218,Iowa,USA,2023,1,23,-3.7,0.061,0.084,0.1,0.535,0.065
204001,Kristaps Porziņģis,1610612737,ATL,30.0,7-2,86,240,None,Latvia,2015,1,4,5.8,0.049,0.149,0.259,0.592,0.162
203937,Kyle Anderson,1610612762,UTA,32.0,6-8,80,230,UCLA,USA,2014,1,30,-9.8,0.048,0.123,0.16,0.553,0.204
1642271,Kyle Filipowski,1610612762,UTA,22.0,6-11,83,250,Duke,USA,2024,2,32,-6.8,0.067,0.197,0.175,0.549,0.127
1628398,Kyle Kuzma,1610612749,MIL,30.0,6-8,80,221,Utah,USA,2017,1,27,-6.8,0.034,0.136,0.203,0.574,0.126
200768,Kyle Lowry,1610612755,PHI,39.0,6-0,72,196,Villanova,USA,2006,1,24,2.7,0.0,0.06,0.088,0.375,0.206
1642273,Kyshawn George,1610612764,WAS,22.0,6-8,80,200,Miami,Switzerland,2024,1,24,-10.6,0.03,0.145,0.217,0.571,0.237
1643018,LJ Cryer,1610612744,GSW,24.0,6-0,72,,Houston,USA,Undrafted,Undrafted,Undrafted,21.1,0.0,0.0,0.3,0.5,0.0
1630163,LaMelo Ball,1610612766,CHA,24.0,6-7,79,180,None,USA,2020,1,3,3.8,0.031,0.144,0.308,0.539,0.42
1642950,Lachlan Olbrich,1610612741,CHI,22.0,6-8,80,236,None,Australia,2025,2,55,-17.7,0.082,0.192,0.08,0.202,0.188
1629013,Landry Shamet,1610612752,NYK,28.0,6-5,77,190,Wichita State,USA,2018,1,26,2.4,0.016,0.065,0.145,0.656,0.076
1626204,Larry Nance Jr.,1610612739,CLE,33.0,6-6,78,245,Wyoming,USA,2015,1,27,-2.9,0.053,0.127,0.128,0.445,0.108
1628374,Lauri Markkanen,1610612762,UTA,28.0,7-1,85,240,Arizona,Finland,2017,1,7,-0.9,0.052,0.135,0.266,0.616,0.097
2544,LeBron James,1610612747,LAL,41.0,6-9,81,250,None,USA,2003,1,1,-1.4,0.022,0.156,0.274,0.595,0.327
1631159,Leonard Miller,1610612750,MIN,22.0,6-10,82,220,None,Canada,2023,2,33,-3.6,0.069,0.183,0.193,0.597,0.077
1642862,Liam McNeeley,1610612766,CHA,20.0,6-7,79,210,Connecticut,USA,2025,1,29,3.8,0.031,0.146,0.14,0.577,0.097
1630322,Lindy Waters III,1610612759,SAS,28.0,6-5,77,210,Oklahoma State,USA,Undrafted,Undrafted,Undrafted,-1.7,0.01,0.097,0.124,0.496,0.076
1628366,Lonzo Ball,1610612739,CLE,28.0,6-5,77,190,UCLA,USA,2017,1,2,1.9,0.035,0.138,0.134,0.436,0.247
1629652,Luguentz Dort,1610612760,OKC,26.0,6-4,76,220,Arizona State,Canada,Undrafted,Undrafted,Undrafted,11.1,0.03,0.096,0.134,0.535,0.051
1629029,Luka Dončić,1610612747,LAL,26.0,6-8,80,230,None,Slovenia,2018,1,3,0.4,0.026,0.189,0.367,0.605,0.395
1630568,Luka Garza,1610612738,BOS,27.0,6-10,82,243,Iowa,USA,2021,2,52,7.4,0.132,0.108,0.148,0.699,0.081
1628379,Luke Kennard,1610612737,ATL,29.0,6-5,77,206,Duke,USA,2017,1,12,-1.6,0.02,0.077,0.126,0.702,0.149
1628436,Luke Kornet,1610612759,SAS,30.0,7-1,85,250,Vanderbilt,USA,Undrafted,Undrafted,Undrafted,2.8,0.112,0.139,0.104,0.71,0.109
1631247,Luke Travers,1610612739,CLE,24.0,6-6,78,207,None,Australia,2022,2,56,-13.2,0.069,0.133,0.161,0.35,0.123
1630644,Mac McClung,1610612754,IND,27.0,6-2,74,185,Texas Tech,USA,Undrafted,Undrafted,Undrafted,-15.8,0.0,0.138,0.216,0.481,0.048
1631103,Malaki Branham,1610612764,WAS,22.0,6-4,76,180,Ohio State,USA,2022,1,20,-10.1,0.038,0.121,0.173,0.578,0.151
1642502,Malevy Leons,1610612744,GSW,26.0,6-9,81,210,Bradley,Netherlands,Undrafted,Undrafted,Undrafted,21.1,0.2,0.667,0.2,0.0,0.0
1628370,Malik Monk,1610612758,SAC,27.0,6-3,75,200,Kentucky,USA,2017,1,11,-4.7,0.012,0.073,0.224,0.575,0.172
1631204,Marcus Sasser,1610612765,DET,25.0,6-1,73,195,Houston,USA,2023,1,25,8.2,0.008,0.098,0.215,0.616,0.28
203935,Marcus Smart,1610612747,LAL,31.0,6-3,75,220,Oklahoma State,USA,2014,1,6,3.9,0.024,0.084,0.159,0.56,0.129
1641813,Mark Sears,1610612749,MIL,23.0,6-0,72,185,Alabama,USA,Undrafted,Undrafted,Undrafted,21.4,0.053,0.045,0.344,0.666,0.125
1631109,Mark Williams,1610612756,PHX,24.0,7-1,85,240,Duke,USA,2022,1,15,1.5,0.129,0.202,0.166,0.694,0.065
1628963,Marvin Bagley III,1610612764,WAS,26.0,6-10,82,235,Duke,USA,2018,1,2,-6.5,0.123,0.148,0.181,0.66,0.113
203486,Mason Plumlee,1610612766,CHA,35.0,7-0,84,254,Duke,USA,2013,1,22,3.5,0.083,0.254,0.084,0.752,0.158
1641824,Matas Buzelis,1610612741,CHI,21.0,6-8,80,196,None,USA,2024,1,11,-1.3,0.038,0.133,0.209,0.594,0.095
1629680,Matisse Thybulle,1610612757,POR,28.0,6-5,77,202,Washington,USA,2019,1,20,21.0,0.0,0.089,0.102,0.85,0.091
1631108,Max Christie,1610612742,DAL,22.0,6-5,77,190,Michigan State,USA,2022,2,35,-2.0,0.008,0.101,0.157,0.655,0.105
1628467,Maxi Kleber,1610612747,LAL,33.0,6-10,82,240,None,Germany,Undrafted,Undrafted,Undrafted,4.5,0.063,0.108,0.099,0.444,0.081
1642875,Maxime Raynaud,1610612758,SAC,22.0,7-1,85,250,Stanford,France,2025,2,42,-12.0,0.074,0.201,0.171,0.579,0.071
1642877,Micah Peavy,1610612740,NOP,24.0,6-7,79,215,Georgetown,USA,2025,2,40,-4.1,0.055,0.077,0.141,0.46,0.098
1630695,Micah Potter,1610612754,IND,27.0,6-9,81,248,Wisconsin,USA,Undrafted,Undrafted,Undrafted,-2.7,0.048,0.174,0.143,0.647,0.106
1629008,Michael Porter Jr.,1610612751,BKN,27.0,6-10,82,218,Missouri,USA,2018,1,14,-1.8,0.039,0.188,0.291,0.617,0.168
1628969,Mikal Bridges,1610612752,NYK,29.0,6-6,78,209,Villanova,USA,2018,1,10,5.1,0.032,0.093,0.167,0.604,0.169
201144,Mike Conley,1610612750,MIN,38.0,6-1,73,175,Ohio State,USA,2007,1,4,0.1,0.017,0.075,0.116,0.518,0.203
1628970,Miles Bridges,1610612766,CHA,27.0,6-7,79,225,Michigan State,USA,2018,1,12,-2.1,0.03,0.156,0.231,0.563,0.164
1642939,Miles Kelly,1610612742,DAL,22.0,6-4,76,190,Auburn,USA,Undrafted,Undrafted,Undrafted,-5.8,0.042,0.099,0.15,0.518,0.098
1630540,Miles McBride,1610612752,NYK,25.0,6-2,74,195,West Virginia,USA,2021,2,36,10.0,0.022,0.07,0.17,0.606,0.134
1629011,Mitchell Robinson,1610612752,NYK,27.0,7-0,84,240,Western Kentucky,USA,2018,2,36,6.2,0.224,0.21,0.093,0.629,0.069
1628964,Mo Bamba,1610612761,TOR,27.0,7-0,84,231,Texas,USA,2018,1,6,-83.3,0.1,0.1,0.118,0.0,0.0
1642885,Mohamed Diawara,1610612752,NYK,20.0,6-9,81,225,None,France,2025,2,51,-8.4,0.047,0.147,0.171,0.51,0.127
1628420,Monte Morris,1610612754,IND,30.0,6-2,74,183,Iowa State,USA,2017,2,51,-20.9,0.012,0.08,0.141,0.414,0.29
1629021,Moritz Wagner,1610612753,ORL,28.0,6-11,83,245,Michigan,Germany,2018,1,25,-18.4,0.0,0.226,0.218,0.738,0.12
1630541,Moses Moody,1610612744,GSW,23.0,6-5,77,211,Arkansas,USA,2021,1,14,4.3,0.032,0.086,0.165,0.587,0.088
1631243,Mouhamed Gueye,1610612737,ATL,23.0,6-11,83,210,Washington State,Senegal,2023,2,39,0.1,0.068,0.142,0.132,0.512,0.082
1630619,Moussa Cisse,1610612742,DAL,23.0,6-11,83,220,Memphis,Guinea,Undrafted,Undrafted,Undrafted,-3.2,0.148,0.202,0.136,0.608,0.027
1631217,Moussa Diabaté,1610612766,CHA,24.0,6-10,82,210,Michigan,France,2022,2,43,4.9,0.142,0.192,0.118,0.654,0.08
1626167,Myles Turner,1610612749,MIL,29.0,6-11,83,250,Texas,USA,2015,1,11,-1.1,0.042,0.142,0.178,0.578,0.08
1642066,Myron Gardner,1610612748,MIA,24.0,6-5,77,220,Arkansas-Little Rock,USA,Undrafted,Undrafted,Undrafted,4.2,0.072,0.155,0.151,0.621,0.128
1642368,N'Faly Dante,1610612737,ATL,24.0,6-11,83,230,Oregon,Mali,Undrafted,Undrafted,Undrafted,22.4,0.167,0.25,0.119,0.338,0.0
1641772,Nae'Qwan Tomlin,1610612739,CLE,25.0,6-8,80,210,Memphis,USA,Undrafted,Undrafted,Undrafted,2.5,0.082,0.102,0.152,0.54,0.068
1630230,Naji Marshall,1610612742,DAL,28.0,6-6,78,220,Xavier,USA,Undrafted,Undrafted,Undrafted,-1.4,0.027,0.122,0.179,0.639,0.15
1629675,Naz Reid,1610612750,MIN,26.0,6-9,81,264,Louisiana State,USA,Undrafted,Undrafted,Undrafted,3.1,0.041,0.189,0.213,0.598,0.139
1629674,Neemias Queta,1610612738,BOS,26.0,7-0,84,248,Utah State,Portugal,2021,2,39,10.3,0.117,0.195,0.147,0.67,0.075
1629651,Nic Claxton,1610612751,BKN,26.0,6-11,83,215,Georgia,USA,2019,2,31,-8.3,0.084,0.167,0.172,0.61,0.215
1630208,Nick Richards,1610612756,PHX,28.0,6-11,83,245,Kentucky,Jamaica,2020,2,42,-10.5,0.124,0.23,0.171,0.534,0.047
1641733,Nick Smith Jr.,1610612747,LAL,21.0,6-2,74,185,Arkansas,USA,2023,1,27,-3.7,0.007,0.057,0.203,0.543,0.136
1629638,Nickeil Alexander-Walker,1610612737,ATL,27.0,6-5,77,205,Virginia Tech,Canada,2019,1,17,-1.9,0.017,0.084,0.237,0.584,0.152
201587,Nicolas Batum,1610612746,LAC,37.0,6-7,79,230,None,France,2008,1,25,-2.5,0.02,0.105,0.096,0.59,0.056
1628502,Nigel Hayes-Davis,1610612756,PHX,31.0,6-7,79,254,Wisconsin,USA,Undrafted,Undrafted,Undrafted,-20.7,0.056,0.107,0.115,0.376,0.059
203999,Nikola Jokić,1610612743,DEN,30.0,6-11,83,284,None,Serbia,2014,2,41,12.3,0.095,0.253,0.292,0.713,0.474
1631107,Nikola Jović,1610612748,MIA,22.0,6-10,82,205,None,Serbia,2022,1,27,-0.4,0.026,0.145,0.203,0.49,0.192
202696,Nikola Vučević,1610612741,CHI,35.0,6-9,81,265,Southern California,Montenegro,2011,1,16,-2.9,0.071,0.21,0.215,0.583,0.18
1642363,Nique Clifford,1610612758,SAC,23.0,6-5,77,175,Colorado State,USA,2025,1,24,-4.0,0.035,0.113,0.145,0.487,0.094
1642855,Noa Essengue,1610612741,CHI,19.0,6-8,80,194,None,France,2025,1,12,-111.4,0.0,0.0,0.188,0.0,0.0
1641730,Noah Clowney,1610612751,BKN,21.0,6-10,82,210,Alabama,USA,2023,1,21,-3.9,0.035,0.115,0.207,0.548,0.1
1642869,Noah Penda,1610612753,ORL,21.0,6-7,79,215,None,France,2025,2,32,0.2,0.101,0.178,0.153,0.563,0.12
1642849,Nolan Traore,1610612751,BKN,19.0,6-3,75,185,None,France,2025,1,19,-9.8,0.007,0.06,0.175,0.461,0.219
1626181,Norman Powell,1610612748,MIA,32.0,6-3,75,215,UCLA,USA,2015,2,46,2.4,0.01,0.099,0.261,0.626,0.125
1628384,OG Anunoby,1610612752,NYK,28.0,6-7,79,240,Indiana,United Kingdom,2017,1,23,5.8,0.042,0.121,0.195,0.578,0.094
1630167,Obi Toppin,1610612754,IND,27.0,6-9,81,220,Dayton,USA,2020,1,8,-6.5,0.032,0.181,0.232,0.526,0.093
1630534,Ochai Agbaji,1610612761,TOR,25.0,6-5,77,215,Kansas,USA,2022,1,14,2.7,0.047,0.09,0.13,0.495,0.063
1641765,Olivier-Maxence Prosper,1610612763,MEM,23.0,6-7,79,230,Marquette,Canada,2023,1,24,-11.4,0.047,0.133,0.153,0.622,0.1
1630168,Onyeka Okongwu,1610612737,ATL,25.0,6-10,82,240,Southern California,USA,2020,1,6,-4.7,0.056,0.181,0.199,0.592,0.153
1631115,Orlando Robinson,1610612753,ORL,25.0,6-10,82,235,Fresno State,USA,Undrafted,Undrafted,Undrafted,-22.4,0.069,0.125,0.081,0.7,0.158
1631131,Oscar Tshiebwe,1610612762,UTA,26.0,6-8,80,255,Kentucky,DRC,Undrafted,Undrafted,Undrafted,-9.7,0.111,0.235,0.108,0.225,0.077
1642345,Oso Ighodaro,1610612756,PHX,23.0,6-11,83,235,Marquette,USA,2024,2,40,8.6,0.066,0.147,0.117,0.61,0.114
1631172,Ousmane Dieng,1610612760,OKC,22.0,6-9,81,185,None,France,2022,1,11,6.7,0.026,0.101,0.151,0.581,0.118
1629023,P.J. Washington,1610612742,DAL,27.0,6-7,79,230,Kentucky,USA,2019,1,12,-6.1,0.043,0.166,0.203,0.539,0.093
1641790,PJ Hall,1610612766,CHA,23.0,6-8,80,245,Clemson,USA,Undrafted,Undrafted,Undrafted,0.4,0.144,0.164,0.168,0.653,0.072
1642359,Pacôme Dadiet,1610612752,NYK,20.0,6-9,81,210,None,France,2024,1,25,-2.5,0.016,0.154,0.075,0.372,0.19
1631094,Paolo Banchero,1610612753,ORL,23.0,6-10,82,250,Duke,USA,2022,1,1,-2.7,0.031,0.223,0.27,0.553,0.23
1627783,Pascal Siakam,1610612754,IND,31.0,6-8,80,245,New Mexico State,Cameroon,2016,1,27,-4.8,0.044,0.152,0.283,0.563,0.199
1626192,Pat Connaughton,1610612766,CHA,33.0,6-5,77,209,Notre Dame,USA,2015,2,41,1.9,0.032,0.147,0.151,0.621,0.146
1630311,Pat Spencer,1610612744,GSW,29.0,6-2,74,205,Northwestern,USA,Undrafted,Undrafted,Undrafted,0.7,0.043,0.097,0.19,0.498,0.312
1631116,Patrick Baldwin Jr.,1610612746,LAC,23.0,7-0,84,220,Wisconsin-Milwaukee,USA,2022,1,28,9.1,0.0,0.0,0.2,0.532,0.0
1630172,Patrick Williams,1610612741,CHI,24.0,6-6,78,235,Florida State,USA,2020,1,4,-9.8,0.031,0.123,0.159,0.506,0.089
202331,Paul George,1610612755,PHI,35.0,6-8,80,220,Fresno State,USA,2010,1,10,5.4,0.017,0.151,0.218,0.553,0.18
1630194,Paul Reed,1610612765,DET,26.0,6-9,81,210,DePaul,USA,2020,2,58,7.0,0.152,0.201,0.183,0.621,0.144
1630202,Payton Pritchard,1610612738,BOS,27.0,6-1,73,195,Oregon,USA,2020,1,26,5.7,0.029,0.1,0.205,0.567,0.229
1641796,Pelle Larsson,1610612748,MIA,24.0,6-5,77,215,Arizona,Sweden,2024,2,44,0.5,0.03,0.085,0.156,0.575,0.179
1631250,Pete Nance,1610612749,MIL,25.0,6-9,81,225,Northwestern,USA,Undrafted,Undrafted,Undrafted,19.2,0.052,0.123,0.145,0.707,0.068
1631212,Peyton Watson,1610612743,DEN,23.0,6-8,80,200,UCLA,USA,2022,1,30,6.8,0.034,0.131,0.193,0.615,0.084
1630173,Precious Achiuwa,1610612758,SAC,26.0,6-8,80,243,Memphis,Nigeria,2020,1,20,-8.8,0.086,0.171,0.15,0.551,0.082
1629656,Quentin Grimes,1610612755,PHI,25.0,6-4,76,210,Houston,USA,2021,1,25,1.1,0.02,0.098,0.176,0.593,0.173
1631245,Quenton Jackson,1610612754,IND,27.0,6-4,76,173,Texas A&M,USA,Undrafted,Undrafted,Undrafted,1.5,0.032,0.084,0.194,0.569,0.174
1642366,Quinten Post,1610612744,GSW,25.0,7-0,84,238,Boston College,Netherlands,2024,2,52,4.7,0.053,0.157,0.181,0.566,0.112
1629628,RJ Barrett,1610612761,TOR,25.0,6-6,78,214,Duke,Canada,2019,1,3,3.2,0.027,0.136,0.252,0.583,0.176
1642853,Rasheer Fleming,1610612756,PHX,21.0,6-9,81,240,St. Joseph's (PA),USA,2025,2,31,-6.9,0.086,0.083,0.177,0.438,0.037
1642484,RayJ Dennis,1610612737,ATL,24.0,6-1,73,180,Baylor,USA,Undrafted,Undrafted,Undrafted,-10.3,0.034,0.08,0.2,0.416,0.28
1641712,Rayan Rupert,1610612757,POR,21.0,6-7,79,205,None,France,2023,2,43,-7.1,0.034,0.099,0.119,0.427,0.088
1642263,Reed Sheppard,1610612745,HOU,21.0,6-2,74,185,Kentucky,USA,2024,1,3,6.9,0.012,0.081,0.202,0.571,0.178
1642434,Riley Minix,1610612759,SAS,25.0,6-7,79,230,Morehead State,USA,Undrafted,Undrafted,Undrafted,61.9,0.1,0.167,0.222,0.75,0.111
1642265,Rob Dillingham,1610612750,MIN,21.0,6-2,74,175,Kentucky,USA,2024,1,8,-5.3,0.015,0.102,0.223,0.409,0.254
1629057,Robert Williams III,1610612757,POR,28.0,6-9,81,249,Texas A&M,USA,2018,1,27,-2.2,0.118,0.242,0.116,0.749,0.091
1631199,Ron Harper Jr.,1610612738,BOS,25.0,6-5,77,233,Rutgers,USA,Undrafted,Undrafted,Undrafted,2.6,0.081,0.081,0.189,0.406,0.16
1641842,Ronald Holland II,1610612765,DET,20.0,6-8,80,206,None,USA,2024,1,5,8.6,0.05,0.145,0.181,0.508,0.096
1626220,Royce O'Neale,1610612756,PHX,32.0,6-6,78,226,Baylor,USA,Undrafted,Undrafted,Undrafted,-1.9,0.022,0.143,0.141,0.605,0.136
203497,Rudy Gobert,1610612750,MIN,33.0,7-1,85,258,None,France,2013,1,27,6.6,0.118,0.214,0.121,0.686,0.077
1629060,Rui Hachimura,1610612747,LAL,27.0,6-8,80,230,Gonzaga,Japan,2019,1,9,-0.7,0.027,0.088,0.148,0.608,0.039
201566,Russell Westbrook,1610612758,SAC,37.0,6-4,76,200,UCLA,USA,2008,1,4,-11.3,0.047,0.157,0.247,0.538,0.333
1642346,Ryan Dunn,1610612756,PHX,23.0,6-7,79,216,Virginia,USA,2024,1,28,4.9,0.076,0.133,0.141,0.536,0.108
1641750,Ryan Kalkbrenner,1610612766,CHA,24.0,7-1,85,256,Creighton,USA,2025,2,34,-3.9,0.098,0.147,0.111,0.779,0.038
1642948,Ryan Nembhard,1610612742,DAL,22.0,5-11,71,180,Gonzaga,Canada,Undrafted,Undrafted,Undrafted,-2.8,0.011,0.079,0.176,0.529,0.336
1631157,Ryan Rollins,1610612749,MIL,23.0,6-3,75,180,Toledo,USA,2022,2,44,-0.6,0.027,0.111,0.227,0.563,0.255
1630180,Saddiq Bey,1610612740,NOP,26.0,6-8,80,215,Villanova,USA,2020,1,19,-6.3,0.05,0.131,0.195,0.571,0.107
1630573,Sam Hauser,1610612738,BOS,28.0,6-7,79,217,Virginia,USA,Undrafted,Undrafted,Undrafted,6.7,0.025,0.125,0.146,0.605,0.079
1630241,Sam Merrill,1610612739,CLE,29.0,6-4,76,205,Utah State,USA,2020,2,60,6.0,0.024,0.062,0.174,0.676,0.12
1630572,Sandro Mamukelashvili,1610612761,TOR,26.0,6-9,81,240,Seton Hall,Georgia,2021,2,54,4.8,0.067,0.159,0.178,0.633,0.129
1630583,Santi Aldama,1610612763,MEM,25.0,7-0,84,215,Loyola-Maryland,Spain,2021,1,30,-3.0,0.051,0.172,0.19,0.572,0.158
1630567,Scottie Barnes,1610612761,TOR,24.0,6-8,80,237,Florida State,USA,2021,1,4,2.8,0.06,0.169,0.235,0.576,0.238
203552,Seth Curry,1610612744,GSW,35.0,6-1,73,185,Duke,USA,Undrafted,Undrafted,Undrafted,5.4,0.029,0.13,0.11,0.778,0.115
1631101,Shaedon Sharpe,1610612757,POR,22.0,6-5,77,210,Kentucky,Canada,2022,1,7,-0.1,0.035,0.107,0.301,0.547,0.151
1628983,Shai Gilgeous-Alexander,1610612760,OKC,27.0,6-6,78,195,Kentucky,Canada,2018,1,11,16.0,0.015,0.105,0.322,0.674,0.309
1630536,Sharife Cooper,1610612764,WAS,24.0,6-0,72,176,Auburn,USA,2021,2,48,-15.3,0.0,0.0,0.093,0.75,0.077
1631321,Sidy Cissoko,1610612757,POR,21.0,6-6,78,220,None,France,2023,2,44,-0.5,0.038,0.062,0.127,0.526,0.091
1631323,Simone Fontecchio,1610612748,MIA,30.0,6-7,79,209,None,Italy,Undrafted,Undrafted,Undrafted,-2.6,0.036,0.122,0.191,0.569,0.126
1642883,Sion James,1610612766,CHA,23.0,6-5,77,220,Duke,USA,2025,2,33,-0.7,0.022,0.112,0.107,0.552,0.109
1642461,Spencer Jones,1610612743,DEN,24.0,6-7,79,225,Stanford,USA,Undrafted,Undrafted,Undrafted,2.4,0.051,0.081,0.101,0.637,0.048
201939,Stephen Curry,1610612744,GSW,37.0,6-2,74,185,Davidson,USA,2009,1,7,1.4,0.013,0.102,0.309,0.635,0.25
1642264,Stephon Castle,1610612759,SAS,21.0,6-6,78,215,Connecticut,USA,2024,1,4,5.7,0.036,0.117,0.251,0.554,0.333
203500,Steven Adams,1610612745,HOU,32.0,6-11,83,265,Pittsburgh,New Zealand,2013,1,12,11.8,0.189,0.165,0.116,0.535,0.084
1629004,Svi Mykhailiuk,1610612762,UTA,28.0,6-7,79,205,Kansas,Ukraine,2018,2,47,-3.9,0.028,0.073,0.13,0.614,0.108
204456,T.J. McConnell,1610612754,IND,33.0,6-1,73,190,Arizona,USA,2015,0,,-5.8,0.025,0.1,0.238,0.559,0.478
1643007,Taelon Peter,1610612754,IND,23.0,6-3,75,185,Liberty,USA,2025,2,54,-2.7,0.038,0.11,0.152,0.446,0.16
1631106,Tari Eason,1610612745,HOU,24.0,6-8,80,215,Louisiana State,USA,2022,1,17,7.0,0.078,0.173,0.195,0.591,0.091
1627752,Taurean Prince,1610612749,MIL,31.0,6-6,78,218,Baylor,USA,2016,1,12,4.1,0.0,0.066,0.108,0.623,0.056
1641707,Taylor Hendricks,1610612762,UTA,22.0,6-9,81,215,Central Florida,USA,2023,1,9,-16.2,0.056,0.138,0.126,0.599,0.063
1629611,Terance Mann,1610612751,BKN,29.0,6-6,78,215,Florida State,USA,2019,2,48,-6.3,0.048,0.085,0.133,0.554,0.208
1630545,Terrence Shannon Jr.,1610612750,MIN,25.0,6-6,78,215,Illinois,USA,2024,1,27,-15.1,0.019,0.084,0.152,0.538,0.071
203648,Thanasis Antetokounmpo,1610612749,MIL,33.0,6-7,79,219,None,Greece,2014,2,51,32.5,0.081,0.079,0.194,0.612,0.036
1628418,Thomas Bryant,1610612739,CLE,28.0,6-9,81,248,Indiana,USA,2017,2,42,-5.5,0.067,0.175,0.166,0.641,0.071
1642275,Tidjane Salaün,1610612766,CHA,20.0,6-10,82,207,None,France,2024,1,6,7.1,0.046,0.207,0.145,0.642,0.08
203501,Tim Hardaway Jr.,1610612743,DEN,33.0,6-5,77,205,Michigan,USA,2013,1,24,4.4,0.007,0.076,0.179,0.618,0.069
202699,Tobias Harris,1610612765,DET,33.0,6-8,80,226,Tennessee,USA,2011,1,19,3.0,0.032,0.124,0.184,0.56,0.125
1642449,Tolu Smith,1610612765,DET,25.0,6-11,83,,Mississippi State,USA,Undrafted,Undrafted,Undrafted,5.3,0.172,0.3,0.193,0.602,0.111
1628396,Tony Bradley,1610612754,IND,28.0,6-10,82,248,North Carolina,USA,2017,1,28,-11.6,0.113,0.131,0.136,0.604,0.076
1641787,Tosan Evbuomwan,1610612752,NYK,24.0,6-8,80,217,Princeton,United Kingdom,Undrafted,Undrafted,Undrafted,-50.0,0.091,0.083,0.048,0.0,0.0
1641739,Toumani Camara,1610612757,POR,25.0,6-7,79,230,Dayton,Belgium,2023,2,52,-0.8,0.047,0.095,0.159,0.567,0.111
1629027,Trae Young,1610612764,WAS,27.0,6-2,74,164,Oklahoma,USA,2018,1,5,-6.8,0.0,0.055,0.268,0.577,0.416
1631218,Trayce Jackson-Davis,1610612744,GSW,25.0,6-9,81,245,Indiana,USA,2023,2,57,-4.2,0.113,0.164,0.132,0.608,0.114
1642848,Tre Johnson,1610612764,WAS,19.0,6-5,77,190,Texas,USA,2025,1,6,-7.4,0.018,0.085,0.207,0.576,0.122
1630200,Tre Jones,1610612741,CHI,26.0,6-1,73,190,Duke,USA,2020,2,41,-1.9,0.022,0.082,0.166,0.648,0.289
1630544,Tre Mann,1610612766,CHA,24.0,6-4,76,178,Florida,USA,2021,1,18,-10.5,0.036,0.11,0.232,0.473,0.218
1630570,Trendon Watford,1610612755,PHI,25.0,6-8,80,237,Louisiana State,USA,Undrafted,Undrafted,Undrafted,-2.2,0.049,0.149,0.157,0.6,0.247
1642280,Trentyn Flowers,1610612741,CHI,20.0,6-9,81,185,None,USA,Undrafted,Undrafted,Undrafted,-18.2,0.1,0.0,0.25,0.667,0.5
1641725,Trey Alexander,1610612740,NOP,22.0,6-5,77,185,Creighton,USA,Undrafted,Undrafted,Undrafted,-1.4,0.0,0.083,0.104,0.778,0.152
1641998,Trey Jemison III,1610612752,NYK,26.0,6-10,82,270,Alabama-Birmingham,USA,Undrafted,Undrafted,Undrafted,-8.4,0.114,0.119,0.065,1.017,0.037
1630530,Trey Murphy III,1610612740,NOP,25.0,6-8,80,206,Virginia,USA,2021,1,17,-6.4,0.029,0.136,0.219,0.636,0.148
1641774,Tristan Vukcevic,1610612764,WAS,22.0,7-0,84,220,None,Italy,2023,2,42,-16.6,0.046,0.146,0.253,0.557,0.139
1641783,Tristan da Silva,1610612753,ORL,24.0,6-8,80,217,Colorado,Germany,2024,1,18,-2.3,0.032,0.118,0.168,0.556,0.073
1631102,TyTy Washington Jr.,1610612746,LAC,24.0,6-3,75,195,Kentucky,USA,2022,1,29,-7.4,0.0,0.056,0.191,0.778,0.231
1629639,Tyler Herro,1610612748,MIA,26.0,6-5,77,195,Kentucky,USA,2019,1,13,-4.5,0.015,0.116,0.247,0.605,0.142
1642278,Tyler Kolek,1610612752,NYK,24.0,6-2,74,195,Marquette,USA,2024,2,34,3.1,0.023,0.108,0.174,0.511,0.296
1631213,Tyrese Martin,1610612751,BKN,26.0,6-6,78,215,Connecticut,USA,2022,2,51,-9.5,0.046,0.107,0.181,0.527,0.166
1630178,Tyrese Maxey,1610612755,PHI,25.0,6-2,74,200,Kentucky,USA,2020,1,21,2.7,0.007,0.098,0.286,0.598,0.293
1642878,Tyrese Proctor,1610612739,CLE,21.0,6-4,76,185,Duke,Australia,2025,2,49,-8.4,0.015,0.091,0.207,0.5,0.169
1630623,Tyson Etienne,1610612751,BKN,26.0,6-0,72,200,Wichita State,USA,Undrafted,Undrafted,Undrafted,26.4,0.0,0.0,0.186,0.4,0.045
1626145,Tyus Jones,1610612753,ORL,29.0,6-0,72,196,Duke,USA,2015,1,24,-6.9,0.01,0.058,0.097,0.439,0.2
1642845,VJ Edgecombe,1610612755,PHI,20.0,6-4,76,180,Baylor,USA,2025,1,3,3.2,0.044,0.097,0.19,0.535,0.168
1641705,Victor Wembanyama,1610612759,SAS,22.0,7-4,88,235,None,France,2023,1,1,12.9,0.069,0.282,0.319,0.626,0.168
1631246,Vince Williams Jr.,1610612763,MEM,25.0,6-4,76,205,Virginia Commonwealth,USA,2022,2,47,3.0,0.033,0.129,0.189,0.469,0.29
1642884,Vladislav Goldin,1610612748,MIA,24.0,7-0,84,250,Michigan,Russia,Undrafted,Undrafted,Undrafted,300.0,0.0,0.0,0.0,0.0,0.5
1630249,Vít Krejčí,1610612737,ATL,25.0,6-8,80,195,None,Czech Republic,2020,2,37,-1.6,0.018,0.071,0.141,0.639,0.093
1631117,Walker Kessler,1610612762,UTA,24.0,7-2,86,245,Auburn,USA,2022,1,22,4.8,0.149,0.183,0.167,0.786,0.155
1642383,Walter Clayton Jr.,1610612762,UTA,22.0,6-4,76,195,Florida,USA,2025,1,18,-6.4,0.017,0.09,0.166,0.551,0.244
1628976,Wendell Carter Jr.,1610612753,ORL,26.0,6-10,82,270,Duke,USA,2018,1,7,1.4,0.075,0.168,0.155,0.619,0.102
1631111,Wendell Moore Jr.,1610612765,DET,24.0,6-5,77,215,Duke,USA,2022,1,26,37.6,0.029,0.068,0.073,0.5,0.071
1642954,Will Richard,1610612744,GSW,23.0,6-3,75,206,Florida,USA,2025,2,56,2.6,0.046,0.077,0.131,0.624,0.099
1642860,Will Riley,1610612764,WAS,19.0,6-9,81,180,Illinois-Urbana-Champaign,USA,2025,1,21,-17.2,0.046,0.084,0.172,0.508,0.125
1630214,Xavier Tillman,1610612738,BOS,27.0,6-8,80,245,Michigan State,USA,2020,2,35,-9.6,0.09,0.136,0.132,0.517,0.069
1642905,Yang Hansen,1610612757,POR,20.0,7-1,85,270,None,China,2025,1,16,-10.3,0.047,0.131,0.184,0.389,0.124
1642949,Yanic Konan Niederhauser,1610612746,LAC,22.0,6-11,83,242,Penn State,Switzerland,2025,1,30,4.3,0.102,0.151,0.16,0.665,0.057
1642274,Yves Missi,1610612740,NOP,21.0,6-11,83,235,Baylor,Cameroon,2024,1,21,-1.0,0.138,0.132,0.12,0.558,0.083
1642258,Zaccharie Risacher,1610612737,ATL,20.0,6-8,80,200,None,France,2024,1,1,0.2,0.036,0.094,0.178,0.558,0.077
1628380,Zach Collins,1610612741,CHI,28.0,6-9,81,240,Gonzaga,USA,2017,1,10,3.4,0.081,0.205,0.177,0.666,0.114
1641744,Zach Edey,1610612763,MEM,23.0,7-3,87,305,Purdue,Canada,2024,1,9,18.3,0.148,0.243,0.2,0.669,0.061
203897,Zach LaVine,1610612758,SAC,30.0,6-5,77,200,UCLA,USA,2014,1,13,-11.4,0.005,0.08,0.231,0.621,0.108
1630192,Zeke Nnaji,1610612743,DEN,25.0,6-10,82,240,Arizona,USA,2020,1,22,-7.6,0.051,0.141,0.141,0.59,0.064
1630533,Ziaire Williams,1610612751,BKN,24.0,6-9,81,185,Stanford,USA,2021,1,10,-9.6,0.024,0.089,0.172,0.57,0.045
1629627,Zion Williamson,1610612740,NOP,25.0,6-6,78,284,Duke,USA,2019,1,1,-7.2,0.07,0.122,0.273,0.623,0.196
