Rk,Player,Pos,Age,Tm,G,GS,MP,FG,FGA,FG%,3P,3PA,3P%,2P,2PA,2P%,FT,FTA,FT%,ORB,DRB,TRB,AST,STL,BLK,TOV,PF,PTS,Unnamed: 29,ORtg,DRtg
1,Precious Achiuwa,PF,24,NYK,9,2,184,6.0,12.2,.488,0.0,0.9,.000,6.0,11.4,.525,1.4,3.7,.385,6.2,4.5,10.8,1.4,1.1,3.4,1.1,5.7,13.3,,115,120
2,Bam Adebayo,C,26,MIA,5,5,192,13.2,26.7,.495,0.6,2.8,.200,12.7,24.0,.529,4.1,5.8,.714,3.0,9.9,12.9,5.2,0.6,0.0,2.2,4.1,31.1,,108,119
3,Nickeil Alexander-Walker,SG,25,MIN,16,1,378,5.7,15.5,.366,3.3,11.2,.296,2.4,4.3,.548,1.4,1.4,1.000,0.7,3.2,3.9,5.1,1.4,1.0,2.1,3.3,16.0,,105,115
4,Grayson Allen,SG,28,PHO,2,2,43,1.2,6.0,.200,1.2,6.0,.200,0.0,0.0,,4.8,4.8,1.000,2.4,7.2,9.5,2.4,1.2,0.0,3.6,4.8,8.4,,93,127
5,Jarrett Allen,C,25,CLE,4,4,127,10.2,15.1,.676,0.0,0.0,,10.2,15.1,.676,7.3,10.6,.692,6.1,16.3,22.4,2.0,2.0,1.6,2.0,3.3,27.7,,137,103
6,Jose Alvarado,PG,25,NOP,4,0,62,2.5,16.4,.150,0.8,11.5,.071,1.6,4.9,.333,0.0,0.0,,0.0,3.3,3.3,7.4,4.1,0.8,3.3,2.5,5.7,,51,109
7,Kyle Anderson,PF,30,MIN,15,1,231,5.9,12.9,.456,0.5,1.8,.250,5.4,11.1,.490,2.3,2.7,.833,4.1,5.0,9.0,8.6,2.3,1.1,2.3,5.9,14.5,,121,112
8,Thanasis Antetokounmpo,PF,31,MIL,2,0,5,0.0,0.0,,0.0,0.0,,0.0,0.0,,0.0,0.0,,0.0,0.0,0.0,0.0,10.3,10.3,0.0,10.3,0.0,,,90
9,Cole Anthony,PG,23,ORL,7,0,103,6.4,20.2,.317,1.0,6.4,.154,5.4,13.8,.393,3.9,4.4,.889,1.0,6.4,7.4,4.4,2.0,0.5,2.5,7.9,17.7,,88,102
10,OG Anunoby,SF,26,NYK,9,9,324,9.0,17.9,.505,2.6,6.3,.410,6.4,11.6,.556,1.3,2.1,.615,1.1,7.6,8.7,1.6,1.3,1.5,1.6,2.4,21.9,,116,120
11,Paolo Banchero,PF,21,ORL,7,7,262,13.2,28.9,.456,3.1,7.7,.400,10.1,21.1,.477,7.2,9.5,.755,2.7,8.9,11.6,5.4,1.5,0.8,6.2,2.7,36.6,,104,101
12,Nicolas Batum,PF,35,PHI,6,0,170,3.7,9.0,.414,2.8,6.8,.409,0.9,2.2,.429,1.6,2.5,.625,2.8,8.1,10.9,2.5,0.3,1.6,1.6,4.0,11.8,,119,118
13,Bradley Beal,SG,30,PHO,4,4,154,8.7,19.7,.441,3.3,7.7,.435,5.3,12.0,.444,1.3,1.7,.800,2.0,1.7,3.7,6.0,1.0,0.3,4.3,5.0,22.0,,100,132
14,Malik Beasley,SG,27,MIL,6,2,131,8.2,16.1,.512,4.3,9.8,.440,3.9,6.3,.625,0.0,0.0,,0.4,5.5,5.9,1.6,1.6,0.0,1.2,3.5,20.8,,121,120
15,MarJon Beauchamp,SF,23,MIL,4,0,10,5.1,20.6,.250,0.0,10.3,.000,5.1,10.3,.500,5.1,10.3,.500,0.0,5.1,5.1,10.3,0.0,0.0,5.1,5.1,15.4,,71,124
16,Patrick Beverley,PG,35,MIL,6,6,210,3.9,9.6,.410,1.0,2.7,.364,2.9,6.9,.429,3.2,3.7,.867,1.0,3.9,4.9,8.1,1.5,1.0,1.5,3.9,12.0,,123,120
17,Goga Bitadze,C,24,ORL,2,0,10,0.0,10.1,.000,0.0,0.0,,0.0,10.1,.000,0.0,0.0,,5.1,10.1,15.2,10.1,0.0,0.0,5.1,0.0,0.0,,52,105
18,Anthony Black,PG,20,ORL,2,0,11,13.8,32.3,.429,0.0,9.2,.000,13.8,23.1,.600,0.0,0.0,,4.6,4.6,9.2,9.2,4.6,0.0,4.6,4.6,27.7,,94,98
19,Bojan BogdanoviÄ,SF,34,NYK,4,0,51,7.2,24.6,.292,6.1,15.4,.400,1.0,9.2,.111,4.1,7.2,.571,1.0,11.3,12.3,4.1,0.0,1.0,1.0,3.1,24.6,,104,121
20,Bol Bol,PF,24,PHO,3,0,13,3.9,11.8,.333,0.0,0.0,,3.9,11.8,.333,0.0,0.0,,0.0,15.8,15.8,0.0,3.9,0.0,0.0,7.9,7.9,,69,113
21,Devin Booker,PG,27,PHO,4,4,166,9.9,20.1,.492,2.2,6.2,.350,7.7,13.9,.556,12.1,12.7,.951,0.3,3.7,4.0,7.4,2.2,0.3,3.4,5.6,34.0,,128,128
22,Brandon Boston Jr.,SF,22,LAC,3,0,10,10.6,21.1,.500,0.0,0.0,,10.6,21.1,.500,5.3,10.6,.500,5.3,5.3,10.6,5.3,0.0,0.0,0.0,10.6,26.4,,123,122
23,Christian Braun,SG,22,DEN,12,0,204,5.9,13.8,.426,1.0,4.6,.222,4.8,9.2,.528,2.8,4.1,.688,2.3,5.9,8.1,2.3,0.5,1.3,0.3,4.6,15.5,,114,115
24,Oshae Brissett,SF,25,BOS,10,0,55,5.7,10.4,.545,1.9,1.9,1.000,3.8,8.5,.444,1.9,3.8,.500,2.8,10.4,13.3,0.0,2.8,1.9,0.9,1.9,15.2,,124,103
25,Jaylen Brown,SF,27,BOS,19,19,707,12.9,25.0,.516,2.7,8.1,.327,10.3,16.9,.607,5.0,7.6,.660,1.6,6.7,8.3,4.6,1.7,0.9,3.8,3.8,33.5,,112,109
26,Kendall Brown,SG,20,IND,7,0,25,4.1,12.3,.333,0.0,0.0,,4.1,12.3,.333,0.0,0.0,,0.0,6.1,6.1,4.1,0.0,2.0,6.1,4.1,8.2,,56,121
27,Kobe Brown,PF,24,LAC,3,0,10,0.0,0.0,,0.0,0.0,,0.0,0.0,,0.0,0.0,,5.3,5.3,10.6,0.0,0.0,0.0,0.0,5.3,0.0,,228,122
28,Jalen Brunson,PG,27,NYK,13,13,518,15.2,34.3,.444,2.6,8.5,.310,12.6,25.8,.488,9.4,12.1,.775,0.8,3.5,4.3,9.8,1.0,0.2,3.5,2.6,42.5,,117,125
29,Thomas Bryant,C,26,MIA,2,0,18,14.7,20.6,.714,0.0,5.9,.000,14.7,14.7,1.000,5.9,8.8,.667,5.9,8.8,14.7,2.9,0.0,0.0,5.9,2.9,35.3,,117,121
30,Alec Burks,SG,32,NYK,6,0,121,10.8,21.6,.500,5.2,12.1,.429,5.6,9.5,.591,11.7,13.8,.844,1.7,6.9,8.6,2.6,0.4,0.4,0.0,2.6,38.4,,154,124
31,Kentavious Caldwell-Pope,SG,30,DEN,12,12,420,4.2,10.6,.395,2.2,6.8,.327,2.0,3.8,.516,1.4,1.4,1.000,0.6,3.7,4.3,3.8,2.1,0.6,1.2,4.6,12.0,,110,113
32,Wendell Carter Jr.,C,24,ORL,7,5,185,5.2,12.9,.404,1.9,6.9,.280,3.3,6.0,.545,2.2,3.0,.727,2.5,9.6,12.1,2.5,1.4,1.1,1.4,5.5,14.5,,110,101
33,Amir Coffey,SF,26,LAC,6,3,112,3.3,10.4,.318,1.4,5.2,.273,1.9,5.2,.364,0.0,0.0,,0.9,3.8,4.7,0.9,0.9,0.5,2.4,2.8,8.0,,73,121
34,Mike Conley,PG,36,MIN,15,15,474,6.8,16.0,.428,3.3,8.4,.395,3.5,7.6,.464,2.2,3.1,.714,1.1,5.3,6.4,9.5,2.3,0.3,2.2,4.2,19.2,,121,113
35,Pat Connaughton,SF,31,MIL,6,0,124,4.6,10.4,.440,1.2,4.6,.273,3.3,5.8,.571,0.8,0.8,1.000,1.2,8.3,9.5,5.4,2.5,0.4,1.2,2.5,11.2,,116,116
36,Jae Crowder,PF,33,MIL,4,0,42,3.7,14.7,.250,1.2,8.6,.143,2.4,6.1,.400,2.4,2.4,1.000,2.4,4.9,7.3,2.4,0.0,2.4,0.0,4.9,11.0,,93,121
37,Dyson Daniels,PG,20,NOP,3,0,17,6.0,18.0,.333,0.0,6.0,.000,6.0,12.0,.500,0.0,0.0,,0.0,6.0,6.0,0.0,6.0,0.0,3.0,0.0,12.0,,59,104
38,Anthony Davis,C,30,LAL,5,5,208,14.3,22.5,.634,0.0,1.2,.000,14.3,21.3,.670,5.1,6.3,.808,3.6,15.3,18.9,4.8,0.5,1.9,2.7,4.6,33.7,,129,109
39,Mamadi Diakite,PF,27,NYK,4,0,15,0.0,10.4,.000,0.0,7.0,.000,0.0,3.5,.000,7.0,7.0,1.000,0.0,10.4,10.4,3.5,3.5,3.5,3.5,10.4,7.0,,60,111
40,Ousmane Dieng,PF,20,OKC,4,0,7,7.3,14.5,.500,0.0,7.3,.000,7.3,7.3,1.000,0.0,0.0,,0.0,0.0,0.0,0.0,0.0,0.0,0.0,0.0,14.5,,100,116
41,Spencer Dinwiddie,PG,30,LAL,5,0,73,3.5,9.7,.357,1.4,5.5,.250,2.1,4.1,.500,2.1,4.1,.500,0.7,4.1,4.8,5.5,1.4,0.7,0.7,4.8,10.4,,106,116
42,Donte DiVincenzo,SG,27,NYK,13,13,466,9.0,21.4,.419,5.0,11.9,.425,3.9,9.5,.412,2.9,3.4,.867,1.5,4.4,5.8,3.8,1.8,1.3,1.8,3.3,25.9,,120,121
43,Luka DonÄiÄ,PG,24,DAL,22,22,900,13.0,29.1,.446,3.9,12.2,.322,9.1,16.9,.536,6.8,8.8,.765,0.9,11.1,12.0,10.3,2.4,0.5,5.2,3.2,36.7,,112,108
44,Luguentz Dort,SF,24,OKC,10,10,350,4.8,13.2,.363,3.6,9.3,.391,1.2,3.9,.296,2.3,2.8,.842,2.8,3.9,6.7,2.9,1.9,0.3,1.6,6.1,15.6,,112,108
45,Kevin Durant,PF,35,PHO,4,4,168,11.3,20.5,.552,1.5,3.7,.417,9.8,16.8,.582,8.6,10.4,.824,0.3,7.6,7.9,4.0,0.6,1.8,3.1,2.4,32.7,,122,126
46,Anthony Edwards,SG,22,MIN,16,16,649,12.6,26.1,.481,3.7,9.3,.400,8.9,16.8,.526,6.7,8.2,.814,1.4,7.6,9.0,8.4,1.9,0.7,4.2,3.0,35.5,,118,112
47,Joel Embiid,C,29,PHI,6,6,248,12.6,28.3,.444,2.8,8.3,.333,9.8,20.0,.489,14.3,16.6,.859,4.0,9.8,13.8,7.2,1.5,1.9,5.3,4.3,42.1,,119,114
48,Drew Eubanks,C,26,PHO,3,0,37,9.7,16.6,.583,0.0,0.0,,9.7,16.6,.583,4.2,4.2,1.000,0.0,5.5,5.5,0.0,2.8,1.4,2.8,8.3,23.6,,107,124
49,Dante Exum,PG,28,DAL,21,0,144,5.8,15.9,.364,2.5,7.2,.350,3.2,8.7,.375,1.4,2.2,.667,1.1,5.1,6.1,4.3,1.1,0.4,1.8,3.2,15.5,,101,115
50,Markelle Fultz,PG,25,ORL,7,0,106,9.6,16.3,.588,0.0,0.5,.000,9.6,15.8,.606,2.4,4.3,.556,3.4,3.4,6.7,3.8,1.4,0.0,3.8,5.7,21.5,,108,106
51,Daniel Gafford,PF,25,DAL,22,22,445,9.1,14.4,.634,0.0,0.0,,9.1,14.4,.634,4.8,7.6,.631,4.9,9.3,14.2,1.8,0.7,3.9,2.2,4.4,23.0,,128,109
52,Danilo Gallinari,SF,35,MIL,3,0,37,5.6,11.1,.500,0.0,2.8,.000,5.6,8.3,.667,4.2,5.6,.750,1.4,11.1,12.5,2.8,0.0,0.0,1.4,0.0,15.3,,116,120
53,Darius Garland,PG,24,CLE,12,12,432,8.7,20.5,.427,3.0,8.5,.352,5.8,12.0,.480,2.0,2.5,.810,0.1,5.0,5.2,8.3,1.6,0.2,3.2,4.0,22.5,,103,114
54,Luka Garza,C,25,MIN,7,0,26,20.1,24.1,.833,4.0,6.0,.667,16.1,18.1,.889,14.1,16.1,.875,4.0,8.0,12.1,2.0,0.0,0.0,0.0,0.0,58.3,,190,117
55,Paul George,PF,33,LAC,6,6,222,9.3,22.6,.411,4.3,11.6,.367,5.0,10.9,.457,5.0,5.9,.840,0.7,9.0,9.7,6.9,1.7,0.7,3.3,5.2,27.8,,112,115
56,Josh Giddey,SG,21,OKC,10,8,181,9.6,21.1,.453,3.4,9.6,.353,6.2,11.5,.537,2.0,2.2,.875,2.0,8.2,10.1,5.9,0.6,1.1,3.4,2.5,24.5,,107,107
57,Shai Gilgeous-Alexander,PG,25,OKC,10,10,399,14.2,28.6,.496,2.0,4.7,.432,12.1,23.8,.508,8.2,10.3,.790,1.0,8.2,9.2,8.2,1.7,2.2,2.8,4.0,38.5,,119,104
58,Rudy Gobert,C,31,MIN,15,15,512,6.5,10.6,.615,0.0,0.0,,6.5,10.6,.615,5.4,8.1,.671,4.1,10.9,15.0,2.4,1.4,1.5,2.3,5.6,18.5,,127,110
59,Aaron Gordon,PF,28,DEN,12,12,445,8.1,13.8,.585,1.3,3.2,.407,6.8,10.6,.637,2.7,3.3,.821,4.2,6.0,10.2,6.2,1.2,0.8,2.1,3.3,20.1,,133,114
60,Eric Gordon,SG,35,PHO,4,0,118,3.9,12.2,.321,3.0,7.4,.412,0.9,4.8,.182,3.0,3.5,.875,0.4,2.6,3.0,2.2,2.2,0.9,1.7,2.2,13.9,,98,128
61,A.J. Green,SG,24,MIL,6,0,67,4.6,12.3,.375,1.5,8.4,.182,3.1,3.8,.800,2.3,2.3,1.000,0.0,6.9,6.9,1.5,0.0,0.0,0.8,6.9,13.0,,101,122
62,Josh Green,SG,23,DAL,22,0,399,4.7,11.1,.424,3.0,7.7,.390,1.7,3.4,.500,1.8,2.5,.737,2.7,4.6,7.3,3.0,2.2,0.4,0.9,3.8,14.2,,128,113
63,Rui Hachimura,PF,25,LAL,5,5,152,5.0,12.6,.395,1.7,4.6,.357,3.3,8.0,.417,1.3,2.7,.500,2.0,4.3,6.3,1.3,0.0,0.0,0.7,2.7,12.9,,100,120
64,Tyrese Haliburton,PG,23,IND,15,15,522,10.3,21.1,.488,5.2,13.7,.379,5.1,7.4,.693,1.7,2.0,.850,1.2,5.9,7.1,12.1,1.9,1.0,3.0,1.4,27.5,,127,118
65,Tim Hardaway Jr.,SF,31,DAL,14,0,178,6.4,16.9,.379,3.8,10.8,.351,2.6,6.1,.429,1.2,2.3,.500,0.6,6.7,7.3,1.5,1.5,0.3,0.6,2.9,17.8,,106,113
66,James Harden,PG,34,LAC,6,6,242,8.7,19.4,.449,3.9,10.3,.383,4.8,9.2,.524,6.3,7.0,.906,0.7,5.2,5.9,10.5,1.3,1.3,3.1,2.8,27.7,,128,118
67,Jaden Hardy,SG,21,DAL,19,0,129,11.7,27.4,.426,4.4,10.9,.407,7.3,16.5,.439,4.4,6.0,.733,0.8,5.2,6.0,6.8,1.2,0.0,2.8,5.2,32.2,,112,115
68,Gary Harris,SG,29,ORL,6,6,159,2.6,8.9,.286,2.2,7.0,.318,0.3,1.9,.167,0.6,0.6,1.000,1.6,2.2,3.8,1.3,2.2,1.0,0.6,5.7,8.0,,100,103
69,Tobias Harris,PF,31,PHI,6,6,218,5.3,12.3,.431,1.5,4.4,.333,3.9,8.0,.485,1.0,1.0,1.000,2.2,8.2,10.4,2.2,0.2,0.7,0.7,2.7,13.1,,114,119
70,Josh Hart,SF,28,NYK,13,13,548,6.3,14.3,.440,2.1,5.6,.373,4.2,8.7,.484,3.3,4.6,.729,3.5,10.8,14.3,5.6,1.2,1.0,3.2,3.9,18.0,,114,119
71,Isaiah Hartenstein,C,25,NYK,13,13,388,6.1,10.2,.592,0.1,0.3,.500,5.9,10.0,.595,2.6,3.0,.864,6.6,7.1,13.7,6.2,0.5,1.6,2.6,5.5,14.8,,135,122
72,Sam Hauser,SF,26,BOS,19,0,283,6.6,15.5,.429,5.0,13.1,.380,1.7,2.4,.692,0.7,0.7,1.000,1.5,6.1,7.6,2.0,0.9,0.6,0.6,3.7,19.0,,125,112
73,Jordan Hawkins,SG,21,NOP,3,0,12,0.0,17.0,.000,0.0,12.7,.000,0.0,4.2,.000,0.0,0.0,,0.0,8.5,8.5,0.0,0.0,0.0,0.0,4.2,0.0,,0,117
74,Jaxson Hayes,C,23,LAL,4,0,24,0.0,4.2,.000,0.0,0.0,,0.0,4.2,.000,2.1,4.2,.500,6.3,18.9,25.2,2.1,0.0,0.0,4.2,14.7,2.1,,69,110
75,Gordon Hayward,SF,33,OKC,7,0,46,0.0,3.3,.000,0.0,0.0,,0.0,3.3,.000,0.0,0.0,,1.1,13.3,14.4,3.3,1.1,1.1,0.0,2.2,0.0,,73,102
76,Tyler Herro,SG,24,MIA,5,5,185,8.6,22.3,.385,4.3,12.3,.349,4.3,10.0,.429,2.6,2.9,.900,0.0,5.1,5.1,7.7,0.6,0.0,4.0,2.9,24.0,,95,121
77,Buddy Hield,SG,31,PHI,4,0,51,7.2,17.6,.412,6.2,13.5,.462,1.0,4.1,.250,2.1,2.1,1.000,2.1,3.1,5.2,2.1,0.0,1.0,2.1,4.1,22.8,,118,123
78,Haywood Highsmith,PF,27,MIA,5,0,126,4.2,11.8,.357,1.3,6.7,.188,2.9,5.0,.583,0.4,0.4,1.000,0.8,5.0,5.9,3.4,0.4,0.4,1.7,5.9,10.1,,85,121
79,Jrue Holiday,PG,33,BOS,19,19,720,7.0,14.0,.503,2.5,6.3,.402,4.5,7.7,.585,1.5,1.6,.955,2.7,5.7,8.4,6.0,1.5,0.9,2.1,2.9,18.1,,127,110
80,Justin Holiday,SG,34,DEN,12,0,150,3.8,12.1,.314,3.8,10.0,.379,0.0,2.1,.000,0.7,1.4,.500,0.3,6.6,6.9,1.4,2.1,0.0,1.0,5.5,12.1,,94,113
81,Chet Holmgren,C,21,OKC,10,10,345,8.7,17.6,.496,1.9,7.4,.260,6.8,10.2,.667,3.7,4.9,.758,2.1,8.6,10.6,3.1,1.0,3.7,2.8,3.8,23.0,,111,103
82,Al Horford,C,37,BOS,19,15,575,6.0,12.5,.478,3.2,8.6,.368,2.8,3.9,.721,0.6,1.0,.636,3.2,8.9,12.1,3.6,1.4,1.5,1.1,2.5,15.8,,130,108
83,Caleb Houstan,SF,21,ORL,3,0,14,3.6,7.2,.500,3.6,7.2,.500,0.0,0.0,,0.0,0.0,,3.6,3.6,7.2,0.0,0.0,0.0,0.0,0.0,10.9,,162,109
84,Jett Howard,SF,20,ORL,2,0,10,10.1,15.2,.667,5.1,5.1,1.000,5.1,10.1,.500,0.0,0.0,,0.0,5.1,5.1,5.1,0.0,0.0,10.1,5.1,25.4,,93,108
85,Bones Hyland,PG,23,LAC,3,0,12,13.2,30.8,.429,4.4,22.0,.200,8.8,8.8,1.000,17.6,17.6,1.000,0.0,8.8,8.8,17.6,0.0,0.0,4.4,0.0,48.4,,135,120
86,Joe Ingles,SF,36,ORL,7,0,68,3.0,9.0,.333,1.5,5.2,.286,1.5,3.7,.400,0.7,1.5,.500,1.5,8.2,9.7,9.0,2.2,0.0,0.0,2.2,8.2,,128,101
87,Brandon Ingram,SF,26,NOP,4,4,145,6.7,19.3,.345,0.7,2.8,.250,6.0,16.5,.362,6.0,6.7,.895,0.4,6.0,6.3,4.6,1.4,1.8,3.2,2.8,20.0,,92,112
88,Kyrie Irving,SG,31,DAL,22,22,879,11.0,23.5,.467,3.1,8.0,.390,7.9,15.5,.508,3.7,4.3,.849,1.3,3.5,4.8,6.7,1.4,0.4,3.0,3.7,28.8,,116,115
89,Jonathan Isaac,PF,26,ORL,7,3,147,5.5,13.5,.410,3.5,9.3,.370,2.1,4.1,.500,0.7,0.7,1.000,3.5,8.3,11.7,1.0,1.7,3.1,1.4,2.4,15.2,,114,98
90,Andre Jackson Jr.,SG,22,MIL,5,0,60,4.3,9.4,.455,1.7,5.1,.333,2.6,4.3,.600,0.0,0.0,,4.3,5.1,9.4,8.6,4.3,0.9,2.6,8.6,10.3,,122,112
91,Isaiah Jackson,C,22,IND,15,0,154,7.7,14.3,.535,0.0,0.0,,7.7,14.3,.535,3.7,6.0,.611,7.0,9.0,16.0,2.3,1.0,4.3,1.3,8.0,19.0,,126,114
92,Reggie Jackson,PG,33,DEN,12,0,117,7.1,21.3,.333,3.6,10.2,.348,3.6,11.1,.320,0.9,0.9,1.000,0.9,5.8,6.7,5.3,0.9,0.4,3.6,5.3,18.6,,85,115
93,LeBron James,PF,39,LAL,5,5,204,13.8,24.4,.566,2.5,6.4,.385,11.4,18.0,.630,4.2,5.7,.739,1.0,7.4,8.4,10.9,3.0,1.2,4.7,2.7,34.3,,118,110
94,Jaime Jaquez Jr.,SF,22,MIA,4,4,123,9.0,22.4,.404,1.3,5.6,.231,7.7,16.8,.462,2.6,3.0,.857,0.9,4.7,5.6,5.2,1.3,0.9,3.0,2.6,21.9,,90,119
95,DaQuan Jeffries,SG,26,NYK,4,0,20,7.8,20.9,.375,5.2,13.1,.400,2.6,7.8,.333,0.0,0.0,,2.6,7.8,10.4,0.0,2.6,0.0,0.0,5.2,20.9,,114,118
96,Isaiah Joe,SG,24,OKC,10,2,173,7.1,15.9,.444,4.7,11.5,.410,2.4,4.4,.533,0.0,0.0,,1.2,5.3,6.5,2.9,1.5,0.0,1.5,2.9,18.8,,114,109
97,James Johnson,PF,36,IND,1,0,1,0.0,0.0,,0.0,0.0,,0.0,0.0,,51.2,102.5,.500,0.0,0.0,0.0,0.0,0.0,0.0,51.2,0.0,51.2,,53,128
98,Nikola JokiÄ,C,28,DEN,12,12,482,14.3,26.3,.545,1.5,5.7,.264,12.8,20.6,.623,6.9,7.7,.901,4.6,12.7,17.4,11.2,1.8,0.9,4.3,3.4,37.1,,126,109
99,Damian Jones,C,28,CLE,2,0,9,0.0,0.0,,0.0,0.0,,0.0,0.0,,0.0,0.0,,5.8,5.8,11.5,11.5,0.0,5.8,11.5,0.0,0.0,,65,111
100,Derrick Jones Jr.,SF,26,DAL,22,22,647,6.2,12.9,.481,1.9,5.2,.369,4.3,7.6,.558,1.8,2.4,.733,2.7,3.5,6.1,2.2,0.9,1.7,1.4,4.3,16.1,,119,115
101,Herbert Jones,SF,25,NOP,4,4,141,5.8,14.8,.390,2.9,8.7,.333,2.9,6.1,.471,4.3,4.3,1.000,2.2,5.1,7.2,3.6,1.8,0.4,4.0,5.4,18.8,,102,114
102,DeAndre Jordan,C,35,DEN,2,0,13,4.0,8.0,.500,0.0,0.0,,4.0,8.0,.500,8.0,8.0,1.000,4.0,8.0,12.0,0.0,4.0,4.0,0.0,16.0,16.0,,159,102
103,Nikola JoviÄ,PF,20,MIA,5,5,128,6.6,14.9,.444,3.7,9.1,.409,2.9,5.8,.500,2.5,2.9,.857,0.8,12.8,13.6,4.5,2.1,1.2,2.5,3.7,19.4,,109,112
104,Maxi Kleber,C,32,DAL,13,0,219,3.8,9.3,.410,2.8,6.6,.429,0.9,2.6,.364,0.9,1.4,.667,0.9,5.0,5.9,3.1,0.7,0.9,1.2,4.7,11.4,,119,115
105,Luke Kornet,C,28,BOS,13,0,133,5.5,8.2,.667,0.0,0.0,,5.5,8.2,.667,4.3,5.1,.846,7.5,8.6,16.1,2.7,0.4,2.0,2.4,4.3,15.3,,144,109
106,A.J. Lawson,SG,23,DAL,10,0,30,6.9,15.6,.444,3.5,10.4,.333,3.5,5.2,.667,1.7,3.5,.500,1.7,3.5,5.2,0.0,0.0,1.7,0.0,1.7,19.1,,120,117
107,Kawhi Leonard,SF,32,LAC,2,2,59,9.8,21.5,.458,0.0,4.5,.000,9.8,17.0,.579,1.8,2.7,.667,2.7,11.6,14.3,3.6,3.6,0.9,3.6,2.7,21.5,,94,109
108,Caris LeVert,SG,29,CLE,11,1,278,8.2,19.0,.431,1.1,6.1,.182,7.1,12.8,.551,3.2,4.8,.654,1.5,6.0,7.4,4.7,1.7,1.1,2.6,2.6,20.7,,98,112
109,E.J. Liddell,PF,23,NOP,1,0,3,0.0,0.0,,0.0,0.0,,0.0,0.0,,0.0,0.0,,0.0,17.0,17.0,0.0,0.0,0.0,0.0,0.0,0.0,,,113
110,Damian Lillard,PG,33,MIL,4,4,156,11.2,26.7,.420,6.6,15.8,.417,4.6,10.9,.424,12.2,12.5,.974,0.7,3.6,4.3,6.6,1.3,0.0,3.0,2.6,41.2,,128,122
111,Nassir Little,SF,23,PHO,4,0,14,11.0,18.3,.600,3.7,11.0,.333,7.3,7.3,1.000,0.0,0.0,,0.0,3.7,3.7,0.0,0.0,0.0,0.0,7.3,25.7,,131,133
112,Dereck Lively II,C,19,DAL,21,0,462,7.2,10.7,.674,0.1,0.1,1.000,7.1,10.6,.670,4.1,6.9,.590,6.4,11.1,17.6,3.0,1.0,2.3,2.4,5.4,18.6,,134,109
113,Chris Livingston,SF,20,MIL,2,0,6,8.6,8.6,1.000,0.0,0.0,,8.6,8.6,1.000,0.0,25.7,.000,0.0,0.0,0.0,0.0,0.0,0.0,0.0,0.0,17.1,,68,127
114,Brook Lopez,C,35,MIL,6,6,200,11.3,19.3,.587,2.6,5.9,.435,8.7,13.4,.654,2.1,3.9,.533,2.8,3.9,6.7,2.8,0.0,2.1,2.3,2.6,27.3,,123,122
115,Kevin Love,PF,35,MIA,5,0,32,6.6,14.9,.444,1.7,6.6,.250,5.0,8.3,.600,0.0,0.0,,1.7,21.5,23.1,6.6,0.0,0.0,3.3,3.3,14.9,,96,113
116,Kyle Lowry,PG,37,PHI,6,6,175,3.3,9.7,.344,2.4,7.2,.333,0.9,2.4,.375,3.6,4.5,.800,1.8,4.5,6.3,7.2,1.8,1.2,1.2,6.9,12.7,,129,118
117,Terance Mann,SG,27,LAC,6,6,187,5.4,13.0,.413,2.8,6.2,.455,2.5,6.8,.375,2.3,2.3,1.000,4.8,3.7,8.5,3.1,0.0,0.0,1.4,5.4,15.8,,125,124
118,Naji Marshall,SF,26,NOP,4,0,84,7.3,17.0,.429,3.6,9.1,.400,3.6,7.9,.462,3.6,3.6,1.000,1.8,4.8,6.7,3.0,1.2,1.2,1.2,5.5,21.8,,122,114
119,Caleb Martin,SF,28,MIA,5,5,176,6.3,13.5,.467,3.3,7.5,.440,3.0,6.0,.500,1.5,1.5,1.000,1.5,3.9,5.4,2.1,0.9,0.0,0.9,4.2,17.4,,119,121
120,Tyrese Maxey,PG,23,PHI,6,6,267,13.0,27.3,.478,4.3,10.9,.400,8.7,16.4,.530,4.9,5.5,.893,0.2,5.9,6.1,8.1,1.0,0.4,2.6,3.2,35.4,,123,119
121,Miles McBride,PG,23,NYK,13,2,347,8.1,18.7,.435,3.8,10.2,.368,4.4,8.4,.518,1.5,1.8,.833,1.1,3.3,4.4,3.8,1.1,0.3,1.7,4.5,21.5,,117,124
122,CJ McCollum,PG,32,NOP,4,4,148,10.7,25.5,.419,2.4,10.0,.241,8.3,15.5,.533,0.7,0.7,1.000,0.7,5.8,6.5,6.5,2.4,1.0,5.5,4.8,24.4,,88,111
123,T.J. McConnell,PG,31,IND,17,0,348,13.2,27.2,.486,1.0,3.8,.269,12.2,23.4,.522,1.9,2.2,.867,1.6,6.0,7.7,12.7,2.2,0.3,3.1,3.8,29.4,,115,118
124,Jaden McDaniels,SF,23,MIN,16,16,537,7.0,13.6,.514,2.3,5.5,.429,4.7,8.2,.571,2.6,3.4,.771,2.7,3.2,5.9,1.8,1.4,1.8,1.7,5.3,19.0,,123,114
125,Doug McDermott,SF,32,IND,10,0,64,4.0,8.8,.455,2.4,6.4,.375,1.6,2.4,.667,0.0,0.0,,1.6,0.8,2.4,5.6,0.0,1.6,0.8,4.0,10.4,,134,125
126,Jordan McLaughlin,PG,27,MIN,6,0,30,3.5,15.7,.222,0.0,8.7,.000,3.5,7.0,.500,0.0,3.5,.000,0.0,7.0,7.0,3.5,0.0,0.0,3.5,1.7,7.0,,46,118
127,De'Anthony Melton,SG,25,PHI,1,0,7,0.0,15.1,.000,0.0,15.1,.000,0.0,0.0,,0.0,0.0,,0.0,7.5,7.5,7.5,0.0,0.0,0.0,7.5,0.0,,34,120
128,Sam Merrill,SG,27,CLE,10,0,125,4.1,12.0,.345,4.1,11.2,.370,0.0,0.8,.000,1.2,1.2,1.000,0.8,4.1,5.0,3.7,0.0,0.0,0.0,3.7,13.7,,123,118
129,Khris Middleton,SF,32,MIL,6,6,230,12.3,25.5,.482,2.5,6.9,.355,9.8,18.6,.530,6.0,6.7,.900,2.7,9.6,12.3,6.3,0.7,0.2,3.1,5.6,33.1,,118,119
130,Leonard Miller,SF,20,MIN,3,0,7,0.0,7.5,.000,0.0,7.5,.000,0.0,0.0,,0.0,0.0,,7.5,22.4,29.9,0.0,0.0,0.0,0.0,0.0,0.0,,69,109
131,Patty Mills,PG,35,MIA,3,0,52,6.1,17.3,.353,3.1,11.2,.273,3.1,6.1,.500,3.1,4.1,.750,1.0,0.0,1.0,3.1,1.0,0.0,1.0,2.0,18.3,,98,123
132,Shake Milton,SG,27,NYK,4,0,22,0.0,14.2,.000,0.0,4.7,.000,0.0,9.5,.000,11.9,14.2,.833,0.0,2.4,2.4,4.7,2.4,0.0,0.0,0.0,11.9,,85,123
133,Josh Minott,SF,21,MIN,5,0,18,5.8,26.1,.222,5.8,14.5,.400,0.0,11.6,.000,0.0,0.0,,2.9,11.6,14.5,8.7,0.0,0.0,0.0,5.8,17.4,,97,115
134,Donovan Mitchell,SG,27,CLE,10,10,382,14.5,30.5,.476,3.9,11.1,.354,10.6,19.4,.545,7.2,8.8,.815,0.8,6.5,7.3,6.4,1.8,0.4,3.8,3.9,40.1,,111,112
135,Evan Mobley,PF,22,CLE,12,12,422,9.9,17.9,.555,0.6,2.2,.278,9.3,15.7,.594,3.1,4.4,.694,3.7,9.9,13.6,3.4,1.2,3.2,2.7,4.2,23.6,,114,108
136,Wendell Moore Jr.,SG,22,MIN,6,0,18,8.7,20.3,.429,2.9,11.6,.250,5.8,8.7,.667,0.0,0.0,,0.0,5.8,5.8,5.8,2.9,0.0,2.9,8.7,20.3,,99,111
137,Marcus Morris,PF,34,CLE,9,1,138,8.3,18.0,.458,3.4,8.6,.391,4.9,9.4,.520,0.8,1.1,.667,0.8,8.6,9.4,1.1,1.5,0.0,1.1,3.0,20.6,,106,112
138,Markieff Morris,PF,34,DAL,1,0,12,4.3,21.7,.200,4.3,13.0,.333,0.0,8.7,.000,0.0,0.0,,0.0,17.3,17.3,0.0,0.0,0.0,4.3,4.3,13.0,,54,110
139,Monte Morris,PG,28,MIN,9,0,67,7.0,23.4,.300,0.8,10.9,.071,6.2,12.5,.500,1.6,1.6,1.000,0.8,3.9,4.7,7.0,1.6,0.8,0.0,4.7,16.4,,92,115
140,Trey Murphy III,SF,23,NOP,4,4,168,5.5,14.5,.375,3.0,9.1,.333,2.4,5.5,.444,0.0,0.0,,0.9,7.0,7.9,2.7,1.5,1.8,2.4,3.6,13.9,,91,111
141,Jamal Murray,PG,26,DEN,12,12,462,11.2,28.0,.402,2.6,8.2,.315,8.7,19.8,.438,2.7,2.9,.923,1.0,4.8,5.8,7.5,1.1,0.7,3.5,3.1,27.8,,98,115
142,Svi Mykhailiuk,SF,26,BOS,8,0,32,4.9,19.6,.250,3.3,14.7,.222,1.6,4.9,.333,0.0,0.0,,1.6,6.5,8.2,1.6,1.6,0.0,3.3,4.9,13.1,,68,110
143,Larry Nance Jr.,C,31,NOP,4,0,84,6.1,10.3,.588,0.6,2.4,.250,5.5,7.9,.692,2.4,3.6,.667,9.1,10.9,20.0,4.2,1.2,0.0,4.2,5.5,15.2,,115,113
144,Andrew Nembhard,PG,24,IND,17,17,554,9.4,16.8,.560,2.7,5.5,.483,6.8,11.3,.598,1.8,2.4,.769,1.3,3.9,5.2,8.7,0.6,0.4,2.1,5.2,23.4,,132,123
145,Aaron Nesmith,SF,24,IND,17,17,559,5.6,12.9,.433,2.0,7.2,.278,3.6,5.7,.629,3.1,3.4,.919,1.7,6.0,7.7,3.4,1.0,0.8,2.1,6.0,16.3,,113,120
146,Georges Niang,PF,30,CLE,10,0,121,3.9,17.5,.220,1.3,9.8,.130,2.6,7.7,.333,3.0,3.4,.875,1.3,3.9,5.1,1.7,1.7,0.9,3.0,7.7,12.0,,65,114
147,Zeke Nnaji,PF,23,DEN,3,0,14,7.4,11.1,.667,0.0,0.0,,7.4,11.1,.667,3.7,7.4,.500,7.4,0.0,7.4,0.0,0.0,3.7,7.4,3.7,18.6,,93,116
148,Jusuf NurkiÄ,C,29,PHO,4,4,104,6.4,12.8,.500,0.0,1.0,.000,6.4,11.8,.542,2.5,5.4,.455,6.4,9.9,16.3,5.4,3.0,3.0,3.0,7.4,15.3,,110,118
149,Royce O'Neale,SF,30,PHO,4,2,104,3.5,10.9,.318,3.0,8.9,.333,0.5,2.0,.250,0.0,0.0,,2.5,6.9,9.4,2.0,0.5,0.0,1.0,5.4,9.9,,100,129
150,Chuma Okeke,SF,25,ORL,2,0,10,10.1,15.2,.667,5.1,10.1,.500,5.1,5.1,1.000,5.1,5.1,1.000,0.0,0.0,0.0,5.1,0.0,0.0,0.0,0.0,30.4,,183,111
151,Josh Okogie,SG,25,PHO,4,0,29,8.8,15.9,.556,1.8,5.3,.333,7.1,10.6,.667,5.3,10.6,.500,0.0,7.1,7.1,3.5,3.5,0.0,3.5,12.4,24.8,,105,122
152,Isaac Okoro,SF,23,CLE,12,7,263,4.9,13.8,.357,1.8,6.9,.257,3.1,6.9,.457,1.4,1.8,.778,1.0,3.1,4.1,2.6,2.2,0.8,2.2,5.9,13.0,,87,113
153,Kelly Oubre Jr.,SF,28,PHI,6,6,224,7.3,15.1,.484,2.1,5.4,.391,5.2,9.7,.537,1.9,2.6,.727,2.1,3.5,5.7,2.4,2.6,1.6,1.9,5.7,18.6,,113,117
154,Cameron Payne,PG,29,PHI,5,0,61,8.7,21.6,.400,6.9,15.6,.444,1.7,6.1,.286,0.0,0.0,,0.0,5.2,5.2,6.1,0.9,3.5,2.6,8.7,24.2,,110,117
155,Jalen Pickett,SG,24,DEN,3,0,11,9.4,14.2,.667,0.0,4.7,.000,9.4,9.4,1.000,0.0,0.0,,0.0,4.7,4.7,4.7,0.0,4.7,0.0,4.7,18.9,,141,112
156,Mason Plumlee,C,33,LAC,6,0,66,5.6,14.4,.389,0.0,0.0,,5.6,14.4,.389,4.0,6.4,.625,5.6,10.4,16.0,3.2,2.4,1.6,1.6,10.4,15.2,,106,111
157,Michael Porter Jr.,SF,25,DEN,12,12,443,8.0,17.1,.466,3.9,9.5,.407,4.1,7.6,.538,2.3,3.0,.769,0.9,8.7,9.6,1.5,1.3,1.2,2.1,3.2,22.2,,110,112
158,Bobby Portis,PF,28,MIL,6,6,187,12.1,25.0,.484,0.8,3.3,.250,11.3,21.7,.519,2.2,3.6,.615,4.4,14.3,18.7,1.7,0.8,0.3,2.5,3.6,27.2,,104,116
159,Kristaps PorziÅÄ£is,C,28,BOS,7,4,165,8.9,19.0,.467,3.2,9.2,.345,5.7,9.8,.581,6.3,7.0,.909,1.3,8.5,9.8,2.5,1.6,3.5,1.6,4.7,27.2,,124,105
160,Dwight Powell,C,32,DAL,13,0,44,1.2,3.5,.333,0.0,0.0,,1.2,3.5,.333,4.7,7.1,.667,3.5,10.6,14.2,3.5,1.2,0.0,3.5,10.6,7.1,,100,112
161,Norman Powell,SG,30,LAC,6,0,179,7.7,18.0,.426,3.8,8.6,.448,3.8,9.4,.406,3.5,4.4,.800,0.9,4.1,5.0,0.6,0.9,0.0,2.1,5.9,22.7,,109,121
162,Taurean Prince,PF,29,LAL,5,0,111,5.4,13.2,.414,2.3,7.7,.294,3.2,5.4,.583,3.6,3.6,1.000,0.5,5.0,5.4,1.4,0.5,0.9,0.5,4.1,16.8,,116,117
163,Payton Pritchard,PG,26,BOS,19,0,355,6.5,15.4,.419,3.4,8.8,.383,3.1,6.6,.467,1.6,1.8,.917,2.1,3.4,5.4,5.9,0.6,0.0,2.1,3.2,18.0,,117,114
164,Olivier-Maxence Prosper,PF,21,DAL,3,0,9,0.0,11.6,.000,0.0,0.0,,0.0,11.6,.000,0.0,0.0,,0.0,17.3,17.3,5.8,0.0,0.0,0.0,0.0,0.0,,34,110
165,Neemias Queta,C,24,BOS,3,0,13,8.0,12.1,.667,0.0,0.0,,8.0,12.1,.667,0.0,0.0,,4.0,8.0,12.1,0.0,0.0,4.0,0.0,0.0,16.1,,144,108
166,Austin Reaves,SG,25,LAL,5,5,174,8.7,18.2,.476,2.0,7.5,.269,6.7,10.7,.622,4.9,5.5,.895,1.4,4.1,5.5,5.2,2.0,0.9,1.2,2.3,24.3,,123,114
167,Paul Reed,C,24,PHI,6,0,43,4.9,11.0,.444,0.0,0.0,,4.9,11.0,.444,1.2,2.5,.500,11.0,8.6,19.6,2.5,1.2,3.7,3.7,8.6,11.0,,108,113
168,Naz Reid,PF,24,MIN,16,0,361,9.4,20.6,.458,3.6,10.0,.362,5.8,10.6,.548,3.2,4.5,.710,1.3,7.2,8.5,2.3,1.2,1.7,2.0,4.6,25.6,,112,112
169,Duncan Robinson,SF,29,MIA,5,0,60,4.4,14.1,.313,2.6,11.5,.231,1.8,2.6,.667,0.0,0.0,,0.0,4.4,4.4,5.3,1.8,0.0,4.4,5.3,11.5,,71,119
170,Mitchell Robinson,C,25,NYK,6,0,115,3.2,6.4,.500,0.0,0.0,,3.2,6.4,.500,1.4,3.6,.375,10.4,8.2,18.6,1.4,2.7,3.2,1.4,6.8,7.7,,129,114
171,Orlando Robinson,C,23,MIA,1,0,2,0.0,26.4,.000,0.0,26.4,.000,0.0,0.0,,0.0,0.0,,0.0,26.4,26.4,26.4,0.0,0.0,0.0,0.0,0.0,,51,111
172,Jeremiah Robinson-Earl,PF,23,NOP,1,0,5,10.2,20.4,.500,0.0,0.0,,10.2,20.4,.500,0.0,20.4,.000,10.2,0.0,10.2,10.2,0.0,0.0,0.0,0.0,20.4,,95,121
173,David Roddy,PF,22,PHO,2,0,3,0.0,0.0,,0.0,0.0,,0.0,0.0,,0.0,0.0,,0.0,0.0,0.0,0.0,0.0,0.0,0.0,0.0,0.0,,,136
174,D'Angelo Russell,PG,27,LAL,5,5,185,7.6,19.9,.384,3.8,12.0,.318,3.8,7.9,.483,0.3,0.5,.500,0.3,3.5,3.8,5.7,1.1,0.3,2.5,1.6,19.3,,94,118
175,Matt Ryan,SF,26,NOP,1,0,3,0.0,17.0,.000,0.0,17.0,.000,0.0,0.0,,0.0,0.0,,0.0,17.0,17.0,0.0,17.0,0.0,17.0,0.0,0.0,,0,74
176,Ben Sheppard,SG,22,IND,17,2,335,4.7,10.9,.437,2.9,7.6,.380,1.8,3.2,.571,1.1,1.4,.778,1.5,6.3,7.8,2.6,1.2,0.2,1.7,4.9,13.5,,114,120
177,Pascal Siakam,PF,29,IND,17,17,603,13.3,24.6,.541,1.2,4.0,.298,12.1,20.6,.588,3.3,5.4,.619,3.6,7.3,10.9,5.4,1.1,0.6,1.6,4.1,31.2,,123,119
178,Jericho Sims,C,25,NYK,5,0,27,3.9,3.9,1.000,0.0,0.0,,3.9,3.9,1.000,5.8,7.7,.750,5.8,9.7,15.5,1.9,3.9,1.9,0.0,1.9,13.5,,202,112
179,Jalen Smith,C,23,IND,7,0,42,3.7,9.8,.375,2.4,4.9,.500,1.2,4.9,.250,6.1,9.8,.625,8.5,8.5,17.1,2.4,2.4,1.2,4.9,9.8,15.9,,110,115
180,Jaden Springer,SG,21,BOS,4,0,22,4.7,7.1,.667,0.0,0.0,,4.7,7.1,.667,0.0,0.0,,0.0,7.1,7.1,2.4,0.0,2.4,4.7,2.4,9.5,,80,111
181,Julian Strawther,SF,21,DEN,3,0,16,6.5,19.5,.333,3.2,13.0,.250,3.2,6.5,.500,6.5,13.0,.500,0.0,6.5,6.5,0.0,3.2,0.0,3.2,9.7,22.7,,81,110
182,Max Strus,SF,27,CLE,12,12,434,5.0,12.3,.408,3.0,8.6,.347,2.0,3.7,.548,0.6,0.6,1.000,1.0,6.7,7.6,4.2,1.1,0.0,1.8,4.9,13.6,,106,114
183,Jalen Suggs,SG,22,ORL,7,7,232,7.2,17.9,.402,3.1,10.5,.292,4.2,7.4,.559,5.0,6.6,.767,2.4,5.5,7.9,5.0,2.0,0.7,4.4,3.9,22.5,,103,102
184,Jayson Tatum,PF,25,BOS,19,19,768,10.8,25.3,.427,2.7,9.4,.283,8.2,15.9,.513,8.0,9.3,.861,1.2,11.4,12.5,8.1,1.4,0.9,3.4,3.7,32.3,,115,108
185,Daniel Theis,C,31,LAC,1,0,4,13.2,13.2,1.000,13.2,13.2,1.000,0.0,0.0,,0.0,0.0,,0.0,13.2,13.2,0.0,0.0,0.0,0.0,0.0,39.6,,300,117
186,Isaiah Thomas,PG,34,PHO,1,0,4,0.0,25.7,.000,0.0,12.8,.000,0.0,12.8,.000,0.0,0.0,,0.0,0.0,0.0,0.0,0.0,0.0,12.8,0.0,0.0,,0,136
187,Tristan Thompson,C,32,CLE,10,0,87,4.2,9.5,.438,0.0,0.0,,4.2,9.5,.438,0.6,1.2,.500,6.0,6.0,11.9,6.0,0.6,3.0,1.2,5.4,8.9,,119,112
188,Xavier Tillman Sr.,PF,25,BOS,8,0,69,3.8,6.1,.625,0.8,0.8,1.000,3.0,5.3,.571,0.8,0.8,1.000,3.0,7.6,10.6,2.3,2.3,2.3,2.3,5.3,9.1,,122,105
189,Obi Toppin,PF,25,IND,17,0,343,10.9,20.2,.541,3.0,8.4,.357,7.9,11.8,.671,2.8,3.7,.760,1.5,9.7,11.2,4.3,0.9,0.9,2.1,3.1,27.6,,123,118
190,Karl-Anthony Towns,PF,28,MIN,16,16,522,10.8,23.2,.466,3.0,8.3,.361,7.8,14.9,.523,5.9,6.9,.855,3.5,10.9,14.4,4.2,1.2,0.3,2.7,5.5,30.5,,119,112
191,P.J. Tucker,PF,38,LAC,2,1,31,6.8,10.2,.667,5.1,6.8,.750,1.7,3.4,.500,0.0,0.0,,5.1,0.0,5.1,0.0,0.0,0.0,5.1,10.2,18.7,,114,126
192,Myles Turner,C,27,IND,17,17,550,9.9,19.1,.517,3.6,8.0,.453,6.2,11.1,.563,3.5,4.7,.760,2.4,8.1,10.5,3.4,0.7,2.3,3.1,4.1,26.9,,118,118
193,Hunter Tyson,PF,23,DEN,3,0,14,0.0,14.8,.000,0.0,11.1,.000,0.0,3.7,.000,3.7,7.4,.500,3.7,7.4,11.1,3.7,0.0,0.0,3.7,0.0,3.7,,41,117
194,Jonas ValanÄiÅ«nas,C,31,NOP,4,4,90,12.4,23.8,.524,0.0,0.6,.000,12.4,23.2,.537,7.9,9.6,.824,10.2,14.7,24.9,2.8,1.1,0.0,5.7,5.1,32.8,,110,111
195,Gabe Vincent,PG,27,LAL,5,0,69,2.2,8.8,.250,0.7,5.1,.143,1.5,3.7,.400,0.0,0.0,,0.7,5.1,5.8,2.2,1.5,0.0,2.2,5.8,5.1,,61,116
196,Dean Wade,PF,27,CLE,3,1,63,3.3,10.7,.308,2.5,8.2,.300,0.8,2.5,.333,0.0,0.0,,0.8,4.1,4.9,4.1,0.8,1.6,1.6,3.3,9.0,,90,115
197,Franz Wagner,SF,22,ORL,7,7,259,8.2,20.2,.408,1.8,6.7,.265,6.5,13.5,.478,7.6,8.6,.886,2.0,7.4,9.4,6.1,1.0,1.8,1.8,3.9,25.9,,119,102
198,Moritz Wagner,C,26,ORL,7,0,105,7.7,17.4,.444,1.0,4.3,.222,6.8,13.0,.519,4.8,8.2,.588,5.3,9.7,15.0,1.0,2.9,1.4,3.9,10.1,21.3,,98,97
199,Jarace Walker,PF,20,IND,9,0,31,5.0,16.5,.300,0.0,5.0,.000,5.0,11.6,.429,3.3,5.0,.667,1.7,5.0,6.6,6.6,3.3,1.7,9.9,3.3,13.2,,63,115
200,Cason Wallace,SG,20,OKC,10,0,198,4.1,10.5,.390,2.3,7.2,.321,1.8,3.3,.538,0.3,0.5,.500,1.8,1.5,3.3,2.6,2.3,0.5,1.0,3.6,10.8,,107,109
201,Jordan Walsh,SF,19,BOS,3,0,11,4.7,14.2,.333,0.0,4.7,.000,4.7,9.5,.500,0.0,0.0,,0.0,9.5,9.5,0.0,0.0,0.0,0.0,0.0,9.5,,71,113
202,T.J. Warren,SF,30,MIN,3,0,11,0.0,9.5,.000,0.0,4.8,.000,0.0,4.8,.000,0.0,0.0,,9.5,4.8,14.3,4.8,0.0,0.0,0.0,0.0,0.0,,87,119
203,P.J. Washington,PF,25,DAL,22,22,785,6.6,15.5,.427,3.1,8.9,.348,3.5,6.6,.535,2.6,3.6,.709,2.2,7.4,9.6,2.1,1.1,1.1,2.1,4.4,18.9,,110,113
204,Lindy Waters III,SG,26,OKC,3,0,9,0.0,5.7,.000,0.0,5.7,.000,0.0,0.0,,0.0,0.0,,0.0,5.7,5.7,0.0,0.0,0.0,0.0,0.0,0.0,,0,112
205,Peyton Watson,SF,21,DEN,10,0,90,3.5,13.9,.250,1.7,6.9,.250,1.7,6.9,.250,1.7,3.5,.500,1.2,7.5,8.7,2.3,0.0,3.5,1.7,5.2,10.4,,74,112
206,Russell Westbrook,PG,35,LAC,6,0,114,6.0,23.1,.260,1.9,7.9,.235,4.2,15.3,.273,3.7,6.0,.615,2.8,8.8,11.6,4.6,3.2,1.4,4.6,5.1,17.6,,75,111
207,Derrick White,SG,29,BOS,19,19,676,8.4,18.6,.452,5.0,12.4,.404,3.4,6.2,.550,2.7,2.9,.921,1.5,4.8,6.3,5.9,1.4,1.8,1.2,3.4,24.6,,131,109
208,Aaron Wiggins,SG,25,OKC,10,0,157,7.5,15.2,.489,1.9,6.5,.300,5.5,8.8,.630,3.2,3.6,.909,2.9,7.5,10.4,3.2,1.9,1.0,2.9,2.6,20.1,,113,105
209,Jalen Williams,PF,22,OKC,10,10,377,10.1,21.6,.469,2.0,5.3,.385,8.1,16.3,.496,3.0,3.6,.815,1.8,7.4,9.2,7.3,2.3,0.7,2.6,2.8,25.2,,113,105
210,Jaylin Williams,C,21,OKC,10,0,127,6.4,13.2,.485,3.6,8.8,.409,2.8,4.4,.636,1.2,1.6,.750,1.6,11.2,12.8,6.0,1.6,1.2,1.2,4.4,17.6,,131,103
211,Kenrich Williams,PF,29,OKC,7,0,32,3.2,12.7,.250,0.0,8.0,.000,3.2,4.8,.667,0.0,0.0,,1.6,11.1,12.7,4.8,1.6,0.0,0.0,4.8,6.4,,80,104
212,Delon Wright,PG,31,MIA,4,1,107,5.9,9.9,.600,3.0,4.9,.600,3.0,4.9,.600,1.0,1.0,1.000,1.0,4.9,5.9,3.5,2.0,0.5,0.0,2.5,15.8,,156,118
213,Thaddeus Young,PF,35,PHO,1,0,4,0.0,0.0,,0.0,0.0,,0.0,0.0,,0.0,0.0,,0.0,0.0,0.0,0.0,0.0,0.0,0.0,0.0,0.0,,,136
214,Ivica Zubac,C,26,LAC,6,6,192,11.5,19.2,.600,0.0,0.0,,11.5,19.2,.600,3.6,5.5,.650,4.9,10.4,15.4,1.6,1.4,0.8,2.2,5.8,26.7,,122,115
