Unnamed: 0_level_0,Unnamed: 1_level_0,Unnamed: 2_level_0,Unnamed: 3_level_0,Unnamed: 4_level_0,Unnamed: 5_level_0,Unnamed: 6_level_0,Unnamed: 7_level_0,Shooting %,Shooting %,Shooting %,Shooting %,Shooting %,Shooting %,Shooting %,Shooting %,League-Adjusted,League-Adjusted,League-Adjusted,League-Adjusted,League-Adjusted,League-Adjusted,League-Adjusted,League-Adjusted,Added,Added,Unnamed: 26_level_0
Rk,Player,Age,Team,Pos,G,GS,MP,FG%,2P%,3P%,eFG%,FT%,TS%,FTr,3PAr,FG+,2P+,3P+,eFG+,FT+,TS+,FTr+,3PAr+,FG Add,TS Add,Awards
1.0,Tyrese Maxey,25.0,PHI,PG,41.0,41.0,1621.0,0.471,0.524,0.391,0.549,0.88,0.598,0.272,0.399,100.0,96.0,109.0,101.0,112.0,103.0,102.0,96.0,10.3,35.1,
2.0,Amen Thompson,23.0,HOU,PG,43.0,43.0,1606.0,0.513,0.564,0.195,0.527,0.797,0.577,0.348,0.138,109.0,103.0,54.0,97.0,101.0,99.0,130.0,33.0,-20.0,-4.4,
3.0,Scottie Barnes,24.0,TOR,PF,46.0,46.0,1591.0,0.501,0.55,0.315,0.534,0.826,0.576,0.261,0.207,107.0,100.0,88.0,98.0,105.0,99.0,97.0,50.0,-13.7,-7.7,
4.0,Toumani Camara,25.0,POR,PF,46.0,46.0,1558.0,0.431,0.585,0.354,0.549,0.711,0.567,0.169,0.667,92.0,107.0,98.0,101.0,90.0,98.0,63.0,161.0,5.0,-14.7,
5.0,DeMar DeRozan,36.0,SAC,PF,46.0,46.0,1540.0,0.506,0.534,0.354,0.534,0.874,0.603,0.404,0.157,108.0,98.0,99.0,98.0,111.0,104.0,151.0,38.0,-12.4,32.4,
6.0,Dyson Daniels,22.0,ATL,SG,45.0,45.0,1537.0,0.498,0.56,0.109,0.505,0.622,0.52,0.177,0.138,106.0,102.0,30.0,93.0,79.0,90.0,66.0,33.0,-35.6,-60.6,
7.0,Trey Murphy III,25.0,NOP,SF,43.0,43.0,1535.0,0.494,0.614,0.381,0.592,0.906,0.636,0.252,0.515,105.0,112.0,106.0,109.0,115.0,110.0,94.0,124.0,65.7,83.4,
8.0,Jalen Johnson,24.0,ATL,SF,43.0,43.0,1532.0,0.512,0.569,0.357,0.56,0.78,0.601,0.326,0.27,109.0,104.0,99.0,103.0,99.0,103.0,122.0,65.0,23.6,33.6,
9.0,Brandon Ingram,28.0,TOR,SF,45.0,45.0,1531.0,0.471,0.516,0.362,0.523,0.834,0.568,0.266,0.291,100.0,94.0,101.0,96.0,106.0,98.0,99.0,70.0,-31.4,-21.9,
10.0,Mikal Bridges,29.0,NYK,SF,44.0,43.0,1526.0,0.504,0.588,0.399,0.593,0.787,0.604,0.085,0.448,107.0,107.0,111.0,109.0,100.0,104.0,32.0,108.0,54.5,26.7,
11.0,Keyonte George,22.0,UTA,PG,44.0,44.0,1514.0,0.459,0.513,0.383,0.538,0.904,0.616,0.429,0.414,98.0,94.0,107.0,99.0,115.0,106.0,160.0,100.0,-8.0,61.7,
12.0,Julius Randle,31.0,MIN,PF,45.0,45.0,1513.0,0.494,0.559,0.34,0.544,0.811,0.603,0.418,0.298,105.0,102.0,95.0,100.0,103.0,104.0,156.0,72.0,0.8,37.7,
13.0,Kevin Durant,37.0,HOU,SF,41.0,41.0,1511.0,0.516,0.567,0.406,0.58,0.885,0.636,0.344,0.318,110.0,104.0,113.0,107.0,113.0,110.0,129.0,77.0,53.7,94.3,
14.0,Pascal Siakam,31.0,IND,PF,44.0,44.0,1492.0,0.483,0.517,0.385,0.533,0.677,0.563,0.323,0.262,103.0,95.0,107.0,98.0,86.0,97.0,121.0,63.0,-17.2,-33.5,
15.0,Nickeil Alexander-Walker,27.0,ATL,SG,45.0,38.0,1482.0,0.442,0.509,0.379,0.54,0.873,0.584,0.245,0.516,94.0,93.0,106.0,99.0,111.0,101.0,92.0,124.0,-5.7,4.9,
16.0,Jabari Smith Jr.,22.0,HOU,PF,42.0,42.0,1470.0,0.431,0.515,0.346,0.517,0.743,0.544,0.209,0.493,92.0,94.0,96.0,95.0,95.0,94.0,78.0,119.0,-29.2,-42.7,
17.0,Shai Gilgeous-Alexander,27.0,OKC,PG,44.0,44.0,1469.0,0.557,0.608,0.396,0.605,0.894,0.674,0.464,0.242,119.0,111.0,110.0,111.0,114.0,116.0,173.0,58.0,106.5,197.6,
18.0,Deni Avdija,25.0,POR,SF,42.0,42.0,1464.0,0.471,0.542,0.356,0.539,0.807,0.616,0.58,0.382,100.0,99.0,99.0,99.0,103.0,106.0,217.0,92.0,-6.8,62.6,
19.0,James Harden,36.0,LAC,PG,41.0,41.0,1463.0,0.419,0.497,0.342,0.505,0.899,0.596,0.485,0.5,89.0,91.0,95.0,93.0,114.0,103.0,181.0,121.0,-57.0,26.7,
20.0,Desmond Bane,27.0,ORL,SG,43.0,43.0,1455.0,0.452,0.506,0.34,0.507,0.931,0.56,0.244,0.324,96.0,92.0,95.0,93.0,118.0,97.0,91.0,78.0,-48.3,-29.3,
21.0,Jamal Murray,28.0,DEN,PG,41.0,41.0,1453.0,0.49,0.518,0.448,0.579,0.892,0.621,0.24,0.397,104.0,95.0,125.0,107.0,114.0,107.0,90.0,96.0,55.2,69.1,
22.0,Miles Bridges,27.0,CHO,PF,44.0,44.0,1444.0,0.443,0.533,0.332,0.517,0.839,0.561,0.255,0.448,94.0,97.0,93.0,95.0,107.0,97.0,95.0,108.0,-34.6,-28.0,
23.0,Onyeka Okongwu,25.0,ATL,C,45.0,34.0,1443.0,0.484,0.571,0.369,0.564,0.782,0.592,0.219,0.431,103.0,104.0,103.0,104.0,100.0,102.0,82.0,104.0,22.5,14.5,
24.0,Donte DiVincenzo,29.0,MIN,SG,45.0,45.0,1435.0,0.414,0.534,0.375,0.556,0.767,0.576,0.151,0.756,88.0,98.0,105.0,102.0,98.0,99.0,56.0,182.0,11.8,-5.1,
25.0,Immanuel Quickley,26.0,TOR,PG,44.0,44.0,1433.0,0.439,0.525,0.36,0.533,0.814,0.571,0.246,0.522,94.0,96.0,100.0,98.0,104.0,98.0,92.0,126.0,-12.6,-12.1,
26.0,Derrick White,31.0,BOS,SG,42.0,42.0,1432.0,0.391,0.489,0.323,0.486,0.886,0.526,0.19,0.587,83.0,89.0,90.0,89.0,113.0,91.0,71.0,142.0,-74.8,-76.4,
27.0,Donovan Mitchell,29.0,CLE,SG,42.0,42.0,1431.0,0.482,0.573,0.383,0.573,0.84,0.617,0.295,0.479,103.0,105.0,107.0,105.0,107.0,106.0,110.0,116.0,51.7,72.2,
28.0,Cooper Flagg,19.0,DAL,SF,42.0,42.0,1421.0,0.477,0.535,0.283,0.509,0.798,0.554,0.289,0.229,102.0,98.0,79.0,94.0,101.0,95.0,108.0,55.0,-43.4,-37.5,
29.0,Kon Knueppel,20.0,CHO,SF,44.0,43.0,1417.0,0.482,0.56,0.423,0.603,0.9,0.637,0.199,0.573,103.0,102.0,118.0,111.0,114.0,110.0,74.0,138.0,71.4,73.7,
30.0,Payton Pritchard,28.0,BOS,PG,43.0,43.0,1413.0,0.451,0.57,0.344,0.542,0.867,0.567,0.138,0.527,96.0,104.0,96.0,100.0,110.0,98.0,52.0,127.0,-2.6,-17.2,
31.0,Jaylen Brown,29.0,BOS,SF,41.0,41.0,1411.0,0.483,0.526,0.366,0.532,0.781,0.577,0.332,0.267,103.0,96.0,102.0,98.0,99.0,99.0,124.0,64.0,-21.5,-6.7,
32.0,VJ Edgecombe,20.0,PHI,SG,39.0,39.0,1399.0,0.429,0.475,0.368,0.509,0.766,0.535,0.178,0.431,91.0,87.0,103.0,94.0,97.0,92.0,66.0,104.0,-37.3,-52.2,
33.0,Devin Booker,29.0,PHO,SG,41.0,41.0,1394.0,0.456,0.517,0.313,0.503,0.864,0.58,0.438,0.297,97.0,94.0,87.0,92.0,110.0,100.0,164.0,72.0,-61.9,-1.1,
34.0,Ryan Rollins,23.0,MIL,PG,44.0,39.0,1390.0,0.459,0.509,0.392,0.543,0.764,0.563,0.151,0.431,98.0,93.0,109.0,100.0,97.0,97.0,56.0,104.0,-0.7,-21.7,
35.0,Jaden McDaniels,25.0,MIN,PF,43.0,43.0,1386.0,0.516,0.559,0.417,0.579,0.842,0.615,0.239,0.302,110.0,102.0,116.0,106.0,107.0,106.0,89.0,73.0,33.3,35.9,
36.0,Russell Westbrook,37.0,SAC,SF,46.0,40.0,1367.0,0.435,0.503,0.351,0.513,0.696,0.538,0.224,0.445,93.0,92.0,98.0,94.0,89.0,93.0,84.0,107.0,-36.6,-55.9,
37.0,Rudy Gobert,33.0,MIN,C,43.0,43.0,1363.0,0.716,0.719,0.0,0.716,0.506,0.686,0.605,0.004,153.0,131.0,0.0,132.0,64.0,118.0,226.0,1.0,93.3,72.6,
38.0,Jalen Brunson,29.0,NYK,PG,39.0,38.0,1341.0,0.478,0.535,0.379,0.547,0.852,0.594,0.283,0.366,102.0,98.0,106.0,101.0,108.0,102.0,106.0,88.0,5.8,24.4,
39.0,Evan Mobley,24.0,CLE,PF,40.0,38.0,1332.0,0.517,0.596,0.309,0.559,0.636,0.581,0.342,0.277,110.0,109.0,86.0,103.0,81.0,100.0,128.0,67.0,16.9,0.3,
40.0,Nikola VuÄeviÄ,35.0,CHI,C,43.0,43.0,1321.0,0.504,0.571,0.373,0.567,0.81,0.583,0.106,0.339,107.0,104.0,104.0,104.0,103.0,100.0,40.0,82.0,28.1,3.3,
41.0,Royce O'Neale,32.0,PHO,SF,45.0,40.0,1319.0,0.431,0.493,0.417,0.602,0.632,0.605,0.051,0.822,92.0,90.0,116.0,111.0,80.0,104.0,19.0,198.0,44.1,18.7,
42.0,Cade Cunningham,24.0,DET,PG,37.0,37.0,1314.0,0.451,0.508,0.321,0.5,0.823,0.561,0.369,0.304,96.0,93.0,89.0,92.0,105.0,97.0,138.0,73.0,-62.8,-33.1,
43.0,Karl-Anthony Towns,30.0,NYK,C,41.0,40.0,1313.0,0.469,0.52,0.363,0.528,0.86,0.601,0.445,0.325,100.0,95.0,101.0,97.0,109.0,104.0,166.0,79.0,-18.9,29.6,
44.0,Anthony Black,22.0,ORL,PG,43.0,23.0,1312.0,0.459,0.521,0.354,0.525,0.726,0.561,0.311,0.37,98.0,95.0,99.0,96.0,92.0,97.0,116.0,89.0,-20.1,-23.7,
45.0,Naji Marshall,28.0,DAL,SF,45.0,22.0,1306.0,0.548,0.648,0.313,0.595,0.792,0.639,0.384,0.299,117.0,118.0,87.0,109.0,101.0,110.0,143.0,72.0,44.7,59.6,
46.0,Andrew Wiggins,30.0,MIA,SF,41.0,41.0,1294.0,0.471,0.513,0.398,0.544,0.783,0.569,0.173,0.369,100.0,94.0,111.0,100.0,100.0,98.0,65.0,89.0,0.6,-13.5,
47.0,Julian Champagnie,24.0,SAS,SF,45.0,31.0,1290.0,0.427,0.587,0.379,0.573,0.826,0.605,0.216,0.769,91.0,107.0,106.0,105.0,105.0,104.0,81.0,185.0,23.2,20.9,
48.0,Peyton Watson,23.0,DEN,SF,43.0,33.0,1287.0,0.508,0.554,0.421,0.581,0.742,0.615,0.344,0.346,108.0,101.0,117.0,107.0,94.0,106.0,129.0,84.0,32.6,35.1,
49.0,Luka DonÄiÄ,26.0,LAL,PG,35.0,35.0,1273.0,0.465,0.575,0.333,0.541,0.785,0.605,0.506,0.455,99.0,105.0,93.0,100.0,100.0,104.0,189.0,110.0,-4.2,47.2,
50.0,Collin Gillespie,26.0,PHO,PG,45.0,26.0,1272.0,0.444,0.482,0.424,0.582,0.847,0.601,0.124,0.648,95.0,88.0,118.0,107.0,108.0,104.0,46.0,156.0,36.3,21.0,
51.0,Harrison Barnes,33.0,SAS,PF,45.0,45.0,1271.0,0.432,0.546,0.358,0.54,0.87,0.577,0.201,0.604,92.0,100.0,100.0,99.0,111.0,99.0,75.0,146.0,-2.6,-3.2,
52.0,CJ McCollum,34.0,2TM,PG,42.0,36.0,1269.0,0.45,0.51,0.376,0.534,0.771,0.562,0.206,0.444,96.0,93.0,105.0,98.0,98.0,97.0,77.0,107.0,-12.6,-25.2,
52.0,CJ McCollum,34.0,WAS,SG,35.0,35.0,1082.0,0.454,0.505,0.393,0.544,0.804,0.573,0.193,0.461,97.0,92.0,110.0,100.0,102.0,99.0,72.0,111.0,0.7,-8.3,
52.0,CJ McCollum,34.0,ATL,PG,7.0,1.0,187.0,0.434,0.529,0.263,0.481,0.655,0.509,0.274,0.358,92.0,97.0,73.0,88.0,83.0,88.0,102.0,86.0,-13.3,-16.9,
53.0,Quentin Grimes,25.0,PHI,SG,41.0,7.0,1267.0,0.433,0.544,0.353,0.536,0.861,0.593,0.337,0.579,92.0,99.0,98.0,99.0,110.0,102.0,126.0,140.0,-6.5,11.6,
54.0,Anthony Edwards,24.0,MIN,SG,36.0,36.0,1266.0,0.495,0.557,0.406,0.579,0.795,0.622,0.347,0.414,105.0,102.0,113.0,106.0,101.0,107.0,130.0,100.0,51.9,70.3,
55.0,Shaedon Sharpe,22.0,POR,SG,42.0,36.0,1265.0,0.455,0.515,0.339,0.513,0.777,0.547,0.236,0.338,97.0,94.0,94.0,94.0,99.0,94.0,88.0,82.0,-47.5,-55.9,
56.0,Jaren Jackson Jr.,26.0,MEM,C,41.0,41.0,1252.0,0.479,0.533,0.363,0.537,0.779,0.576,0.288,0.318,102.0,97.0,101.0,99.0,99.0,99.0,108.0,77.0,-8.2,-6.0,
57.0,Jeremiah Fears,19.0,NOP,PG,47.0,44.0,1238.0,0.435,0.475,0.325,0.478,0.809,0.52,0.24,0.267,93.0,87.0,90.0,88.0,103.0,90.0,90.0,64.0,-74.5,-75.7,
58.0,Noah Clowney,21.0,BRK,PF,43.0,36.0,1237.0,0.388,0.509,0.319,0.49,0.802,0.548,0.366,0.637,83.0,93.0,89.0,90.0,102.0,94.0,137.0,154.0,-47.7,-33.1,
59.0,Brandin Podziemski,22.0,GSW,SG,46.0,14.0,1233.0,0.463,0.529,0.393,0.559,0.736,0.586,0.245,0.488,99.0,97.0,110.0,103.0,94.0,101.0,92.0,118.0,13.2,5.3,
60.0,Wendell Carter Jr.,26.0,ORL,C,41.0,41.0,1233.0,0.509,0.611,0.353,0.579,0.766,0.619,0.366,0.397,108.0,112.0,98.0,106.0,97.0,107.0,137.0,96.0,24.4,31.2,
61.0,Alperen ÅengÃ¼n,23.0,HOU,C,36.0,36.0,1232.0,0.508,0.54,0.299,0.527,0.693,0.564,0.369,0.132,108.0,99.0,83.0,97.0,88.0,97.0,138.0,32.0,-19.0,-22.8,
62.0,Bub Carrington,20.0,WAS,PG,43.0,16.0,1227.0,0.398,0.392,0.403,0.518,0.754,0.54,0.157,0.593,85.0,72.0,112.0,95.0,96.0,93.0,59.0,143.0,-18.8,-31.8,
63.0,Matas Buzelis,21.0,CHI,PF,44.0,44.0,1226.0,0.478,0.581,0.357,0.56,0.78,0.594,0.267,0.46,102.0,106.0,99.0,103.0,99.0,102.0,100.0,111.0,15.8,15.0,
64.0,Tim Hardaway Jr.,33.0,DEN,SG,45.0,5.0,1223.0,0.443,0.557,0.392,0.579,0.9,0.618,0.219,0.693,94.0,102.0,109.0,106.0,114.0,106.0,82.0,167.0,32.1,37.5,
65.0,Nic Claxton,26.0,BRK,C,41.0,39.0,1222.0,0.584,0.598,0.167,0.587,0.647,0.61,0.413,0.033,124.0,109.0,46.0,108.0,82.0,105.0,154.0,8.0,31.3,24.9,
66.0,Kris Dunn,31.0,LAC,PG,44.0,38.0,1211.0,0.487,0.593,0.372,0.576,0.792,0.6,0.178,0.48,104.0,108.0,104.0,106.0,101.0,103.0,67.0,116.0,17.5,11.1,
67.0,Norman Powell,32.0,MIA,SG,39.0,39.0,1204.0,0.484,0.549,0.406,0.575,0.845,0.626,0.344,0.45,103.0,100.0,113.0,106.0,107.0,108.0,129.0,108.0,40.4,66.7,
68.0,Dillon Brooks,30.0,PHO,SF,39.0,39.0,1203.0,0.435,0.5,0.344,0.507,0.855,0.546,0.208,0.417,93.0,91.0,96.0,93.0,109.0,94.0,78.0,101.0,-48.9,-50.1,
69.0,Max Christie,22.0,DAL,SG,41.0,32.0,1199.0,0.485,0.531,0.457,0.627,0.855,0.655,0.203,0.619,103.0,97.0,127.0,115.0,109.0,113.0,76.0,149.0,62.2,60.8,
70.0,Derik Queen,21.0,NOP,C,46.0,34.0,1196.0,0.49,0.521,0.19,0.499,0.786,0.551,0.343,0.094,104.0,95.0,53.0,92.0,100.0,95.0,128.0,23.0,-40.3,-31.0,
71.0,Saddiq Bey,26.0,NOP,SF,40.0,32.0,1195.0,0.45,0.534,0.335,0.521,0.828,0.571,0.312,0.419,96.0,98.0,93.0,96.0,105.0,98.0,117.0,101.0,-22.3,-10.1,
72.0,Myles Turner,29.0,MIL,C,42.0,42.0,1190.0,0.426,0.484,0.388,0.543,0.761,0.578,0.283,0.602,91.0,88.0,108.0,100.0,97.0,100.0,106.0,145.0,-0.9,-2.0,
73.0,Ivica Zubac,28.0,LAC,C,38.0,37.0,1187.0,0.603,0.603,,0.603,0.732,0.628,0.28,0.0,128.0,110.0,,111.0,93.0,108.0,105.0,0.0,47.0,42.3,
74.0,Lauri Markkanen,28.0,UTA,PF,33.0,33.0,1187.0,0.483,0.563,0.365,0.557,0.884,0.616,0.345,0.405,103.0,103.0,102.0,102.0,112.0,106.0,129.0,98.0,17.2,52.9,
75.0,Duncan Robinson,31.0,DET,SF,41.0,41.0,1183.0,0.438,0.57,0.403,0.597,0.734,0.613,0.17,0.79,93.0,104.0,112.0,110.0,93.0,106.0,63.0,191.0,40.0,26.6,
76.0,Jimmy Butler,36.0,GSW,SF,38.0,38.0,1182.0,0.519,0.552,0.376,0.554,0.864,0.646,0.621,0.184,111.0,101.0,105.0,102.0,110.0,111.0,232.0,44.0,9.6,77.0,
77.0,Naz Reid,26.0,MIN,C,45.0,2.0,1181.0,0.474,0.572,0.392,0.581,0.783,0.598,0.133,0.545,101.0,105.0,109.0,107.0,100.0,103.0,50.0,132.0,38.6,19.1,
78.0,A.J. Green,26.0,MIL,SG,40.0,40.0,1181.0,0.445,0.517,0.437,0.643,0.8,0.654,0.097,0.906,95.0,95.0,122.0,118.0,102.0,113.0,36.0,219.0,61.1,47.1,
79.0,Cason Wallace,22.0,OKC,SG,44.0,35.0,1171.0,0.412,0.472,0.365,0.515,0.733,0.529,0.102,0.568,88.0,86.0,102.0,95.0,93.0,91.0,38.0,137.0,-16.7,-31.7,
80.0,De'Aaron Fox,28.0,SAS,PG,36.0,36.0,1171.0,0.479,0.556,0.355,0.547,0.797,0.584,0.261,0.383,102.0,102.0,99.0,101.0,101.0,101.0,98.0,92.0,3.5,4.2,
81.0,Jake LaRavia,24.0,LAL,PF,43.0,22.0,1170.0,0.462,0.565,0.345,0.543,0.753,0.576,0.269,0.468,98.0,103.0,96.0,100.0,96.0,99.0,101.0,113.0,-0.6,-3.3,
82.0,Chet Holmgren,23.0,OKC,PF,40.0,40.0,1168.0,0.572,0.656,0.384,0.631,0.77,0.663,0.341,0.309,122.0,120.0,107.0,116.0,98.0,114.0,127.0,75.0,82.7,89.7,
83.0,Davion Mitchell,27.0,MIA,PG,40.0,40.0,1167.0,0.47,0.513,0.4,0.546,0.651,0.557,0.141,0.378,100.0,94.0,111.0,100.0,83.0,96.0,53.0,91.0,1.4,-14.9,
84.0,Michael Porter Jr.,27.0,BRK,SF,35.0,34.0,1162.0,0.481,0.572,0.394,0.582,0.849,0.617,0.233,0.513,102.0,105.0,110.0,107.0,108.0,106.0,87.0,124.0,49.9,53.2,
85.0,Jaylen Wells,22.0,MEM,SG,43.0,43.0,1161.0,0.405,0.49,0.326,0.49,0.777,0.53,0.259,0.519,86.0,90.0,91.0,90.0,99.0,91.0,97.0,125.0,-46.8,-48.8,
86.0,Andrew Nembhard,26.0,IND,PG,36.0,36.0,1153.0,0.451,0.502,0.364,0.518,0.815,0.566,0.305,0.372,96.0,92.0,101.0,95.0,104.0,98.0,114.0,90.0,-25.3,-15.9,
87.0,Donovan Clingan,21.0,POR,C,42.0,42.0,1151.0,0.535,0.661,0.311,0.591,0.67,0.612,0.312,0.359,114.0,121.0,87.0,109.0,85.0,105.0,117.0,87.0,32.3,24.1,
88.0,Jaime Jaquez Jr.,24.0,MIA,SF,40.0,1.0,1151.0,0.517,0.559,0.271,0.536,0.744,0.57,0.277,0.146,110.0,102.0,76.0,99.0,95.0,98.0,104.0,35.0,-7.0,-11.3,
89.0,Santi Aldama,25.0,MEM,PF,41.0,9.0,1147.0,0.478,0.573,0.349,0.552,0.673,0.572,0.236,0.423,102.0,105.0,97.0,101.0,86.0,98.0,88.0,102.0,7.3,-8.8,
90.0,Bam Adebayo,28.0,MIA,C,37.0,37.0,1144.0,0.45,0.493,0.35,0.503,0.776,0.546,0.296,0.304,96.0,90.0,97.0,92.0,99.0,94.0,111.0,73.0,-43.1,-40.6,
91.0,Stephen Curry,37.0,GSW,PG,36.0,36.0,1141.0,0.47,0.586,0.392,0.588,0.928,0.635,0.259,0.601,100.0,107.0,109.0,108.0,118.0,109.0,97.0,145.0,61.1,84.9,
92.0,Jaylon Tyson,23.0,CLE,SG,41.0,26.0,1134.0,0.512,0.553,0.459,0.612,0.742,0.627,0.159,0.435,109.0,101.0,128.0,113.0,94.0,108.0,59.0,105.0,56.6,41.3,
93.0,Sion James,23.0,CHO,SG,45.0,18.0,1131.0,0.384,0.416,0.362,0.491,0.873,0.553,0.324,0.594,82.0,76.0,101.0,90.0,111.0,95.0,121.0,143.0,-23.2,-13.6,
94.0,Ajay Mitchell,23.0,OKC,SG,43.0,9.0,1129.0,0.487,0.545,0.35,0.539,0.87,0.59,0.287,0.3,104.0,100.0,98.0,99.0,111.0,102.0,107.0,72.0,-3.9,9.6,
95.0,John Collins,28.0,LAC,PF,41.0,32.0,1128.0,0.559,0.629,0.427,0.633,0.807,0.658,0.221,0.348,119.0,115.0,119.0,116.0,103.0,113.0,82.0,84.0,67.1,64.0,
96.0,Bruce Brown,29.0,DEN,SG,46.0,2.0,1121.0,0.453,0.491,0.323,0.49,0.774,0.523,0.216,0.226,97.0,90.0,90.0,90.0,98.0,90.0,81.0,55.0,-31.1,-35.9,
97.0,Stephon Castle,21.0,SAS,PG,36.0,36.0,1117.0,0.451,0.529,0.282,0.496,0.721,0.554,0.502,0.316,96.0,97.0,78.0,91.0,92.0,95.0,188.0,76.0,-43.4,-29.0,
98.0,Paolo Banchero,23.0,ORL,PF,33.0,33.0,1115.0,0.453,0.509,0.276,0.486,0.76,0.553,0.484,0.238,97.0,93.0,77.0,89.0,97.0,95.0,181.0,58.0,-59.1,-34.8,
99.0,OG Anunoby,28.0,NYK,PF,34.0,33.0,1111.0,0.453,0.551,0.339,0.531,0.803,0.578,0.318,0.465,96.0,101.0,94.0,98.0,102.0,100.0,119.0,112.0,-10.0,-2.3,
100.0,Nikola JokiÄ,30.0,DEN,C,32.0,32.0,1106.0,0.605,0.67,0.435,0.665,0.853,0.713,0.425,0.275,129.0,122.0,121.0,122.0,109.0,123.0,159.0,66.0,136.0,176.2,
101.0,Kyle Kuzma,30.0,MIL,PF,42.0,18.0,1102.0,0.493,0.569,0.314,0.54,0.73,0.574,0.303,0.301,105.0,104.0,87.0,99.0,93.0,99.0,113.0,73.0,-3.2,-6.1,
102.0,Deandre Ayton,27.0,LAL,C,38.0,38.0,1096.0,0.681,0.681,,0.681,0.636,0.684,0.188,0.0,145.0,124.0,,125.0,81.0,118.0,70.0,0.0,96.3,78.7,
103.0,Zach LaVine,30.0,SAC,SG,34.0,33.0,1096.0,0.486,0.565,0.399,0.581,0.866,0.621,0.247,0.474,104.0,103.0,111.0,107.0,110.0,107.0,92.0,114.0,35.9,42.7,
104.0,De'Andre Hunter,28.0,CLE,SF,41.0,23.0,1081.0,0.42,0.53,0.306,0.496,0.879,0.553,0.292,0.491,90.0,97.0,85.0,91.0,112.0,95.0,109.0,118.0,-43.5,-28.3,
105.0,Keldon Johnson,26.0,SAS,SF,45.0,0.0,1079.0,0.556,0.632,0.406,0.624,0.788,0.655,0.288,0.337,118.0,116.0,113.0,115.0,100.0,113.0,108.0,81.0,66.1,68.7,
106.0,Anfernee Simons,26.0,BOS,SG,44.0,0.0,1078.0,0.433,0.486,0.394,0.546,0.884,0.572,0.138,0.575,92.0,89.0,110.0,100.0,112.0,99.0,52.0,139.0,2.4,-8.6,
107.0,Jarace Walker,22.0,IND,PF,46.0,14.0,1075.0,0.381,0.401,0.363,0.476,0.768,0.514,0.245,0.518,81.0,73.0,101.0,87.0,98.0,89.0,92.0,125.0,-52.9,-57.0,
108.0,Moses Moody,23.0,GSW,SG,44.0,33.0,1073.0,0.43,0.5,0.394,0.561,0.797,0.587,0.186,0.665,92.0,91.0,110.0,103.0,101.0,101.0,70.0,160.0,12.6,5.1,
109.0,Reed Sheppard,21.0,HOU,SG,43.0,4.0,1073.0,0.44,0.485,0.407,0.556,0.769,0.571,0.111,0.57,94.0,89.0,113.0,102.0,98.0,98.0,41.0,138.0,11.9,-9.3,
110.0,Cedric Coward,22.0,MEM,SG,40.0,27.0,1065.0,0.473,0.567,0.348,0.548,0.85,0.589,0.249,0.429,101.0,104.0,97.0,101.0,108.0,101.0,93.0,103.0,3.5,8.2,
111.0,Kyshawn George,22.0,WAS,SF,34.0,34.0,1065.0,0.459,0.511,0.397,0.549,0.772,0.578,0.22,0.452,98.0,93.0,111.0,101.0,98.0,100.0,82.0,109.0,4.4,-2.3,
112.0,Jamal Shead,23.0,TOR,PG,47.0,7.0,1049.0,0.366,0.404,0.333,0.456,0.789,0.497,0.23,0.544,78.0,74.0,93.0,84.0,100.0,86.0,86.0,131.0,-54.0,-57.1,
113.0,Neemias Queta,26.0,BOS,C,42.0,42.0,1047.0,0.657,0.667,0.0,0.657,0.657,0.67,0.368,0.014,140.0,122.0,0.0,121.0,84.0,115.0,138.0,3.0,62.8,57.3,
114.0,Bobby Portis,30.0,MIL,PF,44.0,6.0,1042.0,0.486,0.5,0.465,0.578,0.75,0.588,0.085,0.395,104.0,91.0,130.0,106.0,95.0,101.0,32.0,95.0,32.6,7.4,
115.0,Kawhi Leonard,34.0,LAC,SF,31.0,31.0,1039.0,0.497,0.554,0.4,0.571,0.942,0.632,0.314,0.371,106.0,101.0,111.0,105.0,120.0,109.0,117.0,90.0,33.0,70.3,
116.0,Kel'el Ware,21.0,MIA,C,43.0,27.0,1023.0,0.54,0.602,0.415,0.609,0.815,0.632,0.177,0.335,115.0,110.0,115.0,112.0,104.0,109.0,66.0,81.0,47.9,40.7,
117.0,Tre Jones,26.0,CHI,PG,38.0,20.0,1020.0,0.55,0.609,0.328,0.584,0.848,0.648,0.457,0.212,117.0,111.0,91.0,107.0,108.0,112.0,171.0,51.0,24.6,48.8,
118.0,Devin Vassell,25.0,SAS,SG,32.0,32.0,1020.0,0.422,0.477,0.379,0.529,0.868,0.561,0.171,0.563,90.0,87.0,106.0,97.0,110.0,97.0,64.0,136.0,-11.8,-16.9,
119.0,Jalen Duren,22.0,DET,C,36.0,36.0,1019.0,0.627,0.627,,0.627,0.723,0.66,0.475,0.0,134.0,115.0,,115.0,92.0,114.0,178.0,0.0,66.8,77.7,
120.0,Draymond Green,35.0,GSW,PF,38.0,38.0,1014.0,0.426,0.56,0.331,0.523,0.694,0.542,0.174,0.589,91.0,102.0,92.0,96.0,88.0,93.0,65.0,142.0,-11.7,-23.5,
121.0,Ausar Thompson,23.0,DET,SF,39.0,38.0,1012.0,0.51,0.525,0.263,0.518,0.574,0.537,0.381,0.056,109.0,96.0,73.0,95.0,73.0,92.0,142.0,14.0,-17.6,-34.5,
122.0,Rui Hachimura,27.0,LAL,PF,33.0,27.0,1010.0,0.502,0.566,0.419,0.594,0.763,0.608,0.123,0.44,107.0,103.0,117.0,109.0,97.0,105.0,46.0,106.0,31.0,17.8,
123.0,Josh Giddey,23.0,CHI,PG,31.0,30.0,1010.0,0.468,0.514,0.378,0.532,0.762,0.58,0.38,0.335,100.0,94.0,105.0,98.0,97.0,100.0,142.0,81.0,-10.7,-1.0,
124.0,Sam Hauser,28.0,BOS,PF,43.0,15.0,1008.0,0.421,0.526,0.406,0.6,0.9,0.605,0.031,0.882,90.0,96.0,113.0,110.0,114.0,104.0,12.0,213.0,35.9,16.2,
125.0,Cam Spencer,25.0,MEM,SG,42.0,11.0,1001.0,0.484,0.515,0.464,0.627,0.919,0.669,0.254,0.617,103.0,94.0,129.0,115.0,117.0,115.0,95.0,149.0,56.4,66.5,
126.0,Josh Hart,30.0,NYK,SF,33.0,18.0,1001.0,0.498,0.574,0.4,0.585,0.789,0.609,0.191,0.435,106.0,105.0,111.0,108.0,100.0,105.0,71.0,105.0,24.9,18.7,
127.0,Moussa DiabatÃ©,24.0,CHO,C,41.0,15.0,999.0,0.625,0.625,,0.625,0.65,0.649,0.6,0.0,133.0,114.0,,115.0,83.0,112.0,224.0,0.0,32.5,34.5,
128.0,P.J. Washington,27.0,DAL,PF,32.0,31.0,995.0,0.454,0.526,0.318,0.509,0.685,0.539,0.282,0.345,97.0,96.0,89.0,94.0,87.0,93.0,105.0,83.0,-26.5,-35.9,
129.0,Sandro Mamukelashvili,26.0,TOR,C,45.0,10.0,993.0,0.53,0.647,0.38,0.613,0.744,0.633,0.215,0.436,113.0,118.0,106.0,113.0,95.0,109.0,81.0,105.0,50.3,41.8,
130.0,Vit Krejci,25.0,ATL,PG,43.0,7.0,989.0,0.461,0.594,0.425,0.628,0.75,0.639,0.121,0.785,98.0,108.0,118.0,115.0,95.0,110.0,45.0,189.0,50.0,36.8,
131.0,Ayo Dosunmu,26.0,CHI,SG,38.0,7.0,989.0,0.511,0.547,0.459,0.604,0.857,0.635,0.213,0.403,109.0,100.0,128.0,111.0,109.0,109.0,79.0,97.0,47.5,47.5,
132.0,Kyle Filipowski,22.0,UTA,C,44.0,15.0,985.0,0.462,0.544,0.31,0.517,0.708,0.549,0.29,0.35,98.0,99.0,86.0,95.0,90.0,95.0,108.0,85.0,-17.9,-23.4,
133.0,Luguentz Dort,26.0,OKC,SF,36.0,36.0,978.0,0.393,0.541,0.338,0.517,0.88,0.535,0.092,0.728,84.0,99.0,94.0,95.0,112.0,92.0,34.0,176.0,-14.8,-25.6,
134.0,Marcus Smart,31.0,LAL,SG,34.0,27.0,968.0,0.407,0.55,0.324,0.509,0.886,0.56,0.256,0.634,87.0,100.0,90.0,94.0,113.0,96.0,96.0,153.0,-18.9,-12.7,
135.0,Gary Trent Jr.,27.0,MIL,SG,40.0,17.0,967.0,0.378,0.434,0.356,0.507,0.818,0.526,0.11,0.722,81.0,79.0,99.0,93.0,104.0,91.0,41.0,174.0,-22.1,-34.0,
136.0,Terance Mann,29.0,BRK,SG,38.0,35.0,966.0,0.447,0.521,0.337,0.515,0.821,0.554,0.236,0.401,95.0,95.0,94.0,95.0,104.0,95.0,88.0,97.0,-13.7,-13.8,
137.0,Spencer Jones,24.0,DEN,SF,41.0,29.0,963.0,0.514,0.68,0.394,0.628,0.634,0.637,0.229,0.581,110.0,124.0,110.0,116.0,81.0,110.0,86.0,140.0,30.3,22.2,
138.0,LaMelo Ball,24.0,CHO,PG,35.0,32.0,956.0,0.407,0.462,0.362,0.507,0.884,0.54,0.163,0.554,87.0,84.0,101.0,93.0,112.0,93.0,61.0,134.0,-43.0,-50.5,
139.0,Mark Williams,24.0,PHO,C,40.0,36.0,955.0,0.652,0.65,1.0,0.653,0.784,0.694,0.467,0.003,139.0,119.0,278.0,120.0,100.0,119.0,174.0,1.0,62.9,78.3,
140.0,Alex Sarr,20.0,WAS,C,34.0,34.0,955.0,0.502,0.542,0.344,0.536,0.706,0.563,0.255,0.2,107.0,99.0,96.0,99.0,90.0,97.0,95.0,48.0,-6.8,-17.9,
141.0,Dennis SchrÃ¶der,32.0,SAC,PG,36.0,12.0,953.0,0.414,0.459,0.345,0.481,0.815,0.536,0.316,0.393,88.0,84.0,96.0,89.0,104.0,92.0,118.0,95.0,-47.0,-38.5,
142.0,Jock Landale,30.0,MEM,C,41.0,21.0,949.0,0.525,0.589,0.398,0.592,0.671,0.608,0.24,0.333,112.0,108.0,111.0,109.0,85.0,105.0,90.0,80.0,34.0,21.5,
143.0,Klay Thompson,35.0,DAL,SF,42.0,8.0,931.0,0.389,0.416,0.379,0.527,0.742,0.536,0.069,0.723,83.0,76.0,106.0,97.0,94.0,92.0,26.0,175.0,-15.5,-41.7,
144.0,Ace Bailey,19.0,UTA,SF,38.0,27.0,930.0,0.452,0.529,0.35,0.527,0.722,0.539,0.098,0.428,96.0,97.0,98.0,97.0,92.0,93.0,37.0,103.0,-12.1,-31.5,
145.0,Egor DÑmin,19.0,BRK,PG,38.0,30.0,930.0,0.404,0.412,0.4,0.544,0.838,0.564,0.113,0.703,86.0,75.0,111.0,100.0,107.0,97.0,42.0,170.0,0.4,-11.6,
146.0,Svi Mykhailiuk,28.0,UTA,SF,38.0,38.0,927.0,0.472,0.637,0.386,0.599,0.905,0.614,0.079,0.659,101.0,116.0,108.0,110.0,115.0,106.0,29.0,159.0,29.6,18.3,
147.0,Kevin Huerter,27.0,CHI,SF,39.0,10.0,926.0,0.459,0.636,0.313,0.545,0.769,0.564,0.142,0.549,98.0,116.0,87.0,100.0,98.0,97.0,53.0,132.0,1.0,-12.5,
148.0,Miles McBride,25.0,NYK,SG,33.0,14.0,925.0,0.441,0.45,0.437,0.588,0.846,0.606,0.115,0.674,94.0,82.0,122.0,108.0,108.0,104.0,43.0,162.0,30.3,18.3,
149.0,Jarrett Allen,27.0,CLE,C,34.0,34.0,923.0,0.59,0.601,0.143,0.592,0.772,0.639,0.453,0.023,126.0,110.0,40.0,109.0,98.0,110.0,169.0,6.0,28.8,42.2,
150.0,Jusuf NurkiÄ,31.0,UTA,C,35.0,30.0,922.0,0.503,0.542,0.344,0.537,0.563,0.549,0.31,0.197,107.0,99.0,96.0,99.0,72.0,95.0,116.0,47.0,-4.1,-22.0,
151.0,Isaiah Stewart,24.0,DET,C,39.0,11.0,918.0,0.535,0.628,0.347,0.593,0.747,0.62,0.276,0.332,114.0,115.0,97.0,109.0,95.0,107.0,103.0,80.0,28.0,25.6,
152.0,Oso Ighodaro,23.0,PHO,PF,45.0,7.0,904.0,0.616,0.619,0.0,0.616,0.5,0.61,0.328,0.006,131.0,113.0,0.0,113.0,64.0,105.0,122.0,1.0,25.5,11.9,
153.0,Jordan Goodwin,27.0,PHO,PG,42.0,2.0,903.0,0.405,0.47,0.344,0.494,0.735,0.508,0.098,0.517,86.0,86.0,96.0,91.0,94.0,88.0,37.0,125.0,-34.4,-52.4,
154.0,Tre Johnson,19.0,WAS,SG,36.0,18.0,900.0,0.448,0.508,0.393,0.55,0.889,0.578,0.147,0.519,96.0,93.0,109.0,101.0,113.0,100.0,55.0,125.0,4.8,-1.9,
155.0,Isaac Okoro,25.0,CHI,SG,36.0,36.0,900.0,0.471,0.589,0.333,0.548,0.778,0.578,0.225,0.463,100.0,108.0,93.0,101.0,99.0,100.0,84.0,112.0,2.0,-1.3,
156.0,Jay Huff,27.0,IND,C,46.0,26.0,899.0,0.469,0.743,0.316,0.57,0.833,0.595,0.157,0.643,100.0,136.0,88.0,105.0,106.0,102.0,59.0,155.0,16.3,9.3,
157.0,Zion Williamson,25.0,NOP,PF,31.0,24.0,897.0,0.58,0.584,0.0,0.58,0.694,0.623,0.578,0.007,124.0,107.0,0.0,107.0,88.0,107.0,216.0,2.0,31.9,46.0,
158.0,Victor Wembanyama,22.0,SAS,C,31.0,22.0,894.0,0.51,0.559,0.389,0.566,0.846,0.626,0.405,0.29,109.0,102.0,108.0,104.0,108.0,108.0,151.0,70.0,23.0,54.9,
159.0,Sidy Cissoko,21.0,POR,SF,41.0,20.0,887.0,0.391,0.5,0.326,0.493,0.7,0.526,0.279,0.628,83.0,91.0,91.0,91.0,89.0,91.0,104.0,151.0,-21.8,-26.3,
160.0,Zaccharie Risacher,20.0,ATL,SF,36.0,36.0,887.0,0.462,0.553,0.358,0.546,0.642,0.558,0.157,0.47,98.0,101.0,100.0,100.0,82.0,96.0,59.0,113.0,1.4,-16.5,
161.0,Jerami Grant,31.0,POR,PF,30.0,14.0,883.0,0.432,0.479,0.378,0.52,0.853,0.598,0.48,0.465,92.0,87.0,105.0,96.0,109.0,103.0,179.0,112.0,-18.8,17.3,
162.0,Kentavious Caldwell-Pope,32.0,MEM,SG,42.0,13.0,882.0,0.401,0.469,0.336,0.486,0.935,0.535,0.211,0.507,86.0,86.0,93.0,89.0,119.0,92.0,79.0,122.0,-33.7,-29.0,
163.0,Brice Sensabaugh,22.0,UTA,SF,42.0,9.0,878.0,0.449,0.602,0.322,0.537,0.872,0.578,0.227,0.549,96.0,110.0,90.0,99.0,111.0,100.0,85.0,132.0,-5.1,-2.0,
164.0,Giannis Antetokounmpo,31.0,MIL,PF,30.0,30.0,876.0,0.645,0.666,0.395,0.66,0.658,0.679,0.612,0.078,137.0,122.0,110.0,121.0,84.0,117.0,229.0,19.0,113.4,121.3,
165.0,Luke Kornet,30.0,SAS,C,36.0,22.0,874.0,0.667,0.667,,0.667,0.821,0.71,0.448,0.0,142.0,122.0,,123.0,104.0,122.0,168.0,0.0,42.8,54.1,
166.0,Kris Murray,25.0,POR,SF,34.0,11.0,874.0,0.446,0.598,0.256,0.503,0.738,0.535,0.24,0.446,95.0,109.0,71.0,92.0,94.0,92.0,90.0,108.0,-14.3,-17.6,
167.0,Maxime Raynaud,22.0,SAC,C,38.0,24.0,873.0,0.541,0.569,0.3,0.557,0.714,0.579,0.216,0.103,115.0,104.0,84.0,102.0,91.0,100.0,81.0,25.0,7.5,-1.2,
168.0,Tristan Da Silva,24.0,ORL,SF,38.0,14.0,872.0,0.439,0.5,0.379,0.534,0.842,0.556,0.125,0.502,94.0,91.0,106.0,98.0,107.0,96.0,47.0,121.0,-5.7,-15.5,
169.0,LeBron James,41.0,LAL,SF,26.0,26.0,865.0,0.508,0.581,0.331,0.556,0.742,0.595,0.355,0.292,108.0,106.0,92.0,102.0,94.0,103.0,133.0,70.0,10.8,14.4,
170.0,Nicolas Batum,37.0,LAC,PF,43.0,4.0,864.0,0.393,0.375,0.394,0.58,0.818,0.59,0.067,0.951,84.0,69.0,110.0,107.0,104.0,102.0,25.0,229.0,11.7,3.1,
171.0,Brandon Williams,26.0,DAL,PG,39.0,11.0,864.0,0.455,0.552,0.192,0.481,0.787,0.546,0.42,0.268,97.0,101.0,53.0,88.0,100.0,94.0,157.0,65.0,-46.3,-30.6,
172.0,Jordan Clarkson,33.0,NYK,SG,44.0,0.0,859.0,0.425,0.513,0.33,0.504,0.778,0.531,0.172,0.48,91.0,94.0,92.0,93.0,99.0,91.0,64.0,116.0,-29.1,-39.3,
173.0,Ron Holland,20.0,DET,SF,41.0,5.0,857.0,0.418,0.516,0.243,0.462,0.776,0.508,0.284,0.358,89.0,94.0,68.0,85.0,99.0,88.0,106.0,86.0,-49.1,-48.6,
174.0,Isaiah Collier,21.0,UTA,PG,37.0,5.0,857.0,0.508,0.556,0.34,0.546,0.653,0.577,0.421,0.221,108.0,102.0,95.0,100.0,83.0,99.0,157.0,53.0,1.0,-2.3,
175.0,Pelle Larsson,24.0,MIA,SG,37.0,24.0,857.0,0.473,0.582,0.311,0.536,0.739,0.575,0.333,0.402,101.0,106.0,87.0,99.0,94.0,99.0,125.0,97.0,-4.1,-3.5,
176.0,Cameron Johnson,29.0,DEN,SF,28.0,28.0,857.0,0.461,0.496,0.429,0.571,0.81,0.604,0.237,0.514,98.0,91.0,119.0,105.0,103.0,104.0,88.0,124.0,13.6,12.9,
177.0,Josh Okogie,27.0,HOU,SG,43.0,27.0,855.0,0.444,0.5,0.396,0.55,0.646,0.569,0.254,0.534,95.0,91.0,110.0,101.0,82.0,98.0,95.0,129.0,2.5,-5.0,
178.0,Franz Wagner,24.0,ORL,SF,26.0,26.0,854.0,0.482,0.521,0.368,0.529,0.826,0.593,0.418,0.258,103.0,95.0,102.0,97.0,105.0,102.0,156.0,62.0,-11.9,11.9,
179.0,Malik Monk,27.0,SAC,SG,38.0,0.0,851.0,0.444,0.465,0.422,0.545,0.859,0.575,0.169,0.476,95.0,85.0,118.0,100.0,109.0,99.0,63.0,115.0,0.9,-4.6,
180.0,Caleb Love,24.0,POR,SG,38.0,1.0,850.0,0.394,0.487,0.333,0.495,0.744,0.511,0.107,0.606,84.0,89.0,93.0,91.0,95.0,88.0,40.0,146.0,-39.1,-58.6,
181.0,Dean Wade,29.0,CLE,PF,37.0,16.0,842.0,0.393,0.6,0.323,0.514,0.75,0.539,0.18,0.747,84.0,110.0,90.0,95.0,95.0,93.0,67.0,180.0,-10.6,-16.0,
182.0,Brandon Miller,23.0,CHO,SF,28.0,28.0,841.0,0.42,0.48,0.356,0.505,0.843,0.545,0.217,0.48,90.0,88.0,99.0,93.0,107.0,94.0,81.0,116.0,-36.0,-36.7,
183.0,Luke Kennard,29.0,ATL,SG,41.0,0.0,838.0,0.528,0.608,0.481,0.68,0.933,0.702,0.14,0.631,113.0,111.0,134.0,125.0,119.0,121.0,52.0,152.0,58.3,55.2,
184.0,Collin Sexton,27.0,CHO,SG,36.0,12.0,836.0,0.493,0.547,0.385,0.557,0.875,0.621,0.39,0.331,105.0,100.0,107.0,102.0,111.0,107.0,146.0,80.0,9.7,35.0,
185.0,Javonte Green,32.0,DET,SG,43.0,4.0,829.0,0.447,0.547,0.366,0.549,0.754,0.582,0.274,0.553,95.0,100.0,102.0,101.0,96.0,100.0,103.0,133.0,2.3,0.6,
186.0,Grayson Allen,30.0,PHO,SG,28.0,19.0,825.0,0.422,0.521,0.375,0.549,0.831,0.578,0.178,0.679,90.0,95.0,104.0,101.0,106.0,100.0,67.0,164.0,4.1,-2.0,
187.0,Quinten Post,25.0,GSW,PF,46.0,31.0,817.0,0.441,0.615,0.348,0.554,0.792,0.566,0.077,0.652,94.0,112.0,97.0,102.0,101.0,97.0,29.0,157.0,6.6,-9.7,
188.0,Precious Achiuwa,26.0,SAC,C,39.0,25.0,815.0,0.515,0.557,0.333,0.546,0.529,0.553,0.295,0.19,110.0,102.0,93.0,100.0,67.0,95.0,110.0,46.0,1.3,-14.9,
189.0,Austin Reaves,27.0,LAL,SG,23.0,22.0,812.0,0.507,0.626,0.365,0.59,0.873,0.666,0.528,0.456,108.0,114.0,102.0,108.0,111.0,115.0,197.0,110.0,34.4,78.3,
190.0,Ryan Kalkbrenner,24.0,CHO,C,33.0,26.0,807.0,0.772,0.782,0.0,0.772,0.717,0.778,0.38,0.013,165.0,143.0,0.0,142.0,91.0,134.0,142.0,3.0,72.2,72.9,
191.0,Dominick Barlow,22.0,PHI,PF,33.0,29.0,797.0,0.552,0.653,0.26,0.585,0.778,0.618,0.278,0.258,118.0,119.0,72.0,108.0,99.0,106.0,104.0,62.0,16.0,16.2,
192.0,Collin Murray-Boyles,20.0,TOR,PF,37.0,13.0,796.0,0.536,0.581,0.349,0.57,0.642,0.585,0.239,0.194,114.0,106.0,97.0,105.0,82.0,101.0,89.0,47.0,11.6,2.2,
193.0,Darius Garland,26.0,CLE,PG,26.0,26.0,792.0,0.451,0.521,0.36,0.529,0.861,0.567,0.21,0.435,96.0,95.0,100.0,97.0,109.0,98.0,78.0,105.0,-11.0,-11.1,
194.0,Ryan Dunn,23.0,PHO,SF,38.0,11.0,791.0,0.452,0.568,0.313,0.523,0.692,0.536,0.12,0.456,96.0,104.0,87.0,96.0,88.0,92.0,45.0,110.0,-9.0,-20.2,
195.0,Ben Sheppard,24.0,IND,SG,35.0,12.0,787.0,0.377,0.468,0.323,0.478,0.765,0.505,0.164,0.628,80.0,85.0,90.0,88.0,97.0,87.0,61.0,152.0,-27.1,-33.7,
196.0,Will Richard,23.0,GSW,SG,41.0,15.0,784.0,0.486,0.671,0.365,0.596,0.814,0.624,0.207,0.606,103.0,123.0,102.0,110.0,104.0,107.0,77.0,146.0,21.8,19.5,
197.0,Nique Clifford,23.0,SAC,SG,42.0,3.0,779.0,0.401,0.491,0.292,0.467,0.676,0.487,0.16,0.453,85.0,90.0,81.0,86.0,86.0,84.0,60.0,109.0,-32.5,-42.5,
198.0,Jose Alvarado,27.0,NOP,PG,35.0,0.0,776.0,0.424,0.542,0.361,0.542,0.826,0.558,0.097,0.651,90.0,99.0,101.0,100.0,105.0,96.0,36.0,157.0,-0.8,-11.1,
199.0,Gradey Dick,22.0,TOR,SG,47.0,1.0,774.0,0.425,0.558,0.309,0.508,0.847,0.549,0.228,0.537,90.0,102.0,86.0,93.0,108.0,95.0,85.0,129.0,-18.7,-17.9,
200.0,Kevin Porter Jr.,25.0,MIL,PG,23.0,22.0,773.0,0.443,0.49,0.358,0.507,0.845,0.563,0.323,0.353,94.0,89.0,100.0,93.0,108.0,97.0,121.0,85.0,-22.2,-11.9,
201.0,Bennedict Mathurin,23.0,IND,SF,24.0,24.0,772.0,0.423,0.471,0.366,0.506,0.876,0.577,0.382,0.457,90.0,86.0,102.0,93.0,111.0,99.0,143.0,110.0,-23.7,-2.9,
202.0,Tobias Harris,33.0,DET,PF,28.0,28.0,768.0,0.455,0.532,0.327,0.517,0.849,0.56,0.244,0.378,97.0,97.0,91.0,95.0,108.0,96.0,91.0,91.0,-16.1,-13.5,
203.0,Aaron Nesmith,26.0,IND,SF,25.0,22.0,761.0,0.359,0.371,0.349,0.457,0.806,0.498,0.22,0.566,76.0,68.0,97.0,84.0,103.0,86.0,82.0,136.0,-52.6,-55.2,
204.0,Justin Champagnie,24.0,WAS,SF,41.0,10.0,758.0,0.502,0.607,0.313,0.558,0.736,0.584,0.236,0.356,107.0,111.0,87.0,103.0,94.0,101.0,88.0,86.0,6.3,1.7,
205.0,Dylan Harper,19.0,SAS,SG,35.0,0.0,745.0,0.436,0.51,0.242,0.47,0.746,0.502,0.215,0.276,93.0,93.0,67.0,86.0,95.0,87.0,80.0,67.0,-48.9,-56.4,
206.0,Kobe Sanders,23.0,LAC,SG,36.0,8.0,744.0,0.442,0.49,0.389,0.536,0.865,0.57,0.188,0.482,94.0,90.0,108.0,98.0,110.0,98.0,70.0,116.0,-3.2,-4.6,
207.0,Day'Ron Sharpe,24.0,BRK,C,41.0,3.0,742.0,0.603,0.672,0.2,0.618,0.676,0.645,0.5,0.147,128.0,123.0,56.0,114.0,86.0,111.0,187.0,35.0,30.2,32.0,
208.0,Jordan Walsh,21.0,BOS,PF,39.0,20.0,741.0,0.558,0.652,0.433,0.651,0.806,0.672,0.199,0.429,119.0,119.0,121.0,120.0,103.0,116.0,74.0,104.0,33.4,31.0,
209.0,Walter Clayton,22.0,UTA,PG,40.0,0.0,739.0,0.408,0.539,0.305,0.494,0.948,0.551,0.249,0.562,87.0,99.0,85.0,91.0,121.0,95.0,93.0,136.0,-23.4,-15.2,
210.0,Dru Smith,28.0,MIA,SG,44.0,1.0,735.0,0.408,0.476,0.315,0.475,0.817,0.532,0.326,0.422,87.0,87.0,88.0,87.0,104.0,92.0,122.0,102.0,-30.1,-24.4,
211.0,Patrick Williams,24.0,CHI,PF,40.0,1.0,735.0,0.378,0.351,0.402,0.485,0.683,0.506,0.172,0.534,81.0,64.0,112.0,89.0,87.0,87.0,64.0,129.0,-27.8,-38.3,
212.0,Isaiah Joe,26.0,OKC,SG,37.0,1.0,735.0,0.437,0.609,0.398,0.599,0.859,0.638,0.259,0.814,93.0,111.0,111.0,110.0,109.0,110.0,97.0,196.0,27.4,31.5,
213.0,Yves Missi,21.0,NOP,C,39.0,7.0,734.0,0.543,0.547,0.0,0.543,0.592,0.558,0.283,0.006,116.0,100.0,0.0,100.0,75.0,96.0,106.0,1.0,-0.1,-8.9,
214.0,Khris Middleton,34.0,WAS,SF,30.0,30.0,734.0,0.422,0.477,0.314,0.475,0.831,0.518,0.229,0.333,90.0,87.0,87.0,87.0,106.0,89.0,85.0,80.0,-35.6,-35.7,
215.0,Steven Adams,32.0,HOU,C,32.0,11.0,730.0,0.504,0.504,,0.504,0.58,0.535,0.583,0.0,107.0,92.0,,93.0,74.0,92.0,218.0,0.0,-11.2,-15.8,
216.0,Ziaire Williams,24.0,BRK,SF,32.0,4.0,729.0,0.407,0.652,0.305,0.515,0.871,0.57,0.297,0.708,87.0,119.0,85.0,95.0,111.0,98.0,111.0,171.0,-13.6,-5.8,
217.0,Craig Porter Jr.,25.0,CLE,PG,41.0,2.0,728.0,0.465,0.5,0.4,0.535,0.577,0.542,0.151,0.349,99.0,91.0,111.0,98.0,73.0,93.0,56.0,84.0,-3.0,-14.0,
218.0,Joel Embiid,31.0,PHI,C,24.0,24.0,727.0,0.479,0.544,0.263,0.51,0.862,0.59,0.472,0.23,102.0,99.0,73.0,94.0,110.0,102.0,176.0,55.0,-28.1,9.8,
219.0,Paul George,35.0,PHI,PF,24.0,24.0,723.0,0.419,0.465,0.371,0.51,0.859,0.553,0.231,0.49,89.0,85.0,103.0,94.0,109.0,95.0,86.0,118.0,-20.9,-18.9,
220.0,Mike Conley,38.0,MIN,PG,39.0,8.0,721.0,0.338,0.341,0.336,0.463,0.881,0.518,0.263,0.744,72.0,62.0,94.0,85.0,112.0,89.0,98.0,179.0,-26.0,-22.2,
221.0,RJ Barrett,25.0,TOR,SF,24.0,24.0,720.0,0.494,0.584,0.341,0.557,0.682,0.583,0.307,0.371,105.0,107.0,95.0,103.0,87.0,100.0,115.0,89.0,9.6,2.3,
222.0,Mouhamed Gueye,23.0,ATL,PF,45.0,4.0,719.0,0.439,0.566,0.272,0.497,0.59,0.512,0.209,0.433,93.0,103.0,76.0,91.0,75.0,88.0,78.0,104.0,-17.4,-28.0,
223.0,Aaron Wiggins,27.0,OKC,SG,31.0,11.0,718.0,0.454,0.528,0.39,0.559,0.724,0.571,0.108,0.543,97.0,97.0,109.0,103.0,92.0,98.0,40.0,131.0,8.5,-5.2,
224.0,Jalen Smith,25.0,CHI,C,37.0,7.0,717.0,0.466,0.595,0.358,0.563,0.738,0.587,0.22,0.545,99.0,109.0,100.0,104.0,94.0,101.0,82.0,132.0,10.8,4.2,
225.0,Jalen Williams,24.0,OKC,SG,24.0,24.0,711.0,0.47,0.507,0.3,0.497,0.833,0.542,0.25,0.179,100.0,93.0,84.0,91.0,106.0,93.0,93.0,43.0,-31.4,-29.0,
226.0,Jordan Poole,26.0,NOP,PG,28.0,6.0,710.0,0.37,0.425,0.336,0.475,0.876,0.533,0.287,0.624,79.0,78.0,94.0,87.0,111.0,92.0,107.0,151.0,-46.6,-36.0,
227.0,Simone Fontecchio,30.0,MIA,SF,42.0,1.0,701.0,0.404,0.477,0.373,0.535,0.81,0.569,0.22,0.7,86.0,87.0,104.0,98.0,103.0,98.0,82.0,169.0,-5.1,-7.4,
228.0,Andre Drummond,32.0,PHI,C,35.0,16.0,701.0,0.497,0.541,0.362,0.541,0.655,0.565,0.301,0.244,106.0,99.0,101.0,100.0,83.0,97.0,112.0,59.0,-0.9,-6.7,
229.0,Marvin Bagley III,26.0,WAS,PF,36.0,7.0,696.0,0.619,0.638,0.389,0.634,0.71,0.66,0.403,0.078,132.0,117.0,108.0,117.0,90.0,114.0,150.0,19.0,41.8,43.3,
230.0,Tyus Jones,29.0,ORL,PG,43.0,8.0,691.0,0.336,0.442,0.278,0.426,1.0,0.439,0.04,0.651,72.0,81.0,78.0,78.0,127.0,76.0,15.0,157.0,-35.0,-43.1,
231.0,Keegan Murray,25.0,SAC,PF,19.0,18.0,683.0,0.429,0.515,0.272,0.477,0.789,0.502,0.147,0.355,91.0,94.0,76.0,88.0,100.0,87.0,55.0,86.0,-34.7,-43.1,
232.0,Kelly Oubre Jr.,30.0,PHI,SF,21.0,16.0,679.0,0.489,0.575,0.385,0.576,0.745,0.601,0.238,0.45,104.0,105.0,107.0,106.0,95.0,104.0,89.0,109.0,14.8,10.7,
233.0,Herbert Jones,27.0,NOP,SF,24.0,24.0,676.0,0.388,0.449,0.323,0.466,0.813,0.495,0.155,0.481,83.0,82.0,90.0,86.0,103.0,85.0,58.0,116.0,-32.0,-37.5,
234.0,Keon Ellis,26.0,SAC,SG,39.0,5.0,675.0,0.384,0.441,0.357,0.505,0.633,0.52,0.162,0.681,82.0,81.0,99.0,93.0,81.0,90.0,61.0,164.0,-14.2,-24.1,
235.0,Jarred Vanderbilt,26.0,LAL,PF,34.0,3.0,675.0,0.485,0.603,0.315,0.549,0.71,0.573,0.235,0.409,103.0,110.0,88.0,101.0,90.0,99.0,88.0,99.0,1.5,-2.1,
236.0,Bilal Coulibaly,21.0,WAS,SG,25.0,25.0,664.0,0.392,0.479,0.273,0.45,0.765,0.513,0.407,0.421,84.0,88.0,76.0,83.0,97.0,88.0,152.0,102.0,-39.3,-33.1,
237.0,Buddy Hield,33.0,GSW,SG,39.0,3.0,661.0,0.441,0.612,0.357,0.561,0.929,0.583,0.109,0.668,94.0,112.0,99.0,103.0,118.0,100.0,41.0,161.0,8.6,1.5,
238.0,Coby White,25.0,CHI,SG,23.0,20.0,657.0,0.455,0.568,0.352,0.547,0.788,0.597,0.383,0.526,97.0,104.0,98.0,101.0,100.0,103.0,143.0,127.0,2.1,12.1,
239.0,Tyrese Martin,26.0,BRK,SG,34.0,6.0,656.0,0.408,0.485,0.355,0.513,0.731,0.527,0.109,0.592,87.0,89.0,99.0,94.0,93.0,91.0,41.0,143.0,-14.8,-26.6,
240.0,Ja'Kobe Walter,21.0,TOR,SG,37.0,9.0,654.0,0.431,0.557,0.367,0.552,0.75,0.577,0.199,0.663,92.0,102.0,102.0,102.0,95.0,99.0,74.0,160.0,3.2,-1.6,
241.0,Goga Bitadze,26.0,ORL,C,39.0,1.0,652.0,0.688,0.725,0.2,0.695,0.731,0.714,0.369,0.071,147.0,132.0,56.0,128.0,93.0,123.0,138.0,17.0,42.7,43.7,
242.0,Ryan Nembhard,22.0,DAL,PG,32.0,17.0,650.0,0.452,0.482,0.397,0.523,0.727,0.529,0.05,0.356,96.0,88.0,111.0,96.0,93.0,91.0,19.0,86.0,-9.2,-22.9,
243.0,Isaiah Hartenstein,27.0,OKC,C,24.0,24.0,645.0,0.644,0.659,0.0,0.644,0.649,0.656,0.317,0.022,137.0,120.0,0.0,119.0,83.0,113.0,118.0,5.0,36.3,30.9,
244.0,Aaron Gordon,30.0,DEN,PF,23.0,20.0,642.0,0.509,0.577,0.4,0.586,0.789,0.632,0.399,0.385,108.0,105.0,111.0,108.0,100.0,109.0,149.0,93.0,23.1,33.3,
245.0,Nikola JoviÄ,22.0,MIA,PF,34.0,1.0,641.0,0.371,0.47,0.285,0.447,0.705,0.49,0.318,0.531,79.0,86.0,79.0,82.0,90.0,84.0,119.0,128.0,-47.4,-50.3,
246.0,Lonzo Ball,28.0,CLE,PG,30.0,3.0,636.0,0.304,0.464,0.271,0.416,0.7,0.436,0.124,0.826,65.0,85.0,75.0,77.0,89.0,75.0,46.0,199.0,-41.1,-49.2,
247.0,Micah Peavy,24.0,NOP,SG,39.0,1.0,627.0,0.4,0.484,0.257,0.448,0.733,0.46,0.075,0.37,85.0,88.0,72.0,82.0,93.0,79.0,28.0,89.0,-38.5,-49.9,
248.0,Ochai Agbaji,25.0,TOR,SG,38.0,13.0,627.0,0.422,0.569,0.188,0.458,0.889,0.495,0.163,0.386,90.0,104.0,52.0,84.0,113.0,85.0,61.0,93.0,-28.5,-30.5,
249.0,Brook Lopez,37.0,LAC,C,37.0,7.0,627.0,0.362,0.458,0.327,0.482,0.846,0.506,0.118,0.733,77.0,84.0,91.0,89.0,108.0,87.0,44.0,177.0,-27.3,-34.9,
250.0,Anthony Davis,32.0,DAL,PF,20.0,20.0,626.0,0.506,0.535,0.27,0.521,0.728,0.551,0.243,0.111,108.0,98.0,75.0,96.0,93.0,95.0,91.0,27.0,-15.2,-22.2,
251.0,Vince Williams Jr.,25.0,MEM,PG,29.0,11.0,625.0,0.346,0.419,0.298,0.435,0.829,0.469,0.161,0.604,74.0,76.0,83.0,80.0,105.0,81.0,60.0,146.0,-47.0,-51.8,
252.0,Sam Merrill,29.0,CLE,SG,24.0,15.0,619.0,0.47,0.535,0.455,0.654,0.882,0.676,0.148,0.813,100.0,98.0,127.0,120.0,112.0,116.0,55.0,196.0,50.9,46.6,
253.0,Jaxson Hayes,25.0,LAL,C,35.0,4.0,615.0,0.769,0.767,1.0,0.774,0.625,0.761,0.547,0.009,164.0,140.0,278.0,142.0,80.0,131.0,204.0,2.0,53.8,52.5,
254.0,Drake Powell,20.0,BRK,SG,32.0,6.0,614.0,0.451,0.585,0.313,0.528,0.892,0.572,0.228,0.494,96.0,107.0,87.0,97.0,113.0,99.0,85.0,119.0,-5.2,-3.0,
255.0,Caris LeVert,31.0,DET,SG,31.0,0.0,612.0,0.431,0.519,0.34,0.515,0.679,0.541,0.26,0.49,92.0,95.0,95.0,95.0,86.0,93.0,97.0,118.0,-11.8,-17.9,
256.0,Daniel Gafford,27.0,DAL,C,29.0,20.0,602.0,0.629,0.629,,0.629,0.761,0.67,0.479,0.0,134.0,115.0,,116.0,97.0,115.0,179.0,0.0,23.8,30.2,
257.0,Luka Garza,27.0,BOS,C,36.0,1.0,597.0,0.588,0.641,0.472,0.662,0.813,0.699,0.376,0.312,125.0,117.0,131.0,122.0,103.0,120.0,141.0,75.0,40.1,46.9,
258.0,Mitchell Robinson,27.0,NYK,C,31.0,13.0,597.0,0.677,0.677,,0.677,0.377,0.629,0.552,0.0,144.0,124.0,,125.0,48.0,108.0,206.0,0.0,25.6,11.5,
259.0,Jaylen Clark,24.0,MIN,SG,42.0,0.0,590.0,0.433,0.537,0.288,0.493,0.647,0.526,0.362,0.418,92.0,98.0,80.0,91.0,82.0,91.0,135.0,101.0,-14.3,-17.8,
260.0,Jalen Pickett,26.0,DEN,SG,31.0,13.0,586.0,0.435,0.463,0.411,0.544,0.909,0.558,0.065,0.529,93.0,85.0,114.0,100.0,116.0,96.0,24.0,128.0,0.1,-8.0,
261.0,Jalen Suggs,24.0,ORL,PG,23.0,23.0,584.0,0.471,0.621,0.331,0.556,0.857,0.601,0.272,0.518,100.0,113.0,92.0,102.0,109.0,104.0,102.0,125.0,6.5,11.8,
262.0,Hugo GonzÃ¡lez,19.0,BOS,SF,39.0,2.0,583.0,0.512,0.611,0.382,0.594,0.529,0.595,0.134,0.433,109.0,112.0,106.0,109.0,67.0,102.0,50.0,104.0,12.9,3.9,
263.0,Alex Caruso,31.0,OKC,SG,32.0,0.0,582.0,0.417,0.6,0.301,0.509,0.821,0.538,0.167,0.613,89.0,110.0,84.0,94.0,104.0,93.0,62.0,148.0,-11.7,-15.4,
264.0,Daniss Jenkins,24.0,DET,PG,35.0,7.0,572.0,0.429,0.452,0.396,0.509,0.792,0.545,0.235,0.403,91.0,83.0,110.0,94.0,101.0,94.0,88.0,97.0,-15.8,-17.5,
265.0,Adem Bona,22.0,PHI,C,34.0,3.0,571.0,0.593,0.605,0.4,0.605,0.672,0.644,0.753,0.062,126.0,111.0,111.0,111.0,86.0,111.0,281.0,15.0,9.9,13.8,
266.0,Isaiah Jackson,24.0,IND,C,33.0,14.0,569.0,0.583,0.587,0.0,0.583,0.708,0.618,0.43,0.007,124.0,107.0,0.0,107.0,90.0,106.0,161.0,2.0,11.8,13.5,
267.0,Ja Morant,26.0,MEM,PG,20.0,20.0,569.0,0.41,0.473,0.235,0.441,0.897,0.521,0.363,0.264,87.0,86.0,66.0,81.0,114.0,90.0,136.0,64.0,-66.2,-44.6,
268.0,T.J. McConnell,33.0,IND,PG,33.0,0.0,568.0,0.529,0.56,0.314,0.549,0.923,0.559,0.047,0.126,113.0,102.0,88.0,101.0,117.0,96.0,17.0,30.0,2.7,-12.4,
269.0,Bryce McGowens,23.0,NOP,SG,29.0,11.0,563.0,0.477,0.5,0.436,0.556,0.761,0.606,0.438,0.359,102.0,91.0,122.0,102.0,97.0,104.0,164.0,87.0,3.6,9.1,
270.0,Nae'Qwan Tomlin,25.0,CLE,PF,35.0,2.0,561.0,0.475,0.621,0.215,0.514,0.718,0.54,0.215,0.359,101.0,113.0,60.0,94.0,91.0,93.0,81.0,87.0,-10.8,-16.1,
271.0,Jaylin Williams,23.0,OKC,PF,31.0,4.0,558.0,0.365,0.576,0.304,0.483,0.732,0.521,0.277,0.777,78.0,105.0,85.0,89.0,93.0,90.0,104.0,187.0,-17.9,-19.8,
272.0,Cody Williams,21.0,UTA,SG,32.0,9.0,557.0,0.463,0.589,0.228,0.503,0.571,0.511,0.128,0.348,99.0,108.0,64.0,93.0,73.0,88.0,48.0,84.0,-13.3,-24.1,
273.0,Danny Wolf,21.0,BRK,PF,29.0,4.0,553.0,0.399,0.426,0.367,0.482,0.824,0.514,0.172,0.455,85.0,78.0,102.0,89.0,105.0,89.0,64.0,110.0,-24.3,-28.3,
274.0,Gary Payton II,33.0,GSW,SG,43.0,1.0,549.0,0.542,0.636,0.292,0.582,0.571,0.584,0.079,0.271,116.0,116.0,81.0,107.0,73.0,101.0,30.0,65.0,13.5,1.3,
275.0,Tari Eason,24.0,HOU,PF,23.0,9.0,546.0,0.475,0.482,0.466,0.585,0.615,0.591,0.12,0.475,101.0,88.0,130.0,108.0,78.0,102.0,45.0,115.0,18.0,4.8,
276.0,Jakob Poeltl,30.0,TOR,C,21.0,21.0,531.0,0.693,0.693,,0.693,0.596,0.691,0.37,0.0,148.0,127.0,,127.0,76.0,119.0,138.0,0.0,37.9,32.5,
277.0,Jared McCain,21.0,PHI,SG,31.0,1.0,519.0,0.354,0.382,0.323,0.431,0.88,0.461,0.128,0.477,75.0,70.0,90.0,79.0,112.0,79.0,48.0,115.0,-44.1,-49.2,
278.0,Jrue Holiday,35.0,POR,PG,18.0,16.0,519.0,0.45,0.545,0.361,0.543,0.813,0.565,0.139,0.515,96.0,100.0,101.0,100.0,103.0,97.0,52.0,124.0,-0.2,-7.6,
279.0,Tyler Kolek,24.0,NYK,PG,39.0,1.0,518.0,0.43,0.505,0.329,0.5,0.688,0.511,0.089,0.425,92.0,92.0,92.0,92.0,87.0,88.0,33.0,102.0,-15.7,-26.0,
280.0,Josh Minott,23.0,BOS,PF,29.0,10.0,510.0,0.504,0.586,0.438,0.626,0.769,0.646,0.198,0.557,107.0,107.0,122.0,115.0,98.0,111.0,74.0,134.0,21.5,18.6,
281.0,Jabari Walker,23.0,PHI,PF,40.0,6.0,509.0,0.417,0.547,0.246,0.47,0.727,0.515,0.333,0.432,89.0,100.0,68.0,86.0,93.0,89.0,125.0,104.0,-19.5,-19.7,
282.0,Al Horford,39.0,GSW,C,26.0,1.0,509.0,0.391,0.489,0.351,0.516,1.0,0.534,0.068,0.708,83.0,89.0,98.0,95.0,127.0,92.0,26.0,171.0,-9.1,-15.6,
283.0,Gary Harris,31.0,MIL,SG,34.0,2.0,505.0,0.485,0.5,0.476,0.632,0.889,0.653,0.132,0.618,103.0,91.0,133.0,116.0,113.0,113.0,49.0,149.0,12.1,10.4,
284.0,Baylor Scheierman,25.0,BOS,SG,39.0,3.0,503.0,0.462,0.6,0.423,0.626,0.8,0.633,0.055,0.78,98.0,110.0,118.0,115.0,102.0,109.0,21.0,188.0,15.0,9.8,
285.0,Johnny Furphy,21.0,IND,SG,28.0,14.0,500.0,0.492,0.607,0.368,0.581,0.464,0.576,0.237,0.483,105.0,111.0,103.0,107.0,59.0,99.0,89.0,117.0,8.7,-1.3,
286.0,Robert Williams,28.0,POR,C,31.0,1.0,497.0,0.726,0.782,0.25,0.739,0.75,0.749,0.212,0.106,155.0,143.0,70.0,136.0,95.0,129.0,79.0,26.0,44.1,41.5,
287.0,D'Angelo Russell,29.0,DAL,PG,26.0,3.0,495.0,0.405,0.508,0.295,0.476,0.717,0.511,0.259,0.483,86.0,93.0,82.0,88.0,91.0,88.0,97.0,116.0,-31.3,-36.0,
288.0,Corey Kispert,26.0,2TM,SF,26.0,5.0,494.0,0.467,0.623,0.377,0.587,0.783,0.62,0.275,0.635,100.0,114.0,105.0,108.0,100.0,107.0,103.0,153.0,14.4,14.6,
288.0,Corey Kispert,26.0,WAS,SF,19.0,2.0,370.0,0.496,0.674,0.395,0.622,0.765,0.649,0.286,0.639,106.0,123.0,110.0,114.0,97.0,112.0,107.0,154.0,18.6,18.5,
288.0,Corey Kispert,26.0,ATL,SF,7.0,3.0,124.0,0.396,0.5,0.333,0.5,0.833,0.544,0.25,0.625,84.0,91.0,93.0,92.0,106.0,94.0,93.0,151.0,-4.2,-3.9,
289.0,Jordan Hawkins,23.0,NOP,SG,35.0,0.0,493.0,0.32,0.342,0.301,0.402,0.778,0.424,0.107,0.55,68.0,63.0,84.0,74.0,99.0,73.0,40.0,133.0,-47.8,-55.4,
290.0,Bones Hyland,25.0,MIN,PG,36.0,3.0,491.0,0.447,0.597,0.353,0.556,0.719,0.574,0.17,0.617,95.0,109.0,98.0,102.0,91.0,99.0,64.0,149.0,4.6,-2.6,
291.0,Will Riley,19.0,WAS,SF,35.0,0.0,489.0,0.409,0.505,0.254,0.457,0.8,0.506,0.274,0.384,87.0,92.0,71.0,84.0,102.0,87.0,103.0,93.0,-28.3,-27.4,
292.0,Cam Thomas,24.0,BRK,SG,20.0,8.0,486.0,0.395,0.431,0.333,0.457,0.851,0.525,0.353,0.372,84.0,79.0,93.0,84.0,108.0,91.0,132.0,90.0,-46.3,-33.9,
293.0,Jonathan Kuminga,23.0,GSW,PF,20.0,13.0,476.0,0.454,0.504,0.321,0.497,0.742,0.543,0.34,0.273,97.0,92.0,89.0,91.0,94.0,93.0,127.0,66.0,-18.0,-17.0,
294.0,Tidjane SalaÃ¼n,20.0,CHO,PF,29.0,0.0,475.0,0.515,0.591,0.441,0.627,0.7,0.642,0.224,0.507,110.0,108.0,123.0,115.0,89.0,111.0,84.0,122.0,22.3,18.1,
295.0,Jaden Ivey,23.0,DET,SG,28.0,2.0,475.0,0.46,0.553,0.366,0.551,0.778,0.577,0.193,0.497,98.0,101.0,102.0,101.0,99.0,99.0,72.0,120.0,2.6,-1.5,
296.0,Justin Edwards,22.0,PHI,SF,33.0,5.0,474.0,0.384,0.48,0.333,0.493,0.882,0.518,0.116,0.658,82.0,88.0,93.0,91.0,112.0,89.0,44.0,159.0,-14.8,-19.2,
297.0,Tre Mann,24.0,CHO,PG,28.0,1.0,473.0,0.372,0.426,0.322,0.455,0.882,0.473,0.076,0.516,79.0,78.0,90.0,84.0,112.0,81.0,28.0,124.0,-39.5,-49.6,
298.0,Cole Anthony,25.0,MIL,PG,31.0,0.0,468.0,0.448,0.504,0.323,0.498,0.591,0.506,0.109,0.308,95.0,92.0,90.0,92.0,75.0,87.0,41.0,74.0,-18.6,-31.6,
299.0,Taylor Hendricks,22.0,UTA,PF,31.0,6.0,466.0,0.47,0.593,0.365,0.568,0.767,0.599,0.256,0.538,100.0,108.0,102.0,105.0,98.0,103.0,96.0,130.0,5.8,4.8,
300.0,Jonas ValanÄiÅ«nas,33.0,DEN,C,34.0,2.0,460.0,0.585,0.608,0.231,0.592,0.785,0.628,0.314,0.063,125.0,111.0,64.0,109.0,100.0,108.0,117.0,15.0,19.9,22.4,
301.0,Rayan Rupert,21.0,POR,SG,39.0,0.0,459.0,0.354,0.433,0.264,0.416,0.583,0.427,0.106,0.469,75.0,79.0,74.0,76.0,74.0,74.0,40.0,113.0,-28.9,-36.3,
302.0,Gabe Vincent,29.0,LAL,PG,23.0,7.0,455.0,0.336,0.217,0.369,0.481,0.909,0.505,0.103,0.785,72.0,40.0,103.0,89.0,116.0,87.0,38.0,189.0,-13.4,-16.9,
303.0,Dwight Powell,34.0,DAL,C,31.0,6.0,454.0,0.681,0.681,,0.681,0.655,0.703,1.234,0.0,145.0,124.0,,125.0,83.0,121.0,461.0,0.0,12.9,17.8,
304.0,Domantas Sabonis,29.0,SAC,C,15.0,11.0,454.0,0.528,0.579,0.208,0.543,0.742,0.585,0.375,0.136,113.0,106.0,58.0,100.0,94.0,101.0,140.0,33.0,-0.4,1.9,
305.0,Zeke Nnaji,25.0,DEN,PF,33.0,2.0,453.0,0.487,0.603,0.275,0.535,0.825,0.59,0.354,0.354,104.0,110.0,77.0,98.0,105.0,102.0,132.0,85.0,-1.9,2.4,
306.0,Dalton Knecht,24.0,LAL,SF,36.0,1.0,450.0,0.437,0.617,0.319,0.533,0.688,0.544,0.106,0.603,93.0,113.0,89.0,98.0,87.0,94.0,40.0,145.0,-3.2,-11.5,
307.0,Caleb Martin,30.0,DAL,SF,38.0,4.0,449.0,0.43,0.516,0.208,0.459,0.609,0.484,0.267,0.279,92.0,94.0,58.0,84.0,77.0,83.0,100.0,67.0,-14.5,-18.6,
308.0,Keaton Wallace,26.0,ATL,PG,36.0,2.0,440.0,0.421,0.451,0.402,0.545,0.545,0.548,0.083,0.617,90.0,82.0,112.0,100.0,69.0,94.0,31.0,149.0,0.4,-9.0,
309.0,Karlo MatkoviÄ,24.0,NOP,PF,34.0,2.0,436.0,0.624,0.722,0.421,0.692,0.533,0.688,0.128,0.325,133.0,132.0,117.0,127.0,68.0,118.0,48.0,78.0,34.8,26.5,
310.0,Jericho Sims,27.0,MIL,C,31.0,4.0,434.0,0.837,0.837,,0.837,0.615,0.822,0.265,0.0,178.0,153.0,,154.0,78.0,142.0,99.0,0.0,28.7,26.5,
311.0,Kevin Love,37.0,UTA,PF,25.0,4.0,433.0,0.399,0.488,0.36,0.524,0.818,0.562,0.231,0.699,85.0,89.0,100.0,96.0,104.0,97.0,86.0,169.0,-5.5,-5.9,
312.0,Clint Capela,31.0,HOU,C,37.0,1.0,430.0,0.531,0.531,,0.531,0.5,0.535,0.265,0.0,113.0,97.0,,98.0,64.0,92.0,99.0,0.0,-2.9,-11.5,
313.0,Nolan TraorÃ©,19.0,BRK,PG,23.0,0.0,427.0,0.343,0.362,0.323,0.422,0.808,0.461,0.194,0.485,73.0,66.0,90.0,78.0,103.0,79.0,73.0,117.0,-32.7,-34.9,
314.0,Jordan Miller,26.0,LAC,SF,23.0,0.0,422.0,0.516,0.59,0.396,0.591,0.83,0.646,0.421,0.381,110.0,108.0,110.0,109.0,106.0,111.0,157.0,92.0,12.0,19.6,
315.0,Drew Eubanks,28.0,SAC,C,30.0,11.0,420.0,0.6,0.613,0.25,0.605,0.558,0.609,0.391,0.036,128.0,112.0,70.0,111.0,71.0,105.0,146.0,9.0,13.4,7.3,
316.0,Aaron Holiday,29.0,HOU,PG,30.0,1.0,420.0,0.4,0.444,0.38,0.531,0.862,0.567,0.2,0.69,85.0,81.0,106.0,98.0,110.0,98.0,75.0,166.0,-3.7,-4.2,
317.0,De'Anthony Melton,27.0,GSW,PG,20.0,0.0,417.0,0.433,0.551,0.303,0.505,0.787,0.544,0.251,0.476,92.0,101.0,84.0,93.0,100.0,94.0,94.0,115.0,-14.4,-15.1,
318.0,Tony Bradley,28.0,IND,C,38.0,3.0,416.0,0.557,0.558,0.5,0.561,0.744,0.604,0.406,0.019,119.0,102.0,139.0,103.0,95.0,104.0,152.0,5.0,3.7,6.0,
319.0,Kristaps PorziÅÄ£is,30.0,ATL,C,17.0,12.0,413.0,0.457,0.524,0.36,0.531,0.84,0.592,0.386,0.41,97.0,96.0,100.0,98.0,107.0,102.0,144.0,99.0,-5.4,5.8,
320.0,Pat Spencer,29.0,GSW,PG,30.0,3.0,411.0,0.408,0.429,0.362,0.464,0.875,0.498,0.158,0.309,87.0,78.0,101.0,85.0,111.0,86.0,59.0,75.0,-24.3,-26.7,
321.0,Derrick Jones Jr.,28.0,LAC,SF,17.0,13.0,411.0,0.556,0.694,0.4,0.65,0.774,0.674,0.265,0.47,118.0,127.0,111.0,119.0,98.0,116.0,99.0,113.0,24.8,24.3,
322.0,Christian Braun,24.0,DEN,SG,14.0,14.0,404.0,0.459,0.564,0.212,0.491,0.75,0.532,0.288,0.297,98.0,103.0,59.0,90.0,95.0,92.0,108.0,72.0,-11.7,-12.2,
323.0,Gui Santos,23.0,GSW,PF,35.0,3.0,403.0,0.465,0.657,0.359,0.581,0.667,0.598,0.242,0.646,99.0,120.0,100.0,107.0,85.0,103.0,91.0,156.0,7.3,3.8,
324.0,Jalen Wilson,25.0,BRK,PF,29.0,0.0,398.0,0.377,0.422,0.351,0.488,0.757,0.532,0.303,0.631,80.0,77.0,98.0,90.0,96.0,92.0,113.0,152.0,-13.7,-13.6,
325.0,Noah Penda,21.0,ORL,SF,28.0,2.0,394.0,0.457,0.464,0.447,0.547,0.606,0.563,0.284,0.405,97.0,85.0,124.0,101.0,77.0,97.0,106.0,98.0,0.9,-4.5,
326.0,Kenrich Williams,31.0,OKC,PF,26.0,0.0,384.0,0.52,0.667,0.367,0.61,0.471,0.605,0.138,0.488,111.0,122.0,102.0,112.0,60.0,104.0,52.0,118.0,16.2,6.5,
327.0,Landry Shamet,28.0,NYK,SG,19.0,6.0,383.0,0.461,0.533,0.435,0.622,0.775,0.656,0.348,0.739,98.0,97.0,121.0,114.0,99.0,113.0,130.0,178.0,17.9,20.0,
328.0,Jaden Hardy,23.0,DAL,SG,31.0,4.0,381.0,0.398,0.446,0.371,0.517,0.8,0.547,0.193,0.641,85.0,82.0,103.0,95.0,102.0,94.0,72.0,155.0,-9.8,-13.0,
329.0,Trayce Jackson-Davis,25.0,GSW,C,32.0,1.0,380.0,0.596,0.591,1.0,0.601,0.565,0.608,0.489,0.011,127.0,108.0,278.0,111.0,72.0,105.0,183.0,3.0,10.8,6.4,
330.0,Paul Reed,26.0,DET,C,31.0,6.0,378.0,0.592,0.636,0.35,0.619,0.563,0.621,0.246,0.154,126.0,116.0,97.0,114.0,72.0,107.0,92.0,37.0,19.6,11.7,
331.0,Jase Richardson,20.0,ORL,SG,30.0,0.0,374.0,0.5,0.556,0.415,0.582,0.7,0.601,0.224,0.396,107.0,102.0,116.0,107.0,89.0,104.0,84.0,95.0,10.3,6.1,
332.0,John Konchar,29.0,MEM,SG,27.0,1.0,368.0,0.492,0.714,0.303,0.574,0.615,0.585,0.213,0.541,105.0,131.0,84.0,106.0,78.0,101.0,80.0,131.0,3.7,0.5,
333.0,Dylan Cardwell,24.0,SAC,C,19.0,1.0,364.0,0.557,0.565,0.0,0.557,0.538,0.565,0.371,0.014,119.0,103.0,0.0,102.0,68.0,97.0,139.0,3.0,1.9,-2.6,
334.0,Jonathan Isaac,28.0,ORL,PF,36.0,0.0,361.0,0.443,0.604,0.194,0.481,0.605,0.521,0.544,0.392,94.0,110.0,54.0,88.0,77.0,90.0,203.0,95.0,-9.9,-11.7,
335.0,GG Jackson II,21.0,MEM,PF,23.0,3.0,361.0,0.466,0.618,0.302,0.538,0.75,0.569,0.244,0.481,99.0,113.0,84.0,99.0,95.0,98.0,91.0,116.0,-1.5,-3.5,
336.0,Bogdan BogdanoviÄ,33.0,LAC,SG,16.0,3.0,360.0,0.376,0.444,0.333,0.479,0.842,0.511,0.162,0.615,80.0,81.0,93.0,88.0,107.0,88.0,61.0,148.0,-15.2,-17.6,
337.0,Jeremiah Robinson-Earl,25.0,2TM,PF,21.0,3.0,358.0,0.37,0.458,0.244,0.42,0.944,0.468,0.18,0.41,79.0,84.0,68.0,77.0,120.0,81.0,67.0,99.0,-24.8,-24.3,
337.0,Jeremiah Robinson-Earl,25.0,IND,PF,17.0,3.0,300.0,0.349,0.42,0.242,0.398,0.929,0.443,0.169,0.398,74.0,77.0,68.0,73.0,118.0,76.0,63.0,96.0,-24.3,-24.5,
337.0,Jeremiah Robinson-Earl,25.0,DAL,PF,4.0,0.0,58.0,0.471,0.667,0.25,0.529,1.0,0.586,0.235,0.471,100.0,122.0,70.0,97.0,127.0,101.0,88.0,114.0,-0.5,0.2,
338.0,Jeremy Sochan,22.0,SAS,PF,27.0,0.0,354.0,0.48,0.603,0.257,0.526,0.688,0.543,0.163,0.357,102.0,110.0,72.0,97.0,87.0,93.0,61.0,86.0,-3.6,-8.0,
339.0,Cam Whitmore,21.0,WAS,SF,21.0,0.0,354.0,0.456,0.54,0.286,0.503,0.742,0.528,0.183,0.331,97.0,99.0,80.0,93.0,94.0,91.0,69.0,80.0,-13.8,-19.1,
340.0,Asa Newell,20.0,ATL,PF,33.0,0.0,351.0,0.558,0.667,0.439,0.663,0.55,0.66,0.167,0.475,119.0,122.0,122.0,122.0,70.0,114.0,62.0,115.0,28.5,20.5,
341.0,Branden Carlson,26.0,OKC,C,32.0,2.0,351.0,0.524,0.667,0.351,0.603,0.529,0.603,0.135,0.452,112.0,122.0,98.0,111.0,67.0,104.0,50.0,109.0,15.0,6.0,
342.0,Trendon Watford,25.0,PHI,PF,22.0,4.0,350.0,0.525,0.556,0.4,0.564,0.75,0.6,0.317,0.198,112.0,102.0,111.0,104.0,95.0,103.0,118.0,48.0,4.2,4.4,
343.0,Tyler Herro,26.0,MIA,SG,11.0,10.0,349.0,0.497,0.579,0.358,0.564,0.902,0.605,0.227,0.37,106.0,106.0,100.0,104.0,115.0,104.0,85.0,89.0,7.2,9.9,
344.0,Guerschon Yabusele,30.0,NYK,C,37.0,0.0,348.0,0.392,0.541,0.308,0.49,0.667,0.503,0.118,0.637,84.0,99.0,86.0,90.0,85.0,87.0,44.0,154.0,-10.9,-16.6,
345.0,Quenton Jackson,27.0,IND,PG,22.0,9.0,348.0,0.437,0.479,0.37,0.508,0.784,0.569,0.429,0.387,93.0,88.0,103.0,94.0,100.0,98.0,160.0,93.0,-8.4,-3.2,
346.0,Tristan Vukcevic,22.0,WAS,C,30.0,2.0,342.0,0.455,0.617,0.2,0.494,0.764,0.557,0.468,0.39,97.0,113.0,56.0,91.0,97.0,96.0,175.0,94.0,-15.5,-8.6,
347.0,Tyrese Proctor,21.0,CLE,PG,32.0,1.0,337.0,0.366,0.442,0.322,0.468,0.826,0.5,0.162,0.634,78.0,81.0,90.0,86.0,105.0,86.0,61.0,153.0,-21.4,-24.6,
348.0,Liam McNeeley,20.0,CHO,SF,27.0,0.0,336.0,0.395,0.429,0.379,0.523,0.806,0.577,0.36,0.674,84.0,78.0,106.0,96.0,103.0,99.0,135.0,163.0,-3.5,-0.7,
349.0,Josh Green,25.0,CHO,SG,21.0,0.0,334.0,0.434,0.526,0.404,0.586,0.667,0.591,0.079,0.75,93.0,96.0,112.0,108.0,85.0,102.0,30.0,181.0,6.4,1.7,
350.0,Kyle Anderson,32.0,UTA,SF,16.0,0.0,320.0,0.521,0.522,0.5,0.532,0.606,0.553,0.351,0.043,111.0,95.0,139.0,98.0,77.0,95.0,131.0,10.0,-2.2,-6.0,
351.0,Rob Dillingham,21.0,MIN,PG,32.0,0.0,312.0,0.338,0.333,0.355,0.38,0.75,0.409,0.15,0.233,72.0,61.0,99.0,70.0,95.0,70.0,56.0,56.0,-43.6,-48.6,
352.0,Jett Howard,22.0,ORL,SF,28.0,0.0,308.0,0.374,0.444,0.333,0.48,0.944,0.516,0.146,0.634,80.0,81.0,93.0,88.0,120.0,89.0,55.0,153.0,-15.8,-17.0,
353.0,Ethan Thompson,26.0,IND,SG,19.0,5.0,305.0,0.358,0.52,0.286,0.457,0.667,0.479,0.185,0.691,76.0,95.0,80.0,84.0,85.0,83.0,69.0,167.0,-14.1,-17.7,
354.0,Moussa Cisse,23.0,DAL,C,26.0,1.0,302.0,0.639,0.639,,0.639,0.46,0.608,0.82,0.0,136.0,117.0,,118.0,59.0,105.0,306.0,0.0,11.7,4.6,
355.0,Nick Smith Jr.,21.0,LAL,SG,23.0,1.0,300.0,0.427,0.464,0.397,0.536,0.636,0.543,0.089,0.548,91.0,85.0,111.0,99.0,81.0,94.0,33.0,132.0,-1.8,-9.6,
356.0,Jamison Battle,24.0,TOR,SF,34.0,2.0,299.0,0.549,0.676,0.458,0.683,0.667,0.686,0.11,0.585,117.0,124.0,128.0,126.0,85.0,118.0,41.0,141.0,22.8,18.2,
357.0,Cam Christie,20.0,LAC,SG,29.0,0.0,294.0,0.4,0.49,0.278,0.459,0.744,0.524,0.459,0.424,85.0,89.0,77.0,84.0,95.0,90.0,171.0,102.0,-14.4,-11.6,
358.0,Julian Phillips,22.0,CHI,SF,30.0,2.0,291.0,0.427,0.581,0.318,0.52,0.833,0.535,0.08,0.587,91.0,106.0,89.0,96.0,106.0,92.0,30.0,142.0,-3.6,-7.1,
359.0,Carter Bryant,20.0,SAS,PF,35.0,0.0,287.0,0.348,0.455,0.25,0.413,0.833,0.442,0.13,0.522,74.0,83.0,70.0,76.0,106.0,76.0,49.0,126.0,-24.0,-27.0,
360.0,Dalen Terry,23.0,CHI,SG,28.0,0.0,284.0,0.436,0.477,0.382,0.519,0.545,0.525,0.141,0.436,93.0,87.0,106.0,95.0,69.0,90.0,53.0,105.0,-3.8,-9.2,
361.0,Zach Edey,23.0,MEM,C,11.0,11.0,284.0,0.633,0.656,0.2,0.638,0.781,0.669,0.327,0.051,135.0,120.0,56.0,117.0,99.0,115.0,122.0,12.0,18.4,19.9,
362.0,Thomas Bryant,28.0,CLE,C,31.0,0.0,282.0,0.52,0.686,0.34,0.602,0.828,0.641,0.296,0.48,111.0,125.0,95.0,111.0,105.0,110.0,111.0,116.0,11.4,13.4,
363.0,Terrence Shannon Jr.,25.0,MIN,SG,22.0,0.0,282.0,0.395,0.386,0.405,0.488,0.778,0.538,0.333,0.457,84.0,71.0,113.0,90.0,99.0,93.0,125.0,110.0,-9.1,-7.8,
364.0,Jamaree Bouyea,26.0,PHO,PG,19.0,0.0,280.0,0.562,0.652,0.41,0.638,0.688,0.647,0.152,0.371,120.0,119.0,114.0,117.0,87.0,111.0,57.0,90.0,19.8,14.9,
365.0,Trae Young,27.0,ATL,PG,10.0,10.0,280.0,0.415,0.5,0.305,0.481,0.863,0.577,0.541,0.437,88.0,91.0,85.0,89.0,110.0,99.0,202.0,105.0,-16.8,-1.0,
366.0,Kasparas JakuÄionis,19.0,MIA,PG,19.0,3.0,275.0,0.313,0.12,0.429,0.448,0.875,0.5,0.239,0.627,67.0,22.0,119.0,82.0,111.0,86.0,89.0,151.0,-12.9,-12.0,
367.0,Larry Nance Jr.,33.0,CLE,PF,19.0,2.0,272.0,0.365,0.429,0.308,0.446,0.333,0.445,0.041,0.527,78.0,78.0,86.0,82.0,42.0,77.0,15.0,127.0,-14.5,-20.5,
368.0,Kelly Olynyk,34.0,SAS,C,28.0,0.0,267.0,0.472,0.735,0.237,0.535,0.667,0.569,0.417,0.528,101.0,134.0,66.0,98.0,85.0,98.0,156.0,127.0,-1.3,-1.9,
369.0,Ariel Hukporti,23.0,NYK,C,29.0,4.0,263.0,0.515,0.531,0.0,0.515,0.65,0.562,0.606,0.03,110.0,97.0,0.0,95.0,83.0,97.0,227.0,7.0,-1.9,-1.5,
370.0,Kobe Brown,26.0,LAC,PF,28.0,0.0,262.0,0.361,0.552,0.233,0.431,0.818,0.49,0.306,0.597,77.0,101.0,65.0,79.0,104.0,84.0,114.0,144.0,-16.3,-14.8,
371.0,Micah Potter,27.0,IND,C,15.0,2.0,262.0,0.441,0.619,0.362,0.566,0.933,0.647,0.441,0.691,94.0,113.0,101.0,104.0,119.0,111.0,165.0,167.0,3.1,10.7,
372.0,Duop Reath,29.0,POR,C,32.0,0.0,258.0,0.446,0.526,0.418,0.601,0.833,0.613,0.081,0.743,95.0,96.0,116.0,111.0,106.0,106.0,30.0,179.0,8.5,5.0,
373.0,Nick Richards,28.0,PHO,C,28.0,2.0,254.0,0.493,0.493,,0.493,0.679,0.534,0.394,0.0,105.0,90.0,,91.0,86.0,92.0,147.0,0.0,-7.2,-7.7,
374.0,Jamir Watkins,24.0,WAS,SG,18.0,2.0,246.0,0.462,0.75,0.261,0.538,0.75,0.586,0.41,0.59,98.0,137.0,73.0,99.0,95.0,101.0,153.0,142.0,-0.4,0.5,
375.0,Ousmane Dieng,22.0,OKC,C,22.0,0.0,243.0,0.446,0.457,0.436,0.561,1.0,0.581,0.081,0.527,95.0,84.0,121.0,103.0,127.0,100.0,30.0,127.0,2.5,0.0,
376.0,Julian Strawther,23.0,DEN,SG,23.0,1.0,240.0,0.384,0.51,0.216,0.43,0.784,0.504,0.43,0.43,82.0,93.0,60.0,79.0,100.0,87.0,161.0,104.0,-19.5,-15.8,
377.0,Kevon Looney,29.0,NOP,C,17.0,6.0,237.0,0.426,0.5,0.111,0.436,0.625,0.455,0.17,0.191,91.0,91.0,31.0,80.0,80.0,78.0,64.0,46.0,-10.1,-12.7,
378.0,Isaiah Livers,27.0,PHO,PF,23.0,0.0,234.0,0.372,0.5,0.323,0.488,0.833,0.515,0.14,0.721,79.0,91.0,90.0,90.0,106.0,89.0,52.0,174.0,-4.8,-6.0,
379.0,Jevon Carter,30.0,CHI,PG,21.0,0.0,233.0,0.398,0.348,0.414,0.554,1.0,0.58,0.108,0.753,85.0,64.0,115.0,102.0,127.0,100.0,40.0,182.0,1.9,-0.1,
380.0,Malaki Branham,22.0,WAS,SG,24.0,0.0,230.0,0.458,0.556,0.296,0.514,0.833,0.581,0.417,0.375,98.0,102.0,83.0,95.0,106.0,100.0,156.0,90.0,-4.3,0.1,
381.0,Maxi Kleber,34.0,LAL,PF,20.0,1.0,230.0,0.325,0.391,0.235,0.375,0.786,0.444,0.35,0.425,69.0,71.0,66.0,69.0,100.0,76.0,131.0,103.0,-13.5,-12.6,
382.0,Chris Paul,40.0,LAC,PG,16.0,0.0,228.0,0.321,0.308,0.333,0.411,0.5,0.413,0.036,0.536,68.0,56.0,93.0,76.0,64.0,71.0,13.0,129.0,-14.9,-19.0,
383.0,Olivier-Maxence Prosper,23.0,MEM,PF,20.0,0.0,226.0,0.484,0.571,0.318,0.539,0.929,0.622,0.438,0.344,103.0,104.0,89.0,99.0,118.0,107.0,164.0,83.0,-0.6,6.4,
384.0,Christian Koloko,25.0,3TM,C,15.0,2.0,224.0,0.425,0.421,0.5,0.438,0.25,0.431,0.1,0.05,91.0,77.0,139.0,80.0,32.0,74.0,37.0,12.0,-8.5,-12.5,
384.0,Christian Koloko,25.0,LAL,C,2.0,0.0,6.0,,,,,,,,,,,,,,,,,0.0,0.0,
384.0,Christian Koloko,25.0,MEM,C,11.0,2.0,195.0,0.4,0.412,0.0,0.4,0.25,0.394,0.114,0.029,85.0,75.0,0.0,74.0,32.0,68.0,43.0,7.0,-10.1,-13.7,
384.0,Christian Koloko,25.0,ATL,C,2.0,0.0,23.0,0.6,0.5,1.0,0.7,,0.7,0.0,0.2,128.0,91.0,278.0,129.0,,121.0,0.0,48.0,1.6,1.2,
385.0,KJ Simpson,23.0,CHO,PG,14.0,2.0,223.0,0.348,0.38,0.308,0.416,0.625,0.437,0.18,0.438,74.0,69.0,86.0,76.0,80.0,75.0,67.0,106.0,-22.8,-27.5,
386.0,Yang Hansen,20.0,POR,C,26.0,1.0,217.0,0.286,0.395,0.156,0.321,0.938,0.389,0.229,0.457,61.0,72.0,44.0,59.0,119.0,67.0,85.0,110.0,-31.1,-29.5,
387.0,Amir Coffey,28.0,MIL,SG,26.0,0.0,212.0,0.409,0.591,0.227,0.466,0.929,0.538,0.318,0.5,87.0,108.0,63.0,86.0,118.0,93.0,119.0,121.0,-6.8,-4.2,
388.0,Yanic Konan NiederhÃ¤user,22.0,LAC,C,24.0,0.0,211.0,0.647,0.673,0.0,0.647,0.645,0.665,0.608,0.039,138.0,123.0,0.0,119.0,82.0,115.0,227.0,9.0,10.5,10.9,
389.0,Jae'Sean Tate,30.0,HOU,SF,26.0,0.0,208.0,0.5,0.564,0.368,0.56,0.8,0.573,0.086,0.328,107.0,103.0,103.0,103.0,102.0,99.0,32.0,79.0,1.9,-0.9,
390.0,Ben Saraf,19.0,BRK,SG,12.0,5.0,203.0,0.355,0.448,0.273,0.427,0.8,0.474,0.242,0.532,76.0,82.0,76.0,79.0,102.0,82.0,90.0,128.0,-14.4,-14.7,
391.0,Dorian Finney-Smith,32.0,HOU,PF,13.0,0.0,201.0,0.318,0.444,0.286,0.432,1.0,0.452,0.068,0.795,68.0,81.0,80.0,79.0,127.0,78.0,25.0,192.0,-9.8,-11.6,
392.0,Garrison Mathews,29.0,IND,SG,15.0,1.0,196.0,0.404,0.667,0.37,0.567,0.826,0.628,0.442,0.885,86.0,122.0,103.0,104.0,105.0,108.0,165.0,213.0,2.5,5.9,
393.0,Lindy Waters III,28.0,SAS,SG,26.0,0.0,188.0,0.352,0.571,0.319,0.491,1.0,0.496,0.019,0.87,75.0,104.0,89.0,90.0,127.0,85.0,7.0,210.0,-5.7,-9.2,
394.0,Javon Small,23.0,MEM,PG,15.0,0.0,184.0,0.362,0.385,0.344,0.457,0.824,0.512,0.293,0.552,77.0,70.0,96.0,84.0,105.0,88.0,110.0,133.0,-10.1,-9.0,
395.0,Zach Collins,28.0,CHI,C,10.0,0.0,184.0,0.578,0.651,0.429,0.648,0.7,0.666,0.313,0.328,123.0,119.0,119.0,119.0,89.0,115.0,117.0,79.0,13.4,12.5,
396.0,Mohamed Diawara,20.0,NYK,SF,36.0,5.0,183.0,0.4,0.414,0.389,0.508,0.5,0.51,0.092,0.554,85.0,76.0,108.0,93.0,64.0,88.0,34.0,134.0,-4.7,-9.5,
397.0,Nigel Hayes-Davis,31.0,PHO,SF,23.0,0.0,180.0,0.349,0.464,0.133,0.372,0.5,0.376,0.047,0.349,74.0,85.0,37.0,68.0,64.0,65.0,17.0,84.0,-14.8,-17.9,
398.0,Brooks Barnhizer,23.0,OKC,SG,23.0,0.0,179.0,0.444,0.524,0.167,0.463,0.667,0.489,0.222,0.222,95.0,96.0,46.0,85.0,85.0,84.0,83.0,54.0,-4.4,-5.4,
399.0,RayJ Dennis,24.0,3TM,PG,15.0,0.0,177.0,0.301,0.294,0.308,0.384,0.889,0.416,0.123,0.534,64.0,54.0,86.0,71.0,113.0,72.0,46.0,129.0,-23.4,-25.4,
399.0,RayJ Dennis,24.0,IND,PG,13.0,0.0,168.0,0.306,0.294,0.316,0.389,0.889,0.421,0.125,0.528,65.0,54.0,88.0,72.0,113.0,73.0,47.0,127.0,-22.3,-24.2,
399.0,RayJ Dennis,24.0,LAC,PG,1.0,0.0,4.0,,,,,,,,,,,,,,,,,0.0,0.0,
399.0,RayJ Dennis,24.0,ATL,PG,1.0,0.0,5.0,0.0,,0.0,0.0,,0.0,0.0,1.0,0.0,,0.0,0.0,,0.0,0.0,241.0,-1.1,-1.2,
400.0,DaRon Holmes,23.0,DEN,PF,12.0,6.0,169.0,0.415,0.429,0.412,0.585,0.75,0.606,0.195,0.829,88.0,78.0,115.0,108.0,95.0,104.0,73.0,200.0,3.4,2.3,
401.0,Taurean Prince,31.0,MIL,SF,8.0,0.0,169.0,0.447,0.5,0.429,0.605,1.0,0.623,0.079,0.737,95.0,91.0,119.0,111.0,127.0,107.0,30.0,178.0,4.7,3.3,
402.0,Rasheer Fleming,21.0,PHO,PF,24.0,0.0,167.0,0.353,0.552,0.205,0.412,0.778,0.438,0.132,0.574,75.0,101.0,57.0,76.0,99.0,75.0,49.0,138.0,-17.9,-20.6,
403.0,Bronny James,21.0,LAL,SG,24.0,1.0,165.0,0.325,0.316,0.333,0.413,1.0,0.428,0.05,0.525,69.0,58.0,93.0,76.0,127.0,74.0,19.0,127.0,-10.5,-12.5,
404.0,AJ Johnson,21.0,WAS,SG,23.0,0.0,163.0,0.258,0.279,0.211,0.29,0.75,0.306,0.065,0.306,55.0,51.0,59.0,53.0,95.0,53.0,24.0,74.0,-31.4,-35.0,
405.0,Walker Kessler,24.0,UTA,C,5.0,5.0,154.0,0.703,0.69,0.75,0.784,0.7,0.786,0.541,0.216,150.0,126.0,209.0,144.0,89.0,135.0,202.0,52.0,17.8,18.8,
406.0,PJ Hall,23.0,2TM,C,15.0,2.0,154.0,0.591,0.59,0.6,0.625,0.7,0.653,0.455,0.114,126.0,108.0,167.0,115.0,89.0,113.0,170.0,27.0,7.1,7.7,
406.0,PJ Hall,23.0,MEM,C,7.0,0.0,27.0,0.556,0.667,0.333,0.611,0.667,0.63,0.333,0.333,118.0,122.0,93.0,112.0,85.0,108.0,125.0,80.0,1.2,1.0,
406.0,PJ Hall,23.0,CHO,C,8.0,2.0,127.0,0.6,0.576,1.0,0.629,0.706,0.659,0.486,0.057,128.0,105.0,278.0,116.0,90.0,114.0,182.0,14.0,5.9,6.7,
407.0,Chaz Lanier,24.0,DET,SG,16.0,0.0,153.0,0.354,0.429,0.341,0.5,1.0,0.528,0.104,0.854,75.0,78.0,95.0,92.0,127.0,91.0,39.0,206.0,-4.2,-5.3,
408.0,Pat Connaughton,33.0,CHO,SG,21.0,0.0,147.0,0.489,0.611,0.407,0.611,0.615,0.621,0.289,0.6,104.0,112.0,113.0,112.0,78.0,107.0,108.0,145.0,6.1,4.1,
409.0,Chris Youngblood,23.0,OKC,SG,29.0,0.0,144.0,0.348,0.4,0.341,0.5,1.0,0.54,0.152,0.891,74.0,73.0,95.0,92.0,127.0,93.0,57.0,215.0,-4.0,-4.0,
410.0,Hunter Tyson,25.0,DEN,PF,18.0,2.0,144.0,0.26,0.368,0.194,0.32,0.818,0.374,0.22,0.62,55.0,67.0,54.0,59.0,104.0,64.0,82.0,150.0,-22.4,-22.7,
411.0,JD Davison,23.0,HOU,PG,20.0,0.0,143.0,0.359,0.444,0.286,0.436,0.556,0.454,0.231,0.538,76.0,81.0,80.0,80.0,71.0,78.0,86.0,130.0,-8.4,-10.9,
412.0,Keshad Johnson,24.0,MIA,SF,18.0,0.0,142.0,0.373,0.452,0.25,0.422,0.692,0.458,0.255,0.392,79.0,83.0,70.0,78.0,88.0,79.0,95.0,95.0,-12.5,-13.9,
413.0,Taelon Peter,23.0,IND,SG,22.0,0.0,139.0,0.3,0.667,0.27,0.425,0.667,0.446,0.15,0.925,64.0,122.0,75.0,78.0,85.0,77.0,56.0,223.0,-9.5,-11.5,
414.0,Jonathan Mogbo,24.0,TOR,PF,20.0,0.0,136.0,0.519,0.519,,0.519,0.4,0.514,0.185,0.0,110.0,95.0,,95.0,51.0,88.0,69.0,0.0,-1.4,-3.9,
415.0,Joan Beringer,19.0,MIN,PF,19.0,0.0,128.0,0.711,0.711,,0.711,0.75,0.717,0.105,0.0,151.0,130.0,,131.0,95.0,123.0,39.0,0.0,12.7,10.8,
416.0,Andre Jackson Jr.,24.0,MIL,SG,19.0,0.0,127.0,0.294,0.417,0.227,0.368,0.9,0.443,0.294,0.647,63.0,76.0,63.0,68.0,114.0,76.0,110.0,156.0,-12.0,-10.6,
417.0,Jamal Cain,26.0,ORL,SF,18.0,0.0,126.0,0.378,0.474,0.278,0.446,0.833,0.534,0.486,0.486,81.0,87.0,77.0,82.0,106.0,92.0,182.0,117.0,-7.2,-4.2,
418.0,Mason Plumlee,35.0,CHO,C,14.0,2.0,125.0,0.75,0.75,,0.75,0.667,0.752,1.0,0.0,160.0,137.0,,138.0,85.0,130.0,374.0,0.0,5.0,5.9,
419.0,Marcus Sasser,25.0,DET,PG,12.0,0.0,121.0,0.442,0.5,0.412,0.577,0.909,0.616,0.212,0.654,94.0,91.0,115.0,106.0,116.0,106.0,79.0,158.0,3.5,4.0,
420.0,Bradley Beal,32.0,LAC,SG,6.0,6.0,121.0,0.375,0.379,0.368,0.448,0.75,0.476,0.167,0.396,80.0,69.0,103.0,82.0,95.0,82.0,62.0,95.0,-9.2,-10.8,
421.0,Myron Gardner,24.0,MIA,SF,17.0,0.0,117.0,0.476,0.625,0.385,0.595,0.857,0.621,0.167,0.619,101.0,114.0,107.0,109.0,109.0,107.0,62.0,149.0,4.3,3.7,
422.0,Jordan McLaughlin,29.0,SAS,PG,19.0,0.0,116.0,0.429,0.5,0.368,0.529,0.8,0.551,0.143,0.543,91.0,91.0,103.0,97.0,102.0,95.0,53.0,131.0,-1.1,-2.2,
423.0,Dereck Lively II,21.0,DAL,C,7.0,4.0,115.0,0.611,0.611,,0.611,0.8,0.67,0.556,0.0,130.0,112.0,,112.0,102.0,115.0,208.0,0.0,2.4,4.0,
424.0,Xavier Tillman Sr.,27.0,BOS,C,13.0,1.0,110.0,0.467,0.688,0.214,0.517,,0.517,0.0,0.467,99.0,126.0,60.0,95.0,,89.0,0.0,113.0,-1.6,-3.8,
425.0,A.J. Lawson,25.0,TOR,SG,11.0,0.0,106.0,0.39,0.421,0.364,0.488,1.0,0.545,0.22,0.537,83.0,77.0,101.0,90.0,127.0,94.0,82.0,129.0,-4.6,-3.2,
426.0,Pete Nance,25.0,MIL,PF,14.0,0.0,104.0,0.552,0.636,0.5,0.707,,0.707,0.0,0.621,118.0,116.0,139.0,130.0,,122.0,0.0,150.0,9.5,7.3,
427.0,Luke Travers,24.0,CLE,SG,12.0,0.0,103.0,0.25,0.4,0.063,0.264,1.0,0.35,0.25,0.444,53.0,73.0,17.0,49.0,127.0,60.0,93.0,107.0,-20.1,-18.4,
428.0,Devin Carter,23.0,SAC,PG,12.0,0.0,101.0,0.342,0.444,0.25,0.408,1.0,0.463,0.184,0.526,73.0,81.0,70.0,75.0,127.0,80.0,69.0,127.0,-10.3,-9.7,
429.0,Blake Wesley,22.0,POR,SG,6.0,0.0,98.0,0.412,0.5,0.2,0.441,0.6,0.469,0.294,0.294,88.0,91.0,56.0,81.0,76.0,81.0,110.0,71.0,-7.0,-8.6,
430.0,Chris Boucher,33.0,BOS,PF,8.0,0.0,91.0,0.318,0.6,0.083,0.341,0.75,0.379,0.182,0.545,68.0,110.0,23.0,63.0,95.0,65.0,68.0,132.0,-8.9,-9.6,
431.0,Alijah Martin,24.0,TOR,SG,10.0,0.0,88.0,0.346,0.467,0.182,0.385,0.833,0.48,0.462,0.423,74.0,85.0,51.0,71.0,106.0,83.0,172.0,102.0,-8.3,-6.3,
432.0,Adou Thiero,21.0,LAL,SF,15.0,0.0,87.0,0.389,0.412,0.0,0.389,0.75,0.465,0.444,0.056,83.0,75.0,0.0,72.0,95.0,80.0,166.0,13.0,-5.6,-5.0,
433.0,Kam Jones,23.0,IND,SG,12.0,0.0,87.0,0.357,0.5,0.1,0.375,0.0,0.364,0.071,0.357,76.0,91.0,28.0,69.0,0.0,63.0,27.0,86.0,-9.4,-12.5,
434.0,Kevin McCullar Jr.,24.0,NYK,SF,12.0,0.0,87.0,0.435,0.444,0.429,0.565,0.4,0.556,0.217,0.609,93.0,81.0,119.0,104.0,51.0,96.0,81.0,147.0,1.0,-1.3,
435.0,Leonard Miller,22.0,MIN,SF,17.0,0.0,86.0,0.563,0.81,0.091,0.578,0.636,0.597,0.344,0.344,120.0,148.0,25.0,106.0,81.0,103.0,128.0,83.0,2.2,1.2,
436.0,Anthony Gill,33.0,WAS,PF,20.0,0.0,84.0,0.667,0.75,0.5,0.75,1.0,0.784,0.222,0.333,142.0,137.0,139.0,138.0,127.0,135.0,83.0,80.0,7.4,8.1,
437.0,Khaman Maluach,19.0,PHO,C,18.0,0.0,84.0,0.4,0.533,0.0,0.4,0.875,0.489,0.4,0.25,85.0,97.0,0.0,74.0,111.0,84.0,149.0,60.0,-5.7,-4.3,
438.0,Grant Williams,27.0,CHO,PF,5.0,0.0,84.0,0.32,0.75,0.238,0.42,0.833,0.47,0.24,0.84,68.0,137.0,66.0,77.0,106.0,81.0,90.0,203.0,-6.2,-6.1,
439.0,Drew Timme,25.0,LAL,PF,10.0,0.0,83.0,0.615,0.647,0.556,0.712,0.0,0.7,0.038,0.346,131.0,118.0,155.0,131.0,0.0,121.0,14.0,84.0,8.7,6.3,
440.0,Obi Toppin,27.0,IND,PF,3.0,0.0,82.0,0.417,0.632,0.176,0.458,1.0,0.526,0.25,0.472,89.0,115.0,49.0,84.0,127.0,91.0,93.0,114.0,-6.1,-4.4,
441.0,Miles Kelly,23.0,DAL,PG,9.0,0.0,77.0,0.393,0.667,0.318,0.518,,0.518,0.0,0.786,84.0,122.0,89.0,95.0,,89.0,0.0,190.0,-1.4,-3.5,
442.0,Eric Gordon,37.0,PHI,SG,6.0,0.0,74.0,0.571,0.571,0.571,0.762,0.5,0.754,0.095,0.667,122.0,104.0,159.0,140.0,64.0,130.0,36.0,161.0,9.2,7.6,
443.0,Lachlan Olbrich,22.0,CHI,C,10.0,0.0,73.0,0.222,0.4,0.0,0.222,0.0,0.202,0.222,0.444,47.0,73.0,0.0,41.0,0.0,35.0,83.0,107.0,-5.8,-7.5,
444.0,Doug McDermott,34.0,SAC,SF,7.0,0.0,70.0,0.348,,0.348,0.522,,0.522,0.0,1.0,74.0,,97.0,96.0,,90.0,0.0,241.0,-1.0,-2.7,
445.0,David Jones GarcÃ­a,24.0,SAS,SF,11.0,0.0,68.0,0.52,0.5,0.6,0.58,0.5,0.579,0.24,0.2,111.0,91.0,167.0,107.0,64.0,100.0,90.0,48.0,1.8,-0.1,
446.0,Johnny Juzang,24.0,MIN,SG,17.0,0.0,67.0,0.438,0.75,0.25,0.516,0.75,0.533,0.125,0.625,93.0,137.0,70.0,95.0,95.0,92.0,47.0,151.0,-1.8,-3.2,
447.0,Jeff Green,39.0,HOU,PF,15.0,0.0,66.0,0.48,0.5,0.471,0.64,,0.64,0.0,0.68,102.0,91.0,131.0,118.0,,110.0,0.0,164.0,4.8,3.0,
448.0,Elijah Harkless,25.0,UTA,SG,7.0,0.0,66.0,0.364,0.5,0.286,0.455,0.778,0.568,0.818,0.636,77.0,91.0,80.0,84.0,99.0,98.0,306.0,154.0,-2.0,-0.4,
449.0,Bismack Biyombo,33.0,SAS,C,11.0,1.0,65.0,0.667,0.667,,0.667,0.5,0.654,0.333,0.0,142.0,122.0,,123.0,64.0,113.0,125.0,0.0,1.5,1.0,
450.0,Monte Morris,30.0,IND,PG,6.0,0.0,65.0,0.35,0.417,0.25,0.4,0.5,0.414,0.2,0.4,75.0,76.0,70.0,74.0,64.0,71.0,75.0,97.0,-5.7,-7.3,
451.0,Drew Peterson,26.0,CHO,PF,6.0,0.0,64.0,0.125,0.5,0.0,0.125,0.5,0.148,0.125,0.75,27.0,91.0,0.0,23.0,64.0,26.0,47.0,181.0,-13.4,-14.6,
452.0,Javonte Cooke,26.0,POR,SG,9.0,0.0,61.0,0.269,0.364,0.2,0.327,,0.327,0.0,0.577,57.0,66.0,56.0,60.0,,56.0,0.0,139.0,-11.3,-13.2,
453.0,James Wiseman,24.0,IND,C,4.0,1.0,58.0,0.6,0.6,,0.6,0.5,0.597,0.2,0.0,128.0,110.0,,110.0,64.0,103.0,75.0,0.0,1.1,0.4,
454.0,Pacome Dadiet,20.0,NYK,SG,18.0,0.0,57.0,0.222,0.5,0.0,0.222,1.0,0.372,0.444,0.556,47.0,91.0,0.0,41.0,127.0,64.0,166.0,134.0,-5.8,-4.5,
455.0,Antonio Reeves,25.0,CHO,SG,7.0,0.0,56.0,0.5,0.5,0.5,0.656,,0.656,0.0,0.625,107.0,91.0,139.0,121.0,,113.0,0.0,151.0,3.6,2.4,
456.0,Tolu Smith,25.0,DET,PF,5.0,0.0,55.0,0.467,0.467,,0.467,0.8,0.602,1.0,0.0,99.0,85.0,,86.0,102.0,104.0,374.0,0.0,-2.3,0.9,
457.0,Cody Martin,30.0,IND,SF,4.0,0.0,55.0,0.2,0.4,0.0,0.2,0.5,0.277,0.6,0.5,43.0,73.0,0.0,37.0,64.0,48.0,224.0,121.0,-6.9,-7.7,
458.0,Joe Ingles,38.0,MIN,SF,13.0,0.0,54.0,0.4,1.0,0.25,0.5,1.0,0.595,0.4,0.8,85.0,183.0,70.0,92.0,127.0,103.0,149.0,193.0,-0.4,0.2,
459.0,Jalen Green,23.0,PHO,SG,4.0,2.0,54.0,0.432,0.444,0.421,0.541,0.778,0.574,0.243,0.514,92.0,81.0,117.0,99.0,99.0,99.0,91.0,124.0,-0.2,-0.6,
460.0,Bobi Klintman,22.0,DET,SF,6.0,0.0,53.0,0.333,0.4,0.273,0.405,0.0,0.381,0.143,0.524,71.0,73.0,76.0,74.0,0.0,66.0,53.0,126.0,-5.8,-8.9,
461.0,Amari Williams,24.0,BOS,PF,9.0,0.0,52.0,0.667,0.667,,0.667,0.714,0.74,2.333,0.0,142.0,122.0,,123.0,91.0,127.0,872.0,0.0,0.7,1.9,
462.0,Caleb Houstan,23.0,ATL,SF,10.0,0.0,49.0,0.467,0.333,0.5,0.667,1.0,0.705,0.2,0.8,99.0,61.0,139.0,123.0,127.0,121.0,75.0,193.0,3.7,4.1,
463.0,Matisse Thybulle,28.0,POR,SG,4.0,0.0,49.0,0.6,0.5,0.667,0.8,1.0,0.85,0.4,0.6,128.0,91.0,186.0,147.0,127.0,146.0,149.0,145.0,5.1,6.3,
464.0,Kyle Lowry,39.0,PHI,PG,6.0,0.0,45.0,0.25,,0.25,0.375,,0.375,0.0,1.0,53.0,,70.0,69.0,,65.0,0.0,241.0,-2.7,-3.3,
465.0,Kobe Bufkin,22.0,LAL,SG,4.0,0.0,45.0,0.364,0.5,0.286,0.455,1.0,0.505,0.182,0.636,77.0,91.0,80.0,84.0,127.0,87.0,68.0,154.0,-2.0,-1.8,
466.0,Thanasis Antetokounmpo,33.0,MIL,SF,14.0,0.0,43.0,0.571,0.615,0.0,0.571,0.667,0.612,0.643,0.071,122.0,112.0,0.0,105.0,85.0,105.0,240.0,17.0,0.8,1.1,
467.0,Wendell Moore Jr.,24.0,DET,SG,3.0,0.0,43.0,0.5,0.6,0.0,0.5,,0.5,0.0,0.167,107.0,110.0,0.0,92.0,,86.0,0.0,40.0,-0.5,-1.0,
468.0,Trey Alexander,22.0,NOP,SG,5.0,0.0,42.0,0.667,0.667,0.667,0.778,,0.778,0.0,0.333,142.0,122.0,186.0,143.0,,134.0,0.0,80.0,4.2,3.6,
469.0,Dario Å ariÄ,31.0,SAC,C,5.0,0.0,41.0,0.167,0.0,0.333,0.25,1.0,0.363,0.333,0.5,36.0,0.0,93.0,46.0,127.0,63.0,125.0,121.0,-3.5,-3.0,
470.0,Johni Broome,23.0,PHI,C,7.0,0.0,40.0,0.2,0.235,0.0,0.2,0.5,0.23,0.2,0.15,43.0,43.0,0.0,37.0,64.0,40.0,75.0,36.0,-13.7,-15.3,
471.0,Moritz Wagner,28.0,ORL,C,3.0,0.0,39.0,0.588,0.7,0.429,0.676,1.0,0.738,0.353,0.412,125.0,128.0,119.0,124.0,127.0,127.0,132.0,99.0,4.5,6.2,
472.0,Trey Jemison,26.0,NYK,C,6.0,0.0,38.0,1.0,1.0,,1.0,1.0,1.017,0.333,0.0,213.0,183.0,,184.0,127.0,175.0,125.0,0.0,2.7,3.0,
473.0,E.J. Liddell,25.0,BRK,PF,8.0,0.0,35.0,0.417,0.75,0.25,0.5,0.667,0.526,0.25,0.667,89.0,137.0,70.0,92.0,85.0,91.0,93.0,161.0,-1.0,-1.5,
474.0,Ron Harper Jr.,25.0,BOS,SF,7.0,0.0,35.0,0.313,0.5,0.25,0.406,,0.406,0.0,0.75,67.0,91.0,70.0,75.0,,70.0,0.0,181.0,-4.4,-5.6,
475.0,Tyson Etienne,26.0,BRK,PG,8.0,0.0,34.0,0.267,0.0,0.308,0.4,,0.4,0.0,0.867,57.0,0.0,86.0,74.0,,69.0,0.0,209.0,-4.3,-5.4,
476.0,Mac McClung,27.0,IND,SG,3.0,0.0,34.0,0.389,0.625,0.2,0.444,0.75,0.481,0.222,0.556,83.0,114.0,56.0,82.0,95.0,83.0,83.0,134.0,-3.6,-3.9,
477.0,Garrett Temple,39.0,TOR,SG,12.0,0.0,33.0,0.143,0.0,0.2,0.214,0.5,0.254,0.286,0.714,30.0,0.0,56.0,39.0,64.0,44.0,107.0,172.0,-4.6,-5.1,
478.0,Emanuel Miller,25.0,CHI,PF,5.0,0.0,33.0,0.462,0.571,0.333,0.538,0.5,0.54,0.154,0.462,98.0,104.0,93.0,99.0,64.0,93.0,57.0,111.0,-0.1,-1.1,
479.0,Jahmyl Telfort,24.0,LAC,PF,8.0,0.0,32.0,0.0,,0.0,0.0,0.25,0.087,1.0,1.0,0.0,,0.0,0.0,32.0,15.0,374.0,241.0,-4.3,-5.7,
480.0,Seth Curry,35.0,GSW,SG,2.0,0.0,32.0,0.667,0.8,0.5,0.778,,0.778,0.0,0.444,142.0,146.0,139.0,143.0,,134.0,0.0,107.0,4.2,3.6,
481.0,Curtis Jones,24.0,DEN,SG,6.0,0.0,31.0,0.286,0.6,0.111,0.321,,0.321,0.0,0.643,61.0,110.0,31.0,59.0,,55.0,0.0,155.0,-6.2,-7.3,
482.0,Charles Bassey,25.0,MEM,C,2.0,0.0,31.0,0.375,0.375,,0.375,0.333,0.376,0.375,0.0,80.0,69.0,,69.0,42.0,65.0,140.0,0.0,-2.7,-3.8,
483.0,Hunter Sallis,22.0,PHI,SG,7.0,0.0,26.0,0.6,0.6,,0.6,0.5,0.595,0.4,0.0,128.0,110.0,,110.0,64.0,103.0,149.0,0.0,0.6,0.2,
484.0,Mark Sears,23.0,MIL,PG,7.0,0.0,26.0,0.462,0.4,0.5,0.615,0.75,0.666,0.615,0.615,98.0,73.0,139.0,113.0,95.0,115.0,230.0,148.0,1.9,2.8,
485.0,Jahmai Mashack,23.0,MEM,SG,7.0,0.0,25.0,0.25,0.0,0.333,0.375,,0.375,0.0,0.75,53.0,0.0,93.0,69.0,,65.0,0.0,181.0,-2.7,-3.3,
486.0,Orlando Robinson,25.0,ORL,C,4.0,1.0,25.0,0.6,0.667,0.5,0.7,,0.7,0.0,0.4,128.0,122.0,139.0,129.0,,121.0,0.0,97.0,1.6,1.2,
487.0,Jahmir Young,25.0,MIA,PG,5.0,0.0,24.0,0.364,0.333,0.4,0.455,,0.455,0.0,0.455,77.0,61.0,111.0,84.0,,78.0,0.0,110.0,-2.0,-2.8,
488.0,DeAndre Jordan,37.0,NOP,C,2.0,1.0,23.0,0.8,0.8,,0.8,0.5,0.765,0.4,0.0,170.0,146.0,,147.0,64.0,132.0,149.0,0.0,2.6,2.2,
489.0,TyTy Washington Jr.,24.0,LAC,PG,2.0,0.0,22.0,0.667,0.8,0.5,0.778,,0.778,0.0,0.444,142.0,146.0,139.0,143.0,,134.0,0.0,107.0,4.2,3.6,
490.0,Brandon Clarke,29.0,MEM,PF,2.0,2.0,20.0,0.333,0.333,,0.333,0.5,0.372,0.444,0.0,71.0,61.0,,61.0,64.0,64.0,166.0,0.0,-3.8,-4.5,
491.0,Isaac Jones,25.0,2TM,PF,4.0,1.0,18.0,0.5,1.0,0.0,0.5,0.5,0.512,0.5,0.5,107.0,183.0,0.0,92.0,64.0,88.0,187.0,121.0,-0.4,-0.6,
491.0,Isaac Jones,25.0,SAC,PF,3.0,1.0,17.0,0.5,1.0,0.0,0.5,0.5,0.521,1.0,0.5,107.0,183.0,0.0,92.0,64.0,90.0,374.0,121.0,-0.2,-0.3,
491.0,Isaac Jones,25.0,DET,PF,1.0,0.0,1.0,0.5,1.0,0.0,0.5,,0.5,0.0,0.5,107.0,183.0,0.0,92.0,,86.0,0.0,121.0,-0.2,-0.3,
492.0,Jacob Toppin,25.0,ATL,SF,5.0,0.0,17.0,0.667,0.667,,0.667,,0.667,0.0,0.0,142.0,122.0,,123.0,,115.0,0.0,0.0,1.5,1.0,
493.0,Chris Livingston,22.0,CLE,SF,3.0,0.0,17.0,0.571,1.0,0.0,0.571,1.0,0.605,0.143,0.429,122.0,183.0,0.0,105.0,127.0,104.0,53.0,103.0,0.4,0.4,
494.0,N'Faly Dante,24.0,ATL,C,4.0,0.0,15.0,0.25,0.25,,0.25,1.0,0.338,0.25,0.0,53.0,46.0,,46.0,127.0,58.0,93.0,0.0,-2.3,-2.2,
495.0,Oscar Tshiebwe,26.0,UTA,C,1.0,0.0,15.0,0.25,0.25,,0.25,0.0,0.225,0.25,0.0,53.0,46.0,,46.0,0.0,39.0,93.0,0.0,-2.3,-3.2,
496.0,Chris MaÃ±on,24.0,LAL,SG,4.0,0.0,14.0,0.0,,0.0,0.0,,0.0,0.0,1.0,0.0,,0.0,0.0,,0.0,0.0,241.0,-1.1,-1.2,
497.0,Daeqwon Plowden,27.0,SAC,SG,1.0,0.0,14.0,0.2,0.5,0.0,0.2,,0.2,0.0,0.6,43.0,91.0,0.0,37.0,,34.0,0.0,145.0,-3.4,-3.8,
498.0,Chucky Hepburn,22.0,TOR,PG,2.0,0.0,13.0,0.0,0.0,0.0,0.0,,0.0,0.0,0.833,0.0,0.0,0.0,0.0,,0.0,0.0,201.0,-6.5,-7.0,
499.0,Harrison Ingram,23.0,SAS,SF,3.0,0.0,11.0,0.667,0.5,1.0,0.833,,0.833,0.0,0.333,142.0,91.0,278.0,153.0,,144.0,0.0,80.0,1.7,1.5,
500.0,Sharife Cooper,24.0,WAS,PG,4.0,0.0,10.0,0.0,,0.0,0.0,,0.0,0.0,1.0,0.0,,0.0,0.0,,0.0,0.0,241.0,-1.1,-1.2,
501.0,Tosan Evbuomwan,24.0,NYK,SF,5.0,0.0,8.0,0.0,0.0,,0.0,,0.0,0.0,0.0,0.0,0.0,,0.0,,0.0,0.0,0.0,-1.1,-1.2,
502.0,Riley Minix,25.0,SAS,SF,3.0,0.0,8.0,0.667,1.0,0.333,0.75,,0.75,0.0,0.5,142.0,183.0,93.0,138.0,,129.0,0.0,121.0,2.5,2.0,
503.0,Koby Brea,23.0,PHO,SG,2.0,0.0,8.0,0.333,1.0,0.0,0.333,1.0,0.515,0.667,0.667,71.0,183.0,0.0,61.0,127.0,89.0,249.0,161.0,-1.3,-0.5,
504.0,Colby Jones,23.0,DET,SG,1.0,0.0,7.0,0.333,1.0,0.0,0.333,,0.333,0.0,0.667,71.0,183.0,0.0,61.0,,57.0,0.0,161.0,-1.3,-1.5,
505.0,Mo Bamba,27.0,TOR,C,2.0,0.0,6.0,0.0,0.0,,0.0,,0.0,0.0,0.0,0.0,0.0,,0.0,,0.0,0.0,0.0,-2.2,-2.3,
506.0,Noa Essengue,19.0,CHI,PF,2.0,0.0,6.0,0.0,0.0,0.0,0.0,,0.0,0.0,0.667,0.0,0.0,0.0,0.0,,0.0,0.0,161.0,-3.3,-3.5,
507.0,Trentyn Flowers,20.0,CHI,SF,2.0,0.0,6.0,0.667,1.0,0.0,0.667,,0.667,0.0,0.333,142.0,183.0,0.0,123.0,,115.0,0.0,80.0,0.7,0.5,
508.0,Isaiah Crawford,24.0,HOU,SF,2.0,0.0,5.0,0.0,,0.0,0.0,,0.0,0.0,1.0,0.0,,0.0,0.0,,0.0,0.0,241.0,-1.1,-1.2,
509.0,LJ Cryer,24.0,GSW,PG,2.0,0.0,5.0,0.333,0.0,0.5,0.5,,0.5,0.0,0.667,71.0,0.0,139.0,92.0,,86.0,0.0,161.0,-0.3,-0.5,
510.0,Malevy Leons,26.0,GSW,SF,2.0,0.0,5.0,0.0,0.0,,0.0,,0.0,0.0,0.0,0.0,0.0,,0.0,,0.0,0.0,0.0,-1.1,-1.2,
511.0,Patrick Baldwin Jr.,23.0,LAC,SF,1.0,0.0,5.0,0.0,,0.0,0.0,1.0,0.532,2.0,1.0,0.0,,0.0,0.0,127.0,92.0,747.0,241.0,-1.1,-0.2,
512.0,Hunter Dickinson,25.0,NOP,C,1.0,0.0,5.0,0.5,0.5,,0.5,,0.5,0.0,0.0,107.0,91.0,,92.0,,86.0,0.0,0.0,-0.2,-0.3,
513.0,Vladislav Goldin,24.0,MIA,C,1.0,0.0,1.0,,,,,,,,,,,,,,,,,0.0,0.0,
,League Average,,,,,,,0.469,0.547,0.359,0.544,0.786,0.581,0.268,0.415,,,,,,,,,,,
