Rk,Player,Age,Team,Pos,G,GS,MP,PER,TS%,3PAr,FTr,ORB%,DRB%,TRB%,AST%,STL%,BLK%,TOV%,USG%,OWS,DWS,WS,WS/48,OBPM,DBPM,BPM,VORP,Awards
1.0,Tyrese Maxey,25.0,PHI,PG,41.0,41.0,1621.0,23.1,0.598,0.399,0.272,0.8,11.3,6.0,29.7,2.6,2.2,9.0,29.5,4.2,2.0,6.2,0.185,5.7,1.1,6.8,3.5,
2.0,Amen Thompson,23.0,HOU,PG,43.0,43.0,1606.0,18.2,0.577,0.138,0.348,8.4,14.6,11.5,20.1,1.8,1.4,13.5,20.6,3.2,1.9,5.2,0.155,1.3,0.7,2.0,1.6,
3.0,Scottie Barnes,24.0,TOR,PF,46.0,46.0,1591.0,19.5,0.576,0.207,0.261,6.9,19.9,13.3,24.3,1.9,4.1,13.4,24.3,2.0,2.6,4.6,0.139,1.8,2.0,3.8,2.3,
4.0,Toumani Camara,25.0,POR,PF,46.0,46.0,1558.0,10.4,0.567,0.667,0.169,5.5,10.9,8.1,11.2,1.4,1.3,14.8,16.2,0.8,1.1,2.0,0.06,-1.3,-0.5,-1.8,0.1,
5.0,DeMar DeRozan,36.0,SAC,PF,46.0,46.0,1540.0,17.7,0.603,0.157,0.404,1.7,9.4,5.5,18.0,2.0,0.6,6.7,21.4,3.3,0.5,3.9,0.121,0.6,-0.3,0.3,0.9,
6.0,Dyson Daniels,22.0,ATL,SG,45.0,45.0,1537.0,13.8,0.52,0.138,0.177,7.0,14.4,10.7,24.2,2.5,1.2,15.8,16.2,1.0,1.8,2.7,0.085,-1.6,1.1,-0.5,0.6,
7.0,Trey Murphy III,25.0,NOP,SF,43.0,43.0,1535.0,19.4,0.636,0.515,0.252,3.3,15.3,9.1,15.3,2.1,0.8,9.9,22.6,3.5,0.8,4.3,0.133,3.4,-0.9,2.5,1.7,
8.0,Jalen Johnson,24.0,ATL,SF,43.0,43.0,1532.0,21.2,0.601,0.27,0.326,4.6,27.8,16.0,34.2,1.6,1.3,15.3,26.7,2.5,2.0,4.5,0.141,3.2,1.2,4.3,2.4,
9.0,Brandon Ingram,28.0,TOR,SF,45.0,45.0,1531.0,16.2,0.568,0.291,0.266,2.7,17.0,9.8,17.3,1.1,2.2,12.3,27.3,0.5,1.9,2.4,0.076,0.8,-0.4,0.3,0.9,
10.0,Mikal Bridges,29.0,NYK,SF,44.0,43.0,1526.0,16.9,0.604,0.448,0.085,3.5,10.8,7.1,17.0,2.2,2.6,7.3,17.1,3.3,1.6,4.9,0.153,2.4,1.3,3.7,2.2,
11.0,Keyonte George,22.0,UTA,PG,44.0,44.0,1514.0,18.7,0.616,0.414,0.429,1.5,11.3,6.3,29.8,1.5,0.8,14.7,27.8,2.8,0.0,2.8,0.09,3.0,-2.2,0.9,1.1,
12.0,Julius Randle,31.0,MIN,PF,45.0,45.0,1513.0,20.4,0.603,0.298,0.418,5.5,17.2,11.5,24.5,1.5,0.5,12.1,26.7,3.6,1.8,5.4,0.17,2.7,0.1,2.8,1.8,
13.0,Kevin Durant,37.0,HOU,SF,41.0,41.0,1511.0,20.9,0.636,0.318,0.344,1.3,15.2,8.3,19.4,1.0,2.4,13.0,26.9,4.2,1.6,5.8,0.184,4.2,0.1,4.4,2.4,
14.0,Pascal Siakam,31.0,IND,PF,44.0,44.0,1492.0,18.9,0.563,0.262,0.323,5.0,17.4,10.9,21.1,1.6,1.1,9.4,29.0,1.3,1.4,2.6,0.085,2.4,-0.6,1.8,1.4,
15.0,Nickeil Alexander-Walker,27.0,ATL,SG,45.0,38.0,1482.0,15.2,0.584,0.516,0.245,2.0,9.8,5.8,15.4,1.6,1.7,10.4,24.6,1.0,1.2,2.2,0.071,0.6,-1.2,-0.6,0.5,
16.0,Jabari Smith Jr.,22.0,HOU,PF,42.0,42.0,1470.0,12.8,0.544,0.493,0.209,5.1,16.8,11.0,7.3,1.1,2.3,8.7,18.3,1.6,1.7,3.3,0.108,-0.8,-0.3,-1.2,0.3,
17.0,Shai Gilgeous-Alexander,27.0,OKC,PG,44.0,44.0,1469.0,32.1,0.674,0.242,0.464,1.7,12.1,7.2,32.4,1.9,2.4,7.5,33.6,7.9,2.7,10.6,0.346,9.5,2.7,12.2,5.2,
18.0,Deni Avdija,25.0,POR,SF,42.0,42.0,1464.0,21.3,0.616,0.382,0.58,3.2,19.1,11.0,31.9,1.1,1.5,15.4,29.1,3.6,1.4,5.0,0.165,4.6,0.4,5.0,2.6,
19.0,James Harden,36.0,LAC,PG,41.0,41.0,1463.0,21.8,0.596,0.5,0.485,2.1,13.4,7.9,37.5,1.8,0.9,14.5,31.5,3.4,1.0,4.4,0.144,4.7,-1.2,3.4,2.0,
20.0,Desmond Bane,27.0,ORL,SG,43.0,43.0,1455.0,14.9,0.56,0.324,0.244,4.3,10.6,7.4,20.4,1.1,1.4,11.6,23.7,1.4,1.2,2.6,0.087,0.2,-0.8,-0.6,0.5,
21.0,Jamal Murray,28.0,DEN,PG,41.0,41.0,1453.0,22.7,0.621,0.397,0.24,1.5,11.9,6.9,32.8,1.4,0.9,10.2,28.7,4.2,0.9,5.2,0.17,5.7,-1.6,4.1,2.3,
22.0,Miles Bridges,27.0,CHO,PF,44.0,44.0,1444.0,16.0,0.561,0.448,0.255,3.6,17.7,10.8,16.4,0.7,1.3,7.9,23.2,2.3,1.0,3.3,0.111,1.3,-0.9,0.5,0.9,
23.0,Onyeka Okongwu,25.0,ATL,C,45.0,34.0,1443.0,15.9,0.592,0.431,0.219,6.4,20.5,13.4,14.9,1.8,2.7,12.7,20.6,1.3,1.8,3.1,0.104,-0.4,0.3,-0.1,0.7,
24.0,Donte DiVincenzo,29.0,MIN,SG,45.0,45.0,1435.0,13.6,0.576,0.756,0.151,3.5,12.1,7.9,17.7,2.0,1.3,10.7,16.9,1.9,1.7,3.6,0.121,0.5,0.8,1.3,1.2,
25.0,Immanuel Quickley,26.0,TOR,PG,44.0,44.0,1433.0,16.4,0.571,0.522,0.246,1.8,12.9,7.3,27.5,1.8,0.3,10.2,21.6,2.3,1.7,4.0,0.133,1.7,0.3,2.0,1.5,
26.0,Derrick White,31.0,BOS,SG,42.0,42.0,1432.0,16.9,0.526,0.587,0.19,3.2,11.6,7.4,22.0,1.9,4.4,9.8,23.5,1.9,1.7,3.6,0.121,2.5,0.5,3.0,1.8,
27.0,Donovan Mitchell,29.0,CLE,SG,42.0,42.0,1431.0,22.8,0.617,0.479,0.295,2.6,12.7,7.6,28.0,2.1,0.6,11.6,32.2,3.4,1.4,4.8,0.162,5.6,-0.2,5.4,2.7,
28.0,Cooper Flagg,19.0,DAL,SF,42.0,42.0,1421.0,16.1,0.554,0.229,0.289,3.7,15.9,10.0,18.4,1.8,1.9,11.7,23.9,0.6,1.9,2.6,0.087,-0.3,0.9,0.6,0.9,
29.0,Kon Knueppel,20.0,CHO,SF,44.0,43.0,1417.0,16.8,0.637,0.573,0.199,4.3,14.7,9.6,16.9,1.0,0.6,12.9,22.3,2.8,0.9,3.7,0.126,2.8,-0.9,1.9,1.4,
30.0,Payton Pritchard,28.0,BOS,PG,43.0,43.0,1413.0,17.3,0.567,0.527,0.138,3.4,11.4,7.4,23.3,1.3,0.4,7.1,21.0,3.5,1.1,4.6,0.156,2.5,-0.7,1.8,1.4,
31.0,Jaylen Brown,29.0,BOS,SF,41.0,41.0,1411.0,22.7,0.577,0.267,0.332,4.2,17.4,10.8,24.9,1.5,1.1,12.6,36.9,2.3,1.5,3.8,0.131,3.9,-1.0,2.9,1.7,
32.0,VJ Edgecombe,20.0,PHI,SG,39.0,39.0,1399.0,13.1,0.535,0.431,0.178,5.1,11.4,8.2,17.0,2.1,1.3,11.3,19.4,0.9,1.5,2.4,0.082,-0.9,0.3,-0.6,0.5,
33.0,Devin Booker,29.0,PHO,SG,41.0,41.0,1394.0,19.6,0.58,0.297,0.438,2.7,10.7,6.6,29.7,1.3,0.8,13.1,31.2,2.7,1.3,4.0,0.137,2.7,-0.9,1.8,1.3,
34.0,Ryan Rollins,23.0,MIL,PG,44.0,39.0,1390.0,15.7,0.563,0.431,0.151,3.0,12.9,8.0,26.1,2.4,1.3,13.7,23.2,0.9,1.4,2.3,0.079,0.1,0.0,0.1,0.7,
35.0,Jaden McDaniels,25.0,MIN,PF,43.0,43.0,1386.0,14.4,0.615,0.302,0.239,4.0,11.4,7.8,12.6,1.6,2.6,12.3,18.3,1.9,1.6,3.5,0.121,-0.6,0.6,0.0,0.7,
36.0,Russell Westbrook,37.0,SAC,SF,46.0,40.0,1367.0,15.7,0.538,0.445,0.224,5.3,17.8,11.4,34.5,2.3,0.5,18.9,25.5,-0.2,0.9,0.7,0.024,0.9,-0.6,0.3,0.8,
37.0,Rudy Gobert,33.0,MIN,C,43.0,43.0,1363.0,17.7,0.686,0.004,0.605,13.7,25.5,19.7,7.4,1.1,4.8,14.2,12.4,3.0,2.2,5.2,0.183,0.0,0.9,1.0,1.0,
38.0,Jalen Brunson,29.0,NYK,PG,39.0,38.0,1341.0,21.4,0.594,0.366,0.283,1.6,8.7,5.1,29.7,0.9,0.2,8.9,31.4,3.9,0.7,4.6,0.165,4.8,-1.9,2.9,1.7,
39.0,Evan Mobley,24.0,CLE,PF,40.0,38.0,1332.0,18.9,0.581,0.277,0.342,7.4,21.2,14.2,18.1,1.4,5.4,12.1,21.8,1.8,1.9,3.7,0.134,1.3,1.5,2.9,1.6,
40.0,Nikola VuÄeviÄ,35.0,CHI,C,43.0,43.0,1321.0,18.5,0.583,0.339,0.106,7.7,23.7,15.8,18.3,1.0,1.8,8.8,21.7,2.1,1.2,3.4,0.122,1.9,-0.3,1.6,1.2,
41.0,Royce O'Neale,32.0,PHO,SF,45.0,40.0,1319.0,11.6,0.605,0.822,0.051,2.6,16.6,9.4,13.5,2.0,1.0,15.4,14.5,1.0,1.7,2.7,0.098,-0.1,1.1,1.0,1.0,
42.0,Cade Cunningham,24.0,DET,PG,37.0,37.0,1314.0,21.1,0.561,0.304,0.369,3.1,14.8,9.0,42.6,2.0,2.3,14.7,30.6,2.4,2.2,4.6,0.169,4.1,1.3,5.3,2.4,
43.0,Karl-Anthony Towns,30.0,NYK,C,41.0,40.0,1313.0,20.8,0.601,0.325,0.445,9.9,30.0,19.7,13.6,1.4,2.1,13.2,26.1,2.7,1.8,4.6,0.167,2.1,-0.1,1.9,1.3,
44.0,Anthony Black,22.0,ORL,PG,43.0,23.0,1312.0,13.8,0.561,0.37,0.311,2.7,12.0,7.3,19.5,2.0,1.9,14.7,22.5,0.3,1.5,1.8,0.065,-1.0,0.3,-0.7,0.4,
45.0,Naji Marshall,28.0,DAL,SF,45.0,22.0,1306.0,16.4,0.639,0.299,0.384,3.0,13.9,8.6,15.2,1.7,0.3,10.6,18.5,2.4,1.5,3.9,0.145,0.0,1.0,1.0,1.0,
46.0,Andrew Wiggins,30.0,MIA,SF,41.0,41.0,1294.0,14.4,0.569,0.369,0.173,5.7,10.4,8.0,12.5,1.7,2.9,11.2,20.2,0.8,1.5,2.3,0.087,0.0,0.5,0.5,0.8,
47.0,Julian Champagnie,24.0,SAS,SF,45.0,31.0,1290.0,13.1,0.605,0.769,0.216,3.7,19.5,11.7,7.0,1.5,1.3,9.5,15.7,1.4,1.8,3.3,0.121,0.5,0.6,1.1,1.0,
48.0,Peyton Watson,23.0,DEN,SF,43.0,33.0,1287.0,15.0,0.615,0.346,0.344,3.7,14.9,9.6,8.7,1.8,3.4,12.5,19.6,1.2,1.3,2.5,0.092,-0.4,-0.3,-0.6,0.4,
49.0,Luka DonÄiÄ,26.0,LAL,PG,35.0,35.0,1273.0,27.2,0.605,0.455,0.506,2.9,21.7,12.6,41.3,2.1,1.3,13.5,38.1,3.6,1.3,4.9,0.185,7.1,0.7,7.8,3.2,
50.0,Collin Gillespie,26.0,PHO,PG,45.0,26.0,1272.0,16.9,0.601,0.648,0.124,3.9,12.6,8.1,24.5,2.5,0.9,13.3,19.1,2.4,1.6,4.0,0.151,2.8,1.1,4.0,1.9,
51.0,Harrison Barnes,33.0,SAS,PF,45.0,45.0,1271.0,11.0,0.577,0.604,0.201,3.1,8.2,5.7,10.1,1.2,0.5,9.3,15.3,1.2,1.2,2.5,0.094,-0.9,-0.1,-0.9,0.3,
52.0,CJ McCollum,34.0,2TM,PG,42.0,36.0,1269.0,15.2,0.562,0.444,0.206,2.3,9.6,5.9,18.6,1.1,1.0,9.1,25.1,1.0,0.1,1.2,0.045,0.7,-2.6,-1.8,0.1,
52.0,CJ McCollum,34.0,WAS,SG,35.0,35.0,1082.0,15.4,0.573,0.461,0.193,2.2,9.9,6.1,18.4,1.1,0.7,9.2,24.4,1.2,0.0,1.2,0.052,1.1,-2.7,-1.6,0.1,
52.0,CJ McCollum,34.0,ATL,PG,7.0,1.0,187.0,13.9,0.509,0.358,0.274,2.3,8.3,5.2,19.7,1.3,2.4,8.5,29.0,-0.1,0.1,0.0,0.004,-1.2,-1.7,-2.9,0.0,
53.0,Quentin Grimes,25.0,PHI,SG,41.0,7.0,1267.0,13.0,0.593,0.579,0.337,2.3,11.7,6.9,16.9,1.6,1.3,15.1,18.2,1.2,1.2,2.4,0.091,-0.6,-0.2,-0.8,0.4,
54.0,Anthony Edwards,24.0,MIN,SG,36.0,36.0,1266.0,22.7,0.622,0.414,0.347,1.9,13.7,7.9,17.4,1.7,2.0,9.9,31.7,2.8,1.5,4.3,0.163,5.2,0.0,5.1,2.3,
55.0,Shaedon Sharpe,22.0,POR,SG,42.0,36.0,1265.0,16.0,0.547,0.338,0.236,4.0,12.9,8.4,15.5,2.4,0.4,13.3,31.0,-0.2,1.3,1.0,0.039,-0.1,-1.0,-1.1,0.3,
56.0,Jaren Jackson Jr.,26.0,MEM,C,41.0,41.0,1252.0,14.9,0.576,0.318,0.288,3.1,16.5,9.8,9.7,1.4,4.7,12.3,25.2,0.1,1.7,1.8,0.068,-1.6,0.7,-0.9,0.3,
57.0,Jeremiah Fears,19.0,NOP,PG,47.0,44.0,1238.0,12.7,0.52,0.267,0.24,3.0,12.5,7.7,17.7,2.2,0.9,14.6,24.6,-0.7,0.6,-0.2,-0.006,-2.2,-1.6,-3.8,-0.6,
58.0,Noah Clowney,21.0,BRK,PF,43.0,36.0,1237.0,11.2,0.548,0.637,0.366,3.8,13.8,8.6,10.0,1.3,2.6,12.9,20.8,0.0,0.8,0.8,0.031,-2.2,-1.0,-3.2,-0.4,
59.0,Brandin Podziemski,22.0,GSW,SG,46.0,14.0,1233.0,14.2,0.586,0.488,0.245,2.7,15.7,9.1,18.1,2.0,0.6,11.6,18.6,1.4,1.5,2.8,0.11,-0.3,0.5,0.2,0.7,
60.0,Wendell Carter Jr.,26.0,ORL,C,41.0,41.0,1233.0,14.6,0.619,0.397,0.366,8.5,19.2,13.8,10.2,1.1,2.2,11.3,15.6,2.1,1.4,3.5,0.135,-0.5,0.4,0.0,0.6,
61.0,Alperen ÅengÃ¼n,23.0,HOU,C,36.0,36.0,1232.0,21.7,0.564,0.132,0.369,9.3,20.1,14.7,28.8,2.2,2.7,15.0,27.0,2.2,1.9,4.2,0.163,3.2,1.7,4.9,2.1,
62.0,Bub Carrington,20.0,WAS,PG,43.0,16.0,1227.0,8.8,0.54,0.593,0.157,1.6,12.6,7.1,21.8,1.0,0.8,20.6,16.7,-0.4,0.1,-0.3,-0.012,-2.8,-2.0,-4.8,-0.9,
63.0,Matas Buzelis,21.0,CHI,PF,44.0,44.0,1226.0,15.0,0.594,0.46,0.267,4.3,15.3,9.9,9.6,1.2,4.4,11.7,21.5,0.8,1.2,1.9,0.075,-0.8,-0.3,-1.1,0.3,
64.0,Tim Hardaway Jr.,33.0,DEN,SG,45.0,5.0,1223.0,13.6,0.618,0.693,0.219,0.8,8.7,4.9,7.0,0.9,0.5,4.2,18.7,2.0,0.5,2.5,0.097,1.0,-2.3,-1.2,0.2,
65.0,Nic Claxton,26.0,BRK,C,41.0,39.0,1222.0,18.9,0.61,0.033,0.413,9.7,20.2,14.6,22.1,1.2,4.3,12.1,17.4,2.7,1.1,3.8,0.149,1.1,1.2,2.3,1.3,
66.0,Kris Dunn,31.0,LAC,PG,44.0,38.0,1211.0,11.3,0.6,0.48,0.178,3.5,8.8,6.2,16.3,2.7,0.6,16.7,12.8,1.1,0.9,2.0,0.079,-2.1,0.9,-1.2,0.2,
67.0,Norman Powell,32.0,MIA,SG,39.0,39.0,1204.0,18.9,0.626,0.45,0.344,1.1,11.1,6.1,13.2,1.8,0.7,9.4,27.3,2.1,1.3,3.3,0.133,2.8,0.1,2.9,1.5,
68.0,Dillon Brooks,30.0,PHO,SF,39.0,39.0,1203.0,13.5,0.546,0.417,0.208,2.4,10.3,6.3,8.8,1.7,0.3,9.3,27.8,0.3,1.2,1.5,0.059,-1.5,-1.2,-2.7,-0.2,
69.0,Max Christie,22.0,DAL,SG,41.0,32.0,1199.0,13.0,0.655,0.619,0.203,0.9,11.5,6.4,10.3,0.8,1.0,10.1,15.9,1.6,1.1,2.7,0.11,0.5,0.1,0.6,0.8,
70.0,Derik Queen,21.0,NOP,C,46.0,34.0,1196.0,16.8,0.551,0.094,0.343,7.1,24.5,15.6,24.7,2.0,3.4,18.2,21.9,0.5,1.1,1.6,0.065,-1.0,0.7,-0.2,0.5,
71.0,Saddiq Bey,26.0,NOP,SF,40.0,32.0,1195.0,16.7,0.571,0.419,0.312,5.7,14.8,10.1,10.9,1.5,0.2,4.3,20.0,2.4,0.4,2.7,0.11,2.0,-2.0,0.0,0.6,
72.0,Myles Turner,29.0,MIL,C,42.0,42.0,1190.0,14.0,0.578,0.602,0.283,4.8,16.6,10.7,8.0,1.1,5.4,8.6,18.2,1.0,1.3,2.3,0.091,-0.5,-0.1,-0.6,0.4,
73.0,Ivica Zubac,28.0,LAC,C,38.0,37.0,1187.0,19.3,0.628,0.0,0.28,14.1,26.9,20.7,12.0,0.6,2.7,14.1,19.6,2.3,1.1,3.5,0.14,1.0,-1.1,-0.1,0.6,
74.0,Lauri Markkanen,28.0,UTA,PF,33.0,33.0,1187.0,21.2,0.616,0.405,0.345,6.0,16.1,10.9,9.9,1.4,1.3,6.5,27.8,2.8,0.2,3.0,0.121,4.6,-2.2,2.5,1.3,
75.0,Duncan Robinson,31.0,DET,SF,41.0,41.0,1183.0,11.6,0.613,0.79,0.17,1.4,9.0,5.3,8.6,1.2,1.3,6.7,15.1,1.8,1.4,3.2,0.13,0.2,0.1,0.3,0.7,
76.0,Jimmy Butler,36.0,GSW,SF,38.0,38.0,1182.0,23.6,0.646,0.184,0.621,8.2,11.6,9.9,24.0,2.2,0.6,9.3,23.2,4.7,1.3,6.0,0.245,4.9,0.6,5.5,2.3,
77.0,Naz Reid,26.0,MIN,C,45.0,2.0,1181.0,17.0,0.598,0.545,0.133,4.8,20.9,13.0,13.7,1.7,3.0,11.3,22.1,1.4,1.8,3.2,0.129,1.4,0.9,2.2,1.3,
78.0,A.J. Green,26.0,MIL,SG,40.0,40.0,1181.0,9.7,0.654,0.906,0.097,0.7,9.1,4.9,9.2,1.0,0.2,10.1,13.4,1.2,0.5,1.7,0.07,-1.3,-1.2,-2.6,-0.2,
79.0,Cason Wallace,22.0,OKC,SG,44.0,35.0,1171.0,10.7,0.529,0.568,0.102,3.4,8.9,6.3,9.8,3.8,0.8,11.5,12.8,0.2,2.5,2.7,0.112,-2.6,3.3,0.7,0.8,
80.0,De'Aaron Fox,28.0,SAS,PG,36.0,36.0,1171.0,18.3,0.584,0.383,0.261,2.3,11.4,6.9,28.3,1.9,0.8,12.2,25.9,1.8,1.5,3.3,0.136,2.1,0.5,2.6,1.4,
81.0,Jake LaRavia,24.0,LAL,PF,43.0,22.0,1170.0,12.7,0.576,0.468,0.269,6.8,11.2,9.1,10.0,2.4,1.5,11.5,14.8,1.2,1.0,2.2,0.091,-0.9,0.1,-0.8,0.4,
82.0,Chet Holmgren,23.0,OKC,PF,40.0,40.0,1168.0,21.8,0.663,0.309,0.341,6.9,24.2,16.0,8.2,0.9,6.8,11.0,22.6,2.6,2.7,5.3,0.219,2.3,1.7,4.0,1.8,
83.0,Davion Mitchell,27.0,MIA,PG,40.0,40.0,1167.0,11.9,0.557,0.378,0.141,1.4,7.8,4.6,31.7,1.9,0.4,17.2,13.6,1.3,1.1,2.4,0.1,-1.8,0.7,-1.1,0.3,
84.0,Michael Porter Jr.,27.0,BRK,SF,35.0,34.0,1162.0,21.2,0.617,0.513,0.233,4.4,22.4,12.9,18.7,1.5,0.6,11.0,30.4,1.7,0.9,2.7,0.111,5.1,-0.9,4.2,1.8,
85.0,Jaylen Wells,22.0,MEM,SG,43.0,43.0,1161.0,10.0,0.53,0.519,0.259,3.8,9.7,6.8,9.0,1.5,0.2,9.4,18.9,0.1,1.0,1.1,0.045,-2.8,-0.7,-3.5,-0.5,
86.0,Andrew Nembhard,26.0,IND,PG,36.0,36.0,1153.0,15.9,0.566,0.372,0.305,1.4,8.1,4.6,36.0,1.3,0.4,13.1,23.6,1.4,0.6,2.0,0.085,1.1,-1.8,-0.7,0.4,
87.0,Donovan Clingan,21.0,POR,C,42.0,42.0,1151.0,19.5,0.612,0.359,0.312,17.2,26.2,21.6,10.3,0.9,4.0,9.6,15.1,2.9,1.5,4.4,0.185,2.1,-0.2,2.0,1.1,
88.0,Jaime Jaquez Jr.,24.0,MIA,SF,40.0,1.0,1151.0,15.4,0.57,0.146,0.277,4.7,14.1,9.4,23.6,1.3,0.6,14.2,22.1,0.9,1.2,2.1,0.088,-0.4,0.2,-0.1,0.5,
89.0,Santi Aldama,25.0,MEM,PF,41.0,9.0,1147.0,16.3,0.572,0.423,0.236,5.9,19.3,12.6,16.1,1.5,2.4,9.6,19.9,1.3,1.5,2.8,0.116,1.2,0.8,2.1,1.2,
90.0,Bam Adebayo,28.0,MIA,C,37.0,37.0,1144.0,16.9,0.546,0.304,0.296,6.4,25.9,16.0,13.0,1.5,2.2,10.0,23.5,0.7,1.8,2.4,0.102,0.6,0.7,1.3,1.0,
91.0,Stephen Curry,37.0,GSW,PG,36.0,36.0,1141.0,22.6,0.635,0.601,0.259,1.4,11.6,6.5,27.4,1.6,1.2,11.4,32.4,2.7,1.1,3.8,0.162,6.5,-1.0,5.4,2.1,
92.0,Jaylon Tyson,23.0,CLE,SG,41.0,26.0,1134.0,15.5,0.627,0.435,0.159,8.0,13.5,10.7,11.1,1.6,1.5,12.1,18.4,1.8,1.1,2.9,0.122,0.8,-0.3,0.5,0.7,
93.0,Sion James,23.0,CHO,SG,45.0,18.0,1131.0,8.5,0.553,0.594,0.324,2.7,12.5,7.7,10.4,1.2,1.4,12.0,10.6,0.9,0.8,1.7,0.071,-2.9,0.4,-2.5,-0.1,
94.0,Ajay Mitchell,23.0,OKC,SG,43.0,9.0,1129.0,17.2,0.59,0.3,0.287,3.0,11.0,7.2,19.6,2.6,1.2,11.7,22.3,1.6,2.2,3.8,0.16,0.4,1.7,2.0,1.1,
95.0,John Collins,28.0,LAC,PF,41.0,32.0,1128.0,15.7,0.658,0.348,0.221,5.9,14.5,10.3,4.8,1.6,3.0,12.0,18.4,1.6,0.9,2.5,0.106,0.0,-0.4,-0.4,0.5,
96.0,Bruce Brown,29.0,DEN,SG,46.0,2.0,1121.0,10.1,0.523,0.226,0.216,5.7,13.0,9.5,11.7,2.0,0.9,13.2,14.1,0.4,0.9,1.3,0.057,-3.1,-0.2,-3.3,-0.4,
97.0,Stephon Castle,21.0,SAS,PG,36.0,36.0,1117.0,15.6,0.554,0.316,0.502,4.1,13.3,8.7,32.7,2.0,0.8,18.8,25.5,0.6,1.5,2.1,0.091,-0.5,0.6,0.1,0.6,
98.0,Paolo Banchero,23.0,ORL,PF,33.0,33.0,1115.0,17.3,0.553,0.238,0.484,3.4,25.2,14.2,22.9,1.0,1.7,13.3,27.2,0.6,1.4,2.0,0.086,0.9,0.3,1.2,0.9,
99.0,OG Anunoby,28.0,NYK,PF,34.0,33.0,1111.0,14.2,0.578,0.465,0.318,4.6,14.0,9.2,9.4,2.5,2.2,13.5,19.9,0.8,1.3,2.1,0.092,-0.6,0.4,-0.2,0.5,
100.0,Nikola JokiÄ,30.0,DEN,C,32.0,32.0,1106.0,36.1,0.713,0.275,0.425,10.4,28.5,19.9,54.3,2.0,2.1,14.5,30.8,7.1,1.6,8.7,0.377,12.2,4.3,16.5,5.1,
101.0,Kyle Kuzma,30.0,MIL,PF,42.0,18.0,1102.0,13.4,0.574,0.301,0.303,3.9,16.0,10.0,12.4,1.2,1.9,12.1,20.8,0.5,0.9,1.4,0.059,-1.8,-1.0,-2.8,-0.2,
102.0,Deandre Ayton,27.0,LAL,C,38.0,38.0,1096.0,18.3,0.684,0.0,0.188,10.3,24.6,17.7,4.5,1.2,3.2,13.2,17.3,1.9,1.1,3.1,0.134,0.0,-1.0,-1.0,0.3,
103.0,Zach LaVine,30.0,SAC,SG,34.0,33.0,1096.0,14.5,0.621,0.474,0.247,0.6,9.1,4.8,11.3,1.0,0.7,11.2,23.4,1.0,0.1,1.1,0.05,0.5,-2.1,-1.7,0.1,
104.0,De'Andre Hunter,28.0,CLE,SF,41.0,23.0,1081.0,11.7,0.553,0.491,0.292,2.8,14.9,8.8,11.2,1.1,0.5,11.8,22.1,0.3,0.9,1.2,0.054,-2.3,-1.4,-3.7,-0.4,
105.0,Keldon Johnson,26.0,SAS,SF,45.0,0.0,1079.0,19.1,0.655,0.337,0.288,8.6,18.4,13.6,8.4,1.5,0.5,8.3,19.7,2.8,1.5,4.2,0.188,2.4,0.1,2.5,1.2,
106.0,Anfernee Simons,26.0,BOS,SG,44.0,0.0,1078.0,14.6,0.572,0.575,0.138,2.4,8.6,5.5,14.4,1.0,0.5,8.6,23.2,1.7,0.7,2.3,0.103,1.3,-1.6,-0.3,0.5,
107.0,Jarace Walker,22.0,IND,PF,46.0,14.0,1075.0,9.5,0.514,0.518,0.245,1.8,18.2,9.7,12.1,1.4,1.3,13.8,19.5,-0.9,1.0,0.1,0.003,-2.8,-0.3,-3.1,-0.3,
108.0,Moses Moody,23.0,GSW,SG,44.0,33.0,1073.0,12.6,0.587,0.665,0.186,3.7,10.2,6.9,8.8,1.8,2.3,8.7,17.3,1.0,1.2,2.2,0.096,-0.3,-0.1,-0.4,0.5,
109.0,Reed Sheppard,21.0,HOU,SG,43.0,4.0,1073.0,16.3,0.571,0.57,0.111,1.5,9.6,5.5,18.1,2.8,1.9,9.4,21.1,2.0,1.4,3.4,0.152,1.6,1.5,3.2,1.4,
110.0,Cedric Coward,22.0,MEM,SG,40.0,27.0,1065.0,15.4,0.589,0.429,0.249,5.9,19.5,12.8,15.9,1.0,1.3,12.3,21.0,1.2,1.2,2.3,0.105,0.6,0.0,0.6,0.7,
111.0,Kyshawn George,22.0,WAS,SF,34.0,34.0,1065.0,13.8,0.578,0.452,0.22,3.4,16.1,9.7,23.6,1.6,2.4,18.5,22.1,0.2,0.5,0.7,0.033,-0.7,-0.5,-1.3,0.2,
112.0,Jamal Shead,23.0,TOR,PG,47.0,7.0,1049.0,11.6,0.497,0.544,0.23,1.8,7.7,4.7,32.6,2.2,0.6,15.6,16.4,0.7,1.2,1.8,0.083,-1.8,0.1,-1.7,0.1,
113.0,Neemias Queta,26.0,BOS,C,42.0,42.0,1047.0,20.4,0.67,0.014,0.368,13.4,22.8,18.1,7.6,1.8,5.3,11.1,14.9,2.9,1.7,4.6,0.211,0.8,1.1,1.9,1.0,
114.0,Bobby Portis,30.0,MIL,PF,44.0,6.0,1042.0,16.5,0.588,0.395,0.085,5.9,24.8,15.4,9.9,1.1,0.7,8.2,22.7,0.9,1.0,1.9,0.088,1.2,-1.5,-0.3,0.4,
115.0,Kawhi Leonard,34.0,LAC,SF,31.0,31.0,1039.0,27.3,0.632,0.371,0.314,3.2,18.0,10.9,19.9,3.3,1.7,8.7,32.3,3.0,1.3,4.3,0.2,7.1,1.1,8.1,2.7,
116.0,Kel'el Ware,21.0,MIA,C,43.0,27.0,1023.0,20.0,0.632,0.335,0.177,13.8,28.8,21.2,3.3,1.7,4.3,9.6,17.4,1.9,1.9,3.8,0.179,1.9,0.1,2.1,1.1,
117.0,Tre Jones,26.0,CHI,PG,38.0,20.0,1020.0,18.5,0.648,0.212,0.457,2.6,9.1,5.9,29.7,2.3,0.6,12.5,17.1,2.9,0.8,3.7,0.173,0.9,0.5,1.4,0.9,
118.0,Devin Vassell,25.0,SAS,SG,32.0,32.0,1020.0,12.8,0.561,0.563,0.171,1.6,11.9,6.8,10.6,1.4,1.3,6.6,18.9,1.0,1.2,2.2,0.102,-0.2,0.1,-0.2,0.5,
119.0,Jalen Duren,22.0,DET,C,36.0,36.0,1019.0,23.3,0.66,0.0,0.475,15.5,26.3,21.0,9.7,1.5,3.1,13.7,22.7,2.7,2.0,4.7,0.222,2.4,0.4,2.9,1.3,
120.0,Draymond Green,35.0,GSW,PF,38.0,38.0,1014.0,10.3,0.542,0.589,0.174,3.1,20.9,11.9,26.6,1.6,2.4,26.2,17.1,-0.5,1.4,0.9,0.044,-2.7,1.5,-1.2,0.2,
121.0,Ausar Thompson,23.0,DET,SF,39.0,38.0,1012.0,15.5,0.537,0.056,0.381,9.3,16.2,12.8,13.9,3.1,3.0,13.0,18.5,0.7,2.1,2.7,0.129,-1.3,2.5,1.2,0.8,
122.0,Rui Hachimura,27.0,LAL,PF,33.0,27.0,1010.0,10.9,0.608,0.44,0.123,3.0,10.2,6.7,4.0,0.9,0.8,7.4,15.1,0.9,0.4,1.3,0.063,-1.1,-2.0,-3.1,-0.3,
123.0,Josh Giddey,23.0,CHI,PG,31.0,30.0,1010.0,19.7,0.58,0.335,0.38,3.8,24.7,14.5,39.4,1.4,0.9,17.4,26.1,1.4,1.0,2.4,0.115,2.9,0.5,3.4,1.4,
124.0,Sam Hauser,28.0,BOS,PF,43.0,15.0,1008.0,12.6,0.605,0.882,0.031,3.1,14.4,8.8,7.9,1.2,1.3,7.4,15.0,1.5,0.9,2.5,0.118,1.2,-0.5,0.8,0.7,
125.0,Cam Spencer,25.0,MEM,SG,42.0,11.0,1001.0,17.7,0.669,0.617,0.254,2.0,9.9,6.0,33.2,1.4,0.3,14.1,18.1,2.8,0.8,3.6,0.174,3.3,0.0,3.3,1.3,
126.0,Josh Hart,30.0,NYK,SF,33.0,18.0,1001.0,15.9,0.609,0.435,0.191,5.5,22.5,13.8,22.8,2.0,1.0,18.0,16.6,1.6,1.2,2.8,0.134,1.1,1.5,2.6,1.2,
127.0,Moussa DiabatÃ©,24.0,CHO,C,41.0,15.0,999.0,17.4,0.649,0.0,0.6,17.1,20.8,19.0,8.1,1.5,3.9,12.8,12.2,2.4,1.2,3.6,0.175,-0.2,0.4,0.2,0.6,
128.0,P.J. Washington,27.0,DAL,PF,32.0,31.0,995.0,13.4,0.539,0.345,0.282,5.1,19.5,12.5,8.8,1.6,3.9,13.6,21.1,-0.5,1.6,1.1,0.052,-1.9,1.1,-0.7,0.3,
129.0,Sandro Mamukelashvili,26.0,TOR,C,45.0,10.0,993.0,18.3,0.633,0.436,0.215,7.8,18.2,12.9,13.2,1.5,2.6,8.5,18.6,2.1,1.4,3.5,0.169,2.2,0.6,2.8,1.2,
130.0,Vit Krejci,25.0,ATL,PG,43.0,7.0,989.0,11.3,0.639,0.785,0.121,2.1,8.1,5.1,8.9,1.7,1.2,8.5,14.5,1.1,0.7,1.8,0.087,-1.4,-0.4,-1.8,0.0,
131.0,Ayo Dosunmu,26.0,CHI,SG,38.0,7.0,989.0,16.9,0.635,0.403,0.213,2.8,8.1,5.5,19.8,1.3,1.0,9.1,20.2,2.1,0.5,2.6,0.128,1.6,-0.8,0.8,0.7,
132.0,Kyle Filipowski,22.0,UTA,C,44.0,15.0,985.0,12.9,0.549,0.35,0.29,7.7,22.6,15.0,12.6,1.4,2.0,12.8,17.9,0.5,0.4,0.9,0.045,-2.0,-1.1,-3.1,-0.3,
133.0,Luguentz Dort,26.0,OKC,SF,36.0,36.0,978.0,8.5,0.535,0.728,0.092,3.4,11.0,7.4,5.1,1.6,2.0,8.4,13.7,0.1,1.7,1.8,0.089,-2.6,0.8,-1.8,0.1,
134.0,Marcus Smart,31.0,LAL,SG,34.0,27.0,968.0,10.2,0.56,0.634,0.256,2.7,9.6,6.2,13.3,2.4,1.1,16.3,16.2,0.2,0.7,1.0,0.047,-2.8,0.0,-2.8,-0.2,
135.0,Gary Trent Jr.,27.0,MIL,SG,40.0,17.0,967.0,7.7,0.526,0.722,0.11,0.6,5.1,2.9,8.9,1.3,0.2,7.1,15.4,-0.1,0.4,0.3,0.016,-3.2,-1.6,-4.8,-0.7,
136.0,Terance Mann,29.0,BRK,SG,38.0,35.0,966.0,11.4,0.554,0.401,0.236,5.5,10.0,7.6,21.6,1.5,1.0,13.3,13.6,1.2,0.5,1.6,0.082,-2.1,-0.2,-2.3,-0.1,
137.0,Spencer Jones,24.0,DEN,SF,41.0,29.0,963.0,9.6,0.637,0.581,0.229,5.8,9.1,7.5,4.7,1.9,1.6,10.9,10.0,1.1,0.7,1.8,0.088,-2.4,-0.4,-2.7,-0.2,
138.0,LaMelo Ball,24.0,CHO,PG,35.0,32.0,956.0,19.4,0.54,0.554,0.163,3.9,16.8,10.5,45.9,2.1,0.8,15.0,32.4,1.2,1.0,2.2,0.109,4.1,-0.6,3.5,1.3,
139.0,Mark Williams,24.0,PHO,C,40.0,36.0,955.0,22.7,0.694,0.003,0.467,14.6,23.9,19.2,6.4,2.2,4.0,11.5,17.2,2.9,1.7,4.6,0.233,1.9,0.9,2.8,1.2,
140.0,Alex Sarr,20.0,WAS,C,34.0,34.0,955.0,20.5,0.563,0.2,0.255,7.9,20.1,14.0,16.3,1.3,6.7,10.2,25.3,0.9,0.8,1.7,0.086,1.8,0.1,1.9,0.9,
141.0,Dennis SchrÃ¶der,32.0,SAC,PG,36.0,12.0,953.0,14.1,0.536,0.393,0.316,2.2,11.1,6.6,29.7,1.4,0.5,13.5,22.3,0.6,0.2,0.8,0.04,0.0,-1.8,-1.8,0.0,
142.0,Jock Landale,30.0,MEM,C,41.0,21.0,949.0,17.7,0.608,0.333,0.24,14.3,15.5,14.9,11.2,1.1,2.1,9.5,18.8,1.9,1.0,3.0,0.149,1.6,-0.6,1.0,0.7,
143.0,Klay Thompson,35.0,DAL,SF,42.0,8.0,931.0,11.6,0.536,0.723,0.069,1.3,10.3,5.9,9.6,1.0,1.3,7.4,22.7,-0.2,0.9,0.6,0.033,0.2,-1.0,-0.9,0.3,
144.0,Ace Bailey,19.0,UTA,SF,38.0,27.0,930.0,10.6,0.539,0.428,0.098,6.8,8.9,7.8,9.6,1.3,1.6,11.3,19.2,0.0,0.0,0.0,-0.002,-1.9,-2.6,-4.5,-0.6,
145.0,Egor DÑmin,19.0,BRK,PG,38.0,30.0,930.0,11.7,0.564,0.703,0.113,2.1,12.6,7.1,21.4,1.8,1.2,16.1,19.2,0.1,0.6,0.7,0.037,-0.7,-0.5,-1.2,0.2,
146.0,Svi Mykhailiuk,28.0,UTA,SF,38.0,38.0,927.0,10.6,0.614,0.659,0.079,3.2,8.3,5.7,11.0,1.0,0.3,9.5,13.6,1.0,-0.2,0.8,0.04,-0.3,-1.8,-2.0,0.0,
147.0,Kevin Huerter,27.0,CHI,SF,39.0,10.0,926.0,13.3,0.564,0.549,0.142,2.2,13.8,8.1,15.1,1.6,2.1,10.6,19.8,0.4,0.8,1.2,0.061,-1.2,-0.1,-1.3,0.2,
148.0,Miles McBride,25.0,NYK,SG,33.0,14.0,925.0,13.9,0.606,0.674,0.115,2.5,8.0,5.2,13.6,1.4,0.7,7.0,17.4,1.8,0.6,2.4,0.124,1.8,-0.4,1.4,0.8,
149.0,Jarrett Allen,27.0,CLE,C,34.0,34.0,923.0,18.8,0.639,0.023,0.453,8.8,22.9,15.8,10.3,1.7,2.7,12.4,18.4,1.8,1.3,3.1,0.16,0.3,0.6,0.9,0.7,
150.0,Jusuf NurkiÄ,31.0,UTA,C,35.0,30.0,922.0,16.8,0.549,0.197,0.31,10.7,32.2,21.2,25.8,2.4,1.7,19.1,19.5,0.6,0.8,1.4,0.072,-0.3,1.5,1.1,0.7,
151.0,Isaiah Stewart,24.0,DET,C,39.0,11.0,918.0,15.3,0.62,0.332,0.276,8.4,17.7,13.1,7.3,0.5,8.2,13.3,16.5,1.2,1.6,2.8,0.147,-1.3,1.6,0.3,0.5,
152.0,Oso Ighodaro,23.0,PHO,PF,45.0,7.0,904.0,12.0,0.61,0.006,0.328,7.6,16.9,12.1,11.8,2.4,2.6,21.4,12.0,0.5,1.4,1.9,0.101,-3.3,2.4,-0.9,0.3,
153.0,Jordan Goodwin,27.0,PHO,PG,42.0,2.0,903.0,14.5,0.508,0.517,0.098,9.4,14.7,12.0,15.2,3.2,0.9,11.0,19.0,0.6,1.4,2.0,0.105,0.3,1.4,1.7,0.9,
154.0,Tre Johnson,19.0,WAS,SG,36.0,18.0,900.0,12.3,0.578,0.519,0.147,2.1,9.9,6.0,12.2,1.3,1.2,12.1,20.7,0.3,0.1,0.4,0.022,-0.7,-2.0,-2.7,-0.2,
155.0,Isaac Okoro,25.0,CHI,SG,36.0,36.0,900.0,10.0,0.578,0.463,0.225,5.0,7.0,6.0,7.5,1.2,1.7,7.7,13.4,0.9,0.4,1.3,0.07,-3.0,-1.0,-4.0,-0.4,
156.0,Jay Huff,27.0,IND,C,46.0,26.0,899.0,15.4,0.595,0.643,0.157,5.1,15.7,10.2,9.7,1.1,9.1,10.4,17.1,0.8,1.2,2.0,0.105,-0.9,2.1,1.2,0.7,
157.0,Zion Williamson,25.0,NOP,PF,31.0,24.0,897.0,23.8,0.623,0.007,0.578,8.1,14.2,11.1,20.1,1.9,1.9,11.6,28.7,2.2,0.5,2.6,0.141,4.0,-0.8,3.2,1.2,
158.0,Victor Wembanyama,22.0,SAS,C,31.0,22.0,894.0,28.1,0.626,0.29,0.405,7.4,33.1,20.4,17.1,1.4,8.3,12.2,32.5,2.0,2.1,4.1,0.221,5.8,3.5,9.3,2.5,
159.0,Sidy Cissoko,21.0,POR,SF,41.0,20.0,887.0,6.8,0.526,0.628,0.279,4.5,7.1,5.7,8.7,1.4,1.3,15.4,13.1,0.0,0.6,0.6,0.033,-4.2,-0.2,-4.4,-0.5,
160.0,Zaccharie Risacher,20.0,ATL,SF,36.0,36.0,887.0,11.7,0.558,0.47,0.157,4.1,10.6,7.3,8.1,1.7,2.0,8.4,18.6,0.2,0.8,1.0,0.052,-2.2,-1.0,-3.1,-0.2,
161.0,Jerami Grant,31.0,POR,PF,30.0,14.0,883.0,16.2,0.598,0.465,0.48,3.8,10.1,6.9,13.3,1.2,2.0,11.9,25.1,1.5,0.6,2.1,0.116,1.5,-1.0,0.4,0.5,
162.0,Kentavious Caldwell-Pope,32.0,MEM,SG,42.0,13.0,882.0,11.1,0.535,0.507,0.211,1.9,10.3,6.2,19.0,1.8,0.9,13.7,17.4,0.2,0.9,1.1,0.06,-2.0,0.4,-1.6,0.1,
163.0,Brice Sensabaugh,22.0,UTA,SF,42.0,9.0,878.0,13.2,0.578,0.549,0.227,4.3,11.6,7.8,10.6,1.6,0.6,10.9,22.0,0.5,0.0,0.5,0.029,-0.6,-2.6,-3.2,-0.3,
164.0,Giannis Antetokounmpo,31.0,MIL,PF,30.0,30.0,876.0,33.3,0.679,0.078,0.612,10.9,27.8,19.4,39.0,1.5,2.4,13.9,36.3,3.7,1.1,4.8,0.263,8.0,2.3,10.3,2.7,
165.0,Luke Kornet,30.0,SAS,C,36.0,22.0,874.0,18.9,0.71,0.0,0.448,13.6,16.6,15.1,10.9,0.9,5.0,7.5,10.9,3.0,1.3,4.3,0.234,1.8,2.0,3.7,1.3,
166.0,Kris Murray,25.0,POR,SF,34.0,11.0,874.0,9.2,0.535,0.446,0.24,7.5,9.4,8.4,6.4,2.2,1.4,13.8,10.4,0.4,0.8,1.2,0.066,-2.7,0.8,-1.9,0.0,
167.0,Maxime Raynaud,22.0,SAC,C,38.0,24.0,873.0,14.0,0.579,0.103,0.216,8.4,23.0,15.6,7.3,0.9,1.8,10.1,17.4,0.7,0.5,1.3,0.069,-2.1,-1.4,-3.5,-0.3,
168.0,Tristan Da Silva,24.0,ORL,SF,38.0,14.0,872.0,11.4,0.556,0.502,0.125,3.8,13.4,8.5,7.2,1.8,0.8,9.8,17.2,0.3,0.9,1.1,0.063,-1.2,-0.3,-1.5,0.1,
169.0,LeBron James,41.0,LAL,SF,26.0,26.0,865.0,21.7,0.595,0.292,0.355,2.5,18.1,10.5,33.8,1.6,1.9,13.2,28.4,1.7,0.7,2.4,0.133,4.3,0.0,4.3,1.4,
170.0,Nicolas Batum,37.0,LAC,PF,43.0,4.0,864.0,8.0,0.59,0.951,0.067,2.4,12.2,7.4,5.3,2.0,2.0,13.9,10.0,0.2,0.7,0.9,0.048,-2.0,0.5,-1.5,0.1,
171.0,Brandon Williams,26.0,DAL,PG,39.0,11.0,864.0,15.2,0.546,0.268,0.42,2.8,10.8,6.9,24.5,2.3,0.9,15.0,25.0,0.1,1.1,1.2,0.066,-1.6,0.6,-1.0,0.2,
172.0,Jordan Clarkson,33.0,NYK,SG,44.0,0.0,859.0,10.3,0.531,0.48,0.172,4.4,6.0,5.2,9.6,1.2,0.7,10.6,21.6,0.2,0.5,0.6,0.034,-2.5,-2.1,-4.6,-0.6,
173.0,Ron Holland,20.0,DET,SF,41.0,5.0,857.0,11.6,0.508,0.358,0.284,5.9,17.0,11.5,9.1,3.2,1.7,14.5,18.9,-0.3,1.7,1.4,0.079,-3.3,1.9,-1.4,0.1,
174.0,Isaiah Collier,21.0,UTA,PG,37.0,5.0,857.0,13.0,0.577,0.221,0.421,1.8,9.4,5.5,39.0,1.5,1.4,23.2,17.8,0.7,0.0,0.7,0.038,-1.1,-2.1,-3.3,-0.3,
175.0,Pelle Larsson,24.0,MIA,SG,37.0,24.0,857.0,12.6,0.575,0.402,0.333,3.3,9.5,6.4,18.8,1.1,0.8,10.1,16.0,1.2,0.7,1.9,0.105,-1.2,0.2,-1.0,0.2,
176.0,Cameron Johnson,29.0,DEN,SF,28.0,28.0,857.0,11.3,0.604,0.514,0.237,2.8,10.1,6.6,10.1,1.0,0.8,9.1,15.2,1.0,0.4,1.4,0.081,-0.6,-1.6,-2.2,0.0,
177.0,Josh Okogie,27.0,HOU,SG,43.0,27.0,855.0,10.1,0.569,0.534,0.254,6.3,9.0,7.6,5.8,2.5,1.0,13.2,11.8,0.7,1.0,1.7,0.094,-2.2,1.1,-1.1,0.2,
178.0,Franz Wagner,24.0,ORL,SF,26.0,26.0,854.0,19.8,0.593,0.258,0.418,5.2,15.4,10.3,17.5,1.6,0.9,8.8,26.2,1.8,0.9,2.6,0.148,2.9,-0.1,2.8,1.0,
179.0,Malik Monk,27.0,SAC,SG,38.0,0.0,851.0,13.7,0.575,0.476,0.169,1.4,8.8,5.0,17.2,1.4,1.4,11.7,23.1,0.3,0.2,0.6,0.031,0.3,-1.7,-1.3,0.1,
180.0,Caleb Love,24.0,POR,SG,38.0,1.0,850.0,11.3,0.511,0.606,0.107,2.8,10.6,6.6,17.7,1.2,0.4,10.6,22.4,0.1,0.5,0.6,0.036,-0.9,-1.6,-2.5,-0.1,
181.0,Dean Wade,29.0,CLE,PF,37.0,16.0,842.0,9.7,0.539,0.747,0.18,3.9,15.8,9.8,8.6,1.5,1.5,5.4,10.0,0.8,0.8,1.6,0.094,-1.8,0.8,-1.0,0.2,
182.0,Brandon Miller,23.0,CHO,SF,28.0,28.0,841.0,15.5,0.545,0.48,0.217,3.8,11.7,7.9,18.3,1.6,2.9,12.4,29.4,0.2,0.8,1.0,0.055,0.2,-0.9,-0.7,0.3,
183.0,Luke Kennard,29.0,ATL,SG,41.0,0.0,838.0,13.3,0.702,0.631,0.14,2.2,8.9,5.5,14.3,1.8,0.2,12.0,12.9,1.5,0.6,2.1,0.119,-0.2,0.1,-0.1,0.4,
184.0,Collin Sexton,27.0,CHO,SG,36.0,12.0,836.0,17.7,0.621,0.331,0.39,2.2,7.3,4.8,27.0,1.7,0.5,15.6,25.8,1.6,0.5,2.1,0.123,1.7,-1.0,0.7,0.6,
185.0,Javonte Green,32.0,DET,SG,43.0,4.0,829.0,12.8,0.582,0.553,0.274,4.2,11.3,7.8,5.2,3.4,1.9,9.5,14.6,0.7,1.6,2.3,0.133,-1.5,2.5,1.0,0.6,
186.0,Grayson Allen,30.0,PHO,SG,28.0,19.0,825.0,15.8,0.578,0.679,0.178,2.4,8.8,5.5,18.8,2.6,1.0,10.5,22.4,1.2,1.0,2.2,0.126,1.4,0.6,2.0,0.8,
187.0,Quinten Post,25.0,GSW,PF,46.0,31.0,817.0,13.2,0.566,0.652,0.077,6.0,18.7,12.3,11.4,1.2,2.7,10.0,18.6,0.6,1.0,1.6,0.092,-0.6,0.1,-0.5,0.3,
188.0,Precious Achiuwa,26.0,SAC,C,39.0,25.0,815.0,14.6,0.553,0.19,0.295,10.0,20.2,15.0,8.2,1.8,2.4,8.2,15.3,0.8,0.6,1.4,0.084,-0.9,-0.2,-1.1,0.2,
189.0,Austin Reaves,27.0,LAL,SG,23.0,22.0,812.0,23.1,0.666,0.456,0.528,2.4,14.6,8.7,28.0,1.3,0.6,14.0,28.5,2.7,0.5,3.1,0.186,5.2,-1.0,4.1,1.3,
190.0,Ryan Kalkbrenner,24.0,CHO,C,33.0,26.0,807.0,17.5,0.778,0.013,0.38,11.7,17.2,14.6,3.9,1.2,5.6,16.0,11.5,1.8,0.9,2.7,0.162,0.0,0.8,0.8,0.6,
191.0,Dominick Barlow,22.0,PHI,PF,33.0,29.0,797.0,14.1,0.618,0.258,0.278,9.7,13.6,11.6,7.7,1.8,2.6,12.5,13.1,1.2,0.9,2.1,0.128,-1.0,0.6,-0.4,0.3,
192.0,Collin Murray-Boyles,20.0,TOR,PF,37.0,13.0,796.0,14.9,0.585,0.194,0.239,13.0,13.5,13.3,12.6,2.0,3.2,14.3,15.3,1.0,1.1,2.2,0.13,-0.9,1.3,0.3,0.5,
193.0,Darius Garland,26.0,CLE,PG,26.0,26.0,792.0,15.4,0.567,0.435,0.21,1.6,7.0,4.3,33.4,1.3,0.3,15.1,25.3,0.9,0.5,1.3,0.08,0.8,-2.6,-1.7,0.0,
194.0,Ryan Dunn,23.0,PHO,SF,38.0,11.0,791.0,11.6,0.536,0.456,0.12,8.4,15.7,12.0,10.9,2.2,2.2,14.6,14.2,0.4,1.1,1.5,0.091,-2.2,1.1,-1.1,0.2,
195.0,Ben Sheppard,24.0,IND,SG,35.0,12.0,787.0,8.2,0.505,0.628,0.164,2.9,13.1,7.8,10.9,1.2,0.4,7.1,12.8,0.2,0.5,0.7,0.043,-3.3,-0.1,-3.4,-0.3,
196.0,Will Richard,23.0,GSW,SG,41.0,15.0,784.0,12.3,0.624,0.606,0.207,5.4,8.8,7.1,9.7,2.7,0.6,12.0,13.9,1.0,0.9,1.9,0.114,-1.5,1.0,-0.5,0.3,
197.0,Nique Clifford,23.0,SAC,SG,42.0,3.0,779.0,6.7,0.487,0.453,0.16,3.9,13.7,8.7,9.3,1.4,1.4,16.5,14.9,-0.8,0.3,-0.5,-0.029,-5.0,-1.0,-6.0,-0.8,
198.0,Jose Alvarado,27.0,NOP,PG,35.0,0.0,776.0,11.2,0.558,0.651,0.097,1.8,12.2,6.9,19.8,2.2,0.5,15.4,15.7,0.4,0.3,0.7,0.044,-1.8,-0.6,-2.4,-0.1,
199.0,Gradey Dick,22.0,TOR,SG,47.0,1.0,774.0,10.6,0.549,0.537,0.228,4.1,10.7,7.4,5.6,2.0,0.6,8.1,17.1,0.3,0.9,1.2,0.075,-2.9,-0.3,-3.2,-0.2,
200.0,Kevin Porter Jr.,25.0,MIL,PG,23.0,22.0,773.0,17.0,0.563,0.353,0.323,2.5,14.4,8.5,32.6,3.1,1.3,18.0,23.9,0.5,0.9,1.4,0.089,0.3,0.8,1.1,0.6,
201.0,Bennedict Mathurin,23.0,IND,SF,24.0,24.0,772.0,12.3,0.577,0.457,0.382,2.5,16.3,9.2,10.4,1.0,0.5,13.3,23.3,0.1,0.5,0.6,0.039,-1.4,-1.6,-3.0,-0.2,
202.0,Tobias Harris,33.0,DET,PF,28.0,28.0,768.0,13.7,0.56,0.378,0.244,3.9,14.2,9.1,12.5,1.4,0.9,8.6,19.4,0.9,1.1,2.0,0.126,-0.1,0.3,0.2,0.4,
203.0,Aaron Nesmith,26.0,IND,SF,25.0,22.0,761.0,10.0,0.498,0.566,0.22,5.1,13.4,9.1,10.7,1.1,1.6,9.7,20.5,-0.3,0.6,0.2,0.014,-2.5,-1.3,-3.8,-0.3,
204.0,Justin Champagnie,24.0,WAS,SF,41.0,10.0,758.0,16.4,0.584,0.356,0.236,11.7,20.2,16.0,8.2,1.9,2.6,8.5,15.0,1.2,0.5,1.8,0.114,0.0,-0.7,-0.7,0.3,
205.0,Dylan Harper,19.0,SAS,SG,35.0,0.0,745.0,13.7,0.502,0.276,0.215,3.7,12.3,8.0,24.4,2.1,1.1,11.9,23.2,0.1,1.0,1.1,0.069,-1.9,1.0,-0.9,0.2,
206.0,Kobe Sanders,23.0,LAC,SG,36.0,8.0,744.0,8.1,0.57,0.482,0.188,2.6,10.7,6.8,10.2,1.5,0.5,18.1,15.5,-0.2,0.4,0.2,0.014,-3.9,-0.9,-4.7,-0.5,
207.0,Day'Ron Sharpe,24.0,BRK,C,41.0,3.0,742.0,19.8,0.645,0.147,0.5,14.7,25.6,19.9,20.9,2.6,2.2,20.5,18.4,1.4,1.0,2.4,0.152,0.3,1.4,1.7,0.7,
208.0,Jordan Walsh,21.0,BOS,PF,39.0,20.0,741.0,14.4,0.672,0.429,0.199,7.8,18.2,13.1,5.9,2.3,2.5,10.5,11.0,1.5,1.1,2.5,0.165,-0.6,1.4,0.8,0.5,
209.0,Walter Clayton,22.0,UTA,PG,40.0,0.0,739.0,11.1,0.551,0.562,0.249,1.9,10.3,6.0,24.4,1.4,1.0,15.7,17.1,0.5,0.0,0.5,0.032,-1.5,-1.5,-3.1,-0.2,
210.0,Dru Smith,28.0,MIA,SG,44.0,1.0,735.0,13.9,0.532,0.422,0.326,4.6,10.1,7.3,19.3,4.0,1.9,14.1,16.0,0.5,1.2,1.7,0.109,-1.7,3.5,1.7,0.7,
211.0,Patrick Williams,24.0,CHI,PF,40.0,1.0,735.0,8.8,0.506,0.534,0.172,3.7,13.2,8.6,8.3,1.8,1.2,12.0,16.7,-0.4,0.6,0.1,0.01,-3.1,-0.9,-4.0,-0.4,
212.0,Isaiah Joe,26.0,OKC,SG,37.0,1.0,735.0,13.7,0.638,0.814,0.259,2.7,10.7,6.9,8.6,1.2,0.8,7.7,17.6,1.3,1.1,2.4,0.159,0.9,-0.2,0.7,0.5,
213.0,Yves Missi,21.0,NOP,C,39.0,7.0,734.0,15.3,0.558,0.006,0.283,16.9,15.2,16.1,8.4,0.8,6.6,13.4,12.7,1.0,0.4,1.4,0.094,-1.2,-1.3,-2.4,-0.1,
214.0,Khris Middleton,34.0,WAS,SF,30.0,30.0,734.0,10.9,0.518,0.333,0.229,4.2,13.0,8.6,18.7,1.5,1.0,14.2,18.9,0.0,0.2,0.2,0.013,-3.1,-1.4,-4.5,-0.5,
215.0,Steven Adams,32.0,HOU,C,32.0,11.0,730.0,15.9,0.535,0.0,0.583,22.2,20.0,21.1,8.3,1.5,2.5,16.7,12.0,1.1,1.0,2.1,0.139,0.0,-0.4,-0.4,0.3,
216.0,Ziaire Williams,24.0,BRK,SF,32.0,4.0,729.0,11.1,0.57,0.708,0.297,2.7,10.5,6.4,4.2,2.5,2.1,10.7,17.9,0.1,0.6,0.7,0.048,-2.5,-0.1,-2.6,-0.1,
217.0,Craig Porter Jr.,25.0,CLE,PG,41.0,2.0,728.0,14.5,0.542,0.349,0.151,8.8,13.2,10.9,21.7,2.5,3.3,17.2,12.6,0.9,0.9,1.8,0.122,0.5,2.1,2.6,0.9,
218.0,Joel Embiid,31.0,PHI,C,24.0,24.0,727.0,23.0,0.59,0.23,0.472,7.4,19.2,13.2,20.6,1.0,3.4,12.8,33.1,1.3,0.9,2.1,0.141,3.6,-0.2,3.4,1.0,
219.0,Paul George,35.0,PHI,PF,24.0,24.0,723.0,15.3,0.553,0.49,0.231,1.9,17.5,9.6,18.2,2.3,1.6,10.8,22.1,0.6,1.0,1.5,0.102,0.4,0.6,1.0,0.5,
220.0,Mike Conley,38.0,MIN,PG,39.0,8.0,721.0,9.3,0.518,0.744,0.263,2.0,8.3,5.2,19.3,1.5,0.9,11.9,11.8,0.7,0.6,1.4,0.092,-2.3,0.6,-1.7,0.1,
221.0,RJ Barrett,25.0,TOR,SF,24.0,24.0,720.0,17.4,0.583,0.371,0.307,2.9,16.2,9.5,18.8,1.3,0.7,8.8,25.6,0.9,0.8,1.7,0.116,1.4,-0.7,0.7,0.5,
222.0,Mouhamed Gueye,23.0,ATL,PF,45.0,4.0,719.0,10.9,0.512,0.433,0.209,7.6,16.6,12.1,8.0,2.3,3.2,11.3,13.4,0.1,0.9,1.0,0.069,-3.6,0.7,-2.8,-0.2,
223.0,Aaron Wiggins,27.0,OKC,SG,31.0,11.0,718.0,13.1,0.571,0.543,0.108,2.9,12.4,7.9,10.0,1.7,2.7,10.5,19.0,0.3,1.3,1.6,0.106,0.0,0.6,0.6,0.5,
224.0,Jalen Smith,25.0,CHI,C,37.0,7.0,717.0,17.5,0.587,0.545,0.22,10.8,26.4,18.8,9.6,1.1,4.0,10.1,19.8,1.0,0.9,1.8,0.122,0.4,-0.8,-0.3,0.3,
225.0,Jalen Williams,24.0,OKC,SG,24.0,24.0,711.0,17.8,0.542,0.179,0.25,2.6,14.3,8.7,27.7,2.2,1.2,11.2,25.6,0.6,1.4,2.0,0.136,0.4,1.2,1.6,0.6,
226.0,Jordan Poole,26.0,NOP,PG,28.0,6.0,710.0,11.6,0.533,0.624,0.287,0.9,7.1,3.9,17.4,1.3,1.2,12.2,25.4,0.0,0.1,0.1,0.006,-0.8,-2.6,-3.5,-0.3,
227.0,Simone Fontecchio,30.0,MIA,SF,42.0,1.0,701.0,12.9,0.569,0.7,0.22,4.4,14.4,9.4,11.6,1.3,0.8,10.3,20.3,0.5,0.7,1.2,0.084,0.2,-0.2,0.0,0.3,
228.0,Andre Drummond,32.0,PHI,C,35.0,16.0,701.0,17.4,0.565,0.244,0.301,18.5,31.0,24.6,5.4,1.3,3.9,12.1,14.9,1.1,1.2,2.3,0.157,0.1,-0.5,-0.4,0.3,
229.0,Marvin Bagley III,26.0,WAS,PF,36.0,7.0,696.0,20.2,0.66,0.078,0.403,14.1,16.9,15.5,11.7,1.3,3.3,13.7,18.9,1.7,0.3,2.0,0.139,1.4,-1.1,0.4,0.4,
230.0,Tyus Jones,29.0,ORL,PG,43.0,8.0,691.0,8.3,0.439,0.651,0.04,1.3,6.4,3.8,18.7,2.2,0.4,6.8,9.9,0.3,0.6,0.9,0.059,-3.0,1.1,-1.9,0.0,
231.0,Keegan Murray,25.0,SAC,PF,19.0,18.0,683.0,12.0,0.502,0.355,0.147,4.8,14.3,9.5,6.1,1.6,3.9,7.4,18.7,-0.2,0.4,0.2,0.015,-2.1,-0.7,-2.8,-0.1,
232.0,Kelly Oubre Jr.,30.0,PHI,SF,21.0,16.0,679.0,13.0,0.601,0.45,0.238,3.2,12.4,7.7,6.3,1.7,2.1,10.2,17.6,0.6,0.7,1.3,0.092,-0.8,0.0,-0.8,0.2,
233.0,Herbert Jones,27.0,NOP,SF,24.0,24.0,676.0,9.2,0.495,0.481,0.155,3.9,9.8,6.8,11.2,2.8,1.3,12.7,15.5,-0.2,0.4,0.2,0.015,-3.8,0.1,-3.7,-0.3,
234.0,Keon Ellis,26.0,SAC,SG,39.0,5.0,675.0,8.9,0.52,0.681,0.162,2.3,6.4,4.3,4.6,3.1,2.5,8.7,13.8,-0.2,0.5,0.3,0.02,-3.4,1.1,-2.3,-0.1,
235.0,Jarred Vanderbilt,26.0,LAL,PF,34.0,3.0,675.0,11.1,0.573,0.409,0.235,9.8,20.0,15.0,8.7,2.2,1.8,20.7,11.8,0.3,0.7,1.0,0.073,-2.3,0.4,-2.0,0.0,
236.0,Bilal Coulibaly,21.0,WAS,SG,25.0,25.0,664.0,11.6,0.513,0.421,0.407,3.7,15.0,9.3,12.8,2.6,3.1,14.0,18.0,-0.2,0.5,0.3,0.024,-3.4,0.2,-3.2,-0.2,
237.0,Buddy Hield,33.0,GSW,SG,39.0,3.0,661.0,13.4,0.583,0.668,0.109,4.1,11.6,7.8,11.9,2.4,1.0,11.8,19.4,0.4,0.8,1.2,0.085,-0.3,0.2,-0.2,0.3,
238.0,Coby White,25.0,CHI,SG,23.0,20.0,657.0,15.0,0.597,0.526,0.383,1.2,11.9,6.7,23.4,1.2,0.3,16.3,27.6,0.3,0.3,0.6,0.047,-0.7,-2.3,-3.1,-0.2,
239.0,Tyrese Martin,26.0,BRK,SG,34.0,6.0,656.0,11.8,0.527,0.592,0.109,5.4,12.3,8.7,16.0,1.7,0.6,11.4,18.7,0.1,0.4,0.5,0.036,-0.8,-1.3,-2.1,0.0,
240.0,Ja'Kobe Walter,21.0,TOR,SG,37.0,9.0,654.0,10.3,0.577,0.663,0.199,4.4,9.0,6.7,6.4,2.4,0.9,8.8,14.1,0.5,0.8,1.3,0.093,-2.5,1.0,-1.4,0.1,
241.0,Goga Bitadze,26.0,ORL,C,39.0,1.0,652.0,20.3,0.714,0.071,0.369,14.1,20.3,17.2,10.6,2.2,6.5,11.8,12.0,1.9,1.1,3.0,0.221,0.8,2.6,3.4,0.9,
242.0,Ryan Nembhard,22.0,DAL,PG,32.0,17.0,650.0,11.0,0.529,0.356,0.05,1.2,8.7,5.1,35.3,0.6,0.0,18.0,17.7,0.2,0.5,0.7,0.051,-2.0,-1.9,-3.8,-0.3,
243.0,Isaiah Hartenstein,27.0,OKC,C,24.0,24.0,645.0,19.6,0.656,0.022,0.317,14.4,27.0,21.0,15.1,2.0,2.8,19.6,17.1,1.3,1.6,2.9,0.216,0.7,2.2,2.9,0.8,
244.0,Aaron Gordon,30.0,DEN,PF,23.0,20.0,642.0,20.5,0.632,0.385,0.399,5.5,18.8,12.5,13.4,1.2,0.6,7.0,23.5,1.8,0.5,2.3,0.169,3.8,-1.1,2.7,0.7,
245.0,Nikola JoviÄ,22.0,MIA,PF,34.0,1.0,641.0,10.0,0.49,0.531,0.318,2.9,17.8,10.2,18.8,1.6,1.8,16.9,21.3,-0.7,0.8,0.1,0.008,-3.3,0.4,-2.9,-0.2,
246.0,Lonzo Ball,28.0,CLE,PG,30.0,3.0,636.0,9.8,0.436,0.826,0.124,4.2,15.8,9.9,23.9,2.8,1.2,20.9,14.0,-0.3,0.8,0.6,0.042,-2.7,1.4,-1.3,0.1,
247.0,Micah Peavy,24.0,NOP,SG,39.0,1.0,627.0,9.3,0.46,0.37,0.075,6.3,9.1,7.7,9.7,2.2,0.9,5.5,14.5,0.1,0.2,0.3,0.023,-3.7,-1.1,-4.8,-0.4,
248.0,Ochai Agbaji,25.0,TOR,SG,38.0,13.0,627.0,7.6,0.495,0.386,0.163,5.3,10.8,8.0,6.0,1.3,1.7,8.7,13.2,0.0,0.7,0.7,0.051,-4.8,0.0,-4.8,-0.4,
249.0,Brook Lopez,37.0,LAC,C,37.0,7.0,627.0,9.8,0.506,0.733,0.118,2.5,14.8,8.9,7.4,1.4,5.4,11.4,18.6,-0.5,0.6,0.1,0.01,-2.8,-0.1,-2.9,-0.1,
250.0,Anthony Davis,32.0,DAL,PF,20.0,20.0,626.0,21.7,0.551,0.111,0.243,10.8,26.1,18.7,14.9,1.7,4.4,10.0,27.6,0.4,1.2,1.6,0.12,1.4,1.1,2.6,0.7,
251.0,Vince Williams Jr.,25.0,MEM,PG,29.0,11.0,625.0,10.1,0.469,0.604,0.161,3.8,15.6,9.7,28.7,1.6,2.0,19.1,19.0,-0.4,0.7,0.3,0.024,-2.2,1.1,-1.2,0.1,
252.0,Sam Merrill,29.0,CLE,SG,24.0,15.0,619.0,15.0,0.676,0.813,0.148,2.7,7.2,5.0,12.6,1.3,0.4,8.2,17.8,1.5,0.4,1.9,0.144,2.1,-1.0,1.1,0.5,
253.0,Jaxson Hayes,25.0,LAL,C,35.0,4.0,615.0,15.8,0.761,0.009,0.547,10.0,16.5,13.4,6.3,0.9,3.2,12.1,11.6,1.6,0.5,2.0,0.16,-0.5,-0.2,-0.7,0.2,
254.0,Drake Powell,20.0,BRK,SG,32.0,6.0,614.0,9.2,0.572,0.494,0.228,1.1,8.7,4.7,13.4,1.6,0.7,14.4,14.8,0.2,0.3,0.5,0.035,-3.8,-0.5,-4.4,-0.4,
255.0,Caris LeVert,31.0,DET,SG,31.0,0.0,612.0,11.8,0.541,0.49,0.26,1.5,8.5,5.1,19.3,2.2,3.2,16.2,18.2,0.1,1.0,1.0,0.082,-1.4,1.4,0.0,0.3,
256.0,Daniel Gafford,27.0,DAL,C,29.0,20.0,602.0,16.2,0.67,0.0,0.479,10.6,22.2,16.5,5.5,1.8,5.3,18.7,14.6,0.7,1.1,1.8,0.147,-2.4,2.1,-0.2,0.3,
257.0,Luka Garza,27.0,BOS,C,36.0,1.0,597.0,20.3,0.699,0.312,0.376,16.2,12.3,14.3,8.1,1.2,3.0,7.5,15.5,2.4,0.6,3.0,0.243,2.5,0.0,2.4,0.7,
258.0,Mitchell Robinson,27.0,NYK,C,31.0,13.0,597.0,20.5,0.629,0.0,0.552,27.0,24.8,25.9,7.1,2.1,6.2,15.6,9.9,1.7,1.0,2.7,0.217,2.0,0.5,2.5,0.7,
259.0,Jaylen Clark,24.0,MIN,SG,42.0,0.0,590.0,10.0,0.526,0.418,0.362,7.4,8.1,7.7,5.4,2.6,1.0,7.9,12.7,0.4,0.7,1.1,0.092,-3.5,0.9,-2.6,-0.1,
260.0,Jalen Pickett,26.0,DEN,SG,31.0,13.0,586.0,11.6,0.558,0.529,0.065,3.0,13.6,8.6,20.1,1.0,0.5,12.9,15.0,0.6,0.3,0.9,0.074,-0.6,-0.9,-1.5,0.1,
261.0,Jalen Suggs,24.0,ORL,PG,23.0,23.0,584.0,18.3,0.601,0.518,0.272,3.2,12.8,7.9,28.3,3.5,1.8,17.5,25.1,0.5,0.9,1.4,0.116,1.5,2.2,3.7,0.9,
262.0,Hugo GonzÃ¡lez,19.0,BOS,SF,39.0,2.0,583.0,10.6,0.595,0.433,0.134,6.7,18.5,12.6,5.1,2.0,1.9,15.1,11.7,0.4,0.8,1.2,0.096,-2.9,1.0,-1.9,0.0,
263.0,Alex Caruso,31.0,OKC,SG,32.0,0.0,582.0,13.6,0.538,0.613,0.167,3.6,13.0,8.5,14.8,3.7,2.0,12.2,15.3,0.3,1.4,1.7,0.138,-0.8,3.6,2.7,0.7,
264.0,Daniss Jenkins,24.0,DET,PG,35.0,7.0,572.0,14.6,0.545,0.403,0.235,3.7,8.0,5.9,28.2,2.8,1.0,17.0,21.6,0.4,0.9,1.3,0.108,-0.2,0.8,0.6,0.4,
265.0,Adem Bona,22.0,PHI,C,34.0,3.0,571.0,12.0,0.644,0.062,0.753,11.5,14.5,13.0,2.1,0.9,7.4,19.4,9.9,0.6,0.7,1.3,0.111,-3.3,0.7,-2.6,-0.1,
266.0,Isaiah Jackson,24.0,IND,C,33.0,14.0,569.0,15.3,0.618,0.007,0.43,14.1,21.0,17.4,6.6,1.8,3.7,17.8,16.2,0.6,0.7,1.3,0.111,-3.0,0.2,-2.8,-0.1,
267.0,Ja Morant,26.0,MEM,PG,20.0,20.0,569.0,16.6,0.521,0.264,0.363,1.5,10.5,6.0,44.9,1.7,1.0,16.0,32.2,0.0,0.5,0.6,0.05,0.4,-1.8,-1.4,0.1,
268.0,T.J. McConnell,33.0,IND,PG,33.0,0.0,568.0,20.8,0.559,0.126,0.047,2.7,11.6,7.0,50.4,3.3,1.1,12.6,24.1,0.9,0.7,1.5,0.129,2.0,1.4,3.4,0.8,
269.0,Bryce McGowens,23.0,NOP,SG,29.0,11.0,563.0,11.5,0.606,0.359,0.438,1.9,9.7,5.7,9.1,1.4,0.7,7.6,14.6,0.8,0.1,0.9,0.077,-2.1,-1.4,-3.5,-0.2,
270.0,Nae'Qwan Tomlin,25.0,CLE,PF,35.0,2.0,561.0,13.9,0.54,0.359,0.215,9.5,12.1,10.8,6.7,2.1,3.9,5.3,15.4,0.7,0.7,1.4,0.118,-1.7,0.7,-1.1,0.1,
271.0,Jaylin Williams,23.0,OKC,PF,31.0,4.0,558.0,11.5,0.521,0.777,0.277,3.3,23.8,14.1,16.8,1.5,2.8,15.3,15.2,0.1,1.3,1.4,0.119,-1.6,2.4,0.8,0.4,
272.0,Cody Williams,21.0,UTA,SG,32.0,9.0,557.0,7.8,0.511,0.348,0.128,4.8,9.0,6.9,6.6,1.0,1.6,8.5,14.0,0.0,-0.1,-0.1,-0.008,-3.6,-2.5,-6.2,-0.6,
273.0,Danny Wolf,21.0,BRK,PF,29.0,4.0,553.0,11.9,0.514,0.455,0.172,5.8,20.5,12.8,14.4,1.6,1.8,12.0,19.1,0.0,0.5,0.5,0.04,-2.3,-0.4,-2.7,-0.1,
274.0,Gary Payton II,33.0,GSW,SG,43.0,1.0,549.0,14.6,0.584,0.271,0.079,9.6,18.0,13.8,17.9,2.0,2.3,17.2,17.0,0.5,0.8,1.2,0.108,-1.4,1.2,-0.1,0.3,
275.0,Tari Eason,24.0,HOU,PF,23.0,9.0,546.0,17.0,0.591,0.475,0.12,9.2,19.4,14.3,9.4,2.7,2.4,14.3,20.3,0.6,0.9,1.5,0.135,1.4,0.8,2.2,0.6,
276.0,Jakob Poeltl,30.0,TOR,C,21.0,21.0,531.0,16.4,0.691,0.0,0.37,11.9,22.4,17.1,11.9,1.5,2.0,18.3,14.5,0.9,0.8,1.7,0.155,-0.7,1.2,0.4,0.3,
277.0,Jared McCain,21.0,PHI,SG,31.0,1.0,519.0,8.1,0.461,0.477,0.128,0.8,13.4,7.0,12.9,2.1,0.2,10.0,18.6,-0.4,0.5,0.1,0.01,-4.5,-0.4,-4.9,-0.4,
278.0,Jrue Holiday,35.0,POR,PG,18.0,16.0,519.0,17.9,0.565,0.515,0.139,4.3,13.1,8.7,38.3,2.1,0.5,14.9,22.5,0.9,0.5,1.4,0.133,3.2,-0.1,3.0,0.7,
279.0,Tyler Kolek,24.0,NYK,PG,39.0,1.0,518.0,11.1,0.511,0.425,0.089,2.7,13.2,7.8,27.9,1.6,0.6,17.3,18.2,0.2,0.4,0.6,0.057,-2.0,0.0,-2.1,0.0,
280.0,Josh Minott,23.0,BOS,PF,29.0,10.0,510.0,15.7,0.646,0.557,0.198,8.5,16.4,12.5,8.2,2.4,2.2,11.2,13.6,1.1,0.7,1.8,0.165,0.9,1.0,2.0,0.5,
281.0,Jabari Walker,23.0,PHI,PF,40.0,6.0,509.0,10.5,0.515,0.432,0.333,10.6,18.0,14.2,5.3,1.2,2.0,10.1,13.9,0.3,0.6,0.9,0.085,-3.6,-0.6,-4.2,-0.3,
282.0,Al Horford,39.0,GSW,C,26.0,1.0,509.0,13.5,0.534,0.708,0.068,5.2,23.0,14.0,14.2,1.9,4.8,13.1,15.8,0.2,0.8,1.0,0.097,-0.5,1.7,1.2,0.4,
283.0,Gary Harris,31.0,MIL,SG,34.0,2.0,505.0,8.2,0.653,0.618,0.132,2.7,8.7,5.7,9.1,2.0,1.0,16.3,7.5,0.4,0.4,0.8,0.076,-3.3,1.0,-2.3,0.0,
284.0,Baylor Scheierman,25.0,BOS,SG,39.0,3.0,503.0,9.0,0.633,0.78,0.055,2.7,13.8,8.3,7.4,2.3,0.4,15.4,9.5,0.4,0.6,1.0,0.095,-3.1,1.5,-1.6,0.0,
285.0,Johnny Furphy,21.0,IND,SG,28.0,14.0,500.0,9.9,0.576,0.483,0.237,5.6,20.3,12.6,6.8,1.5,1.0,15.0,12.9,0.0,0.5,0.5,0.052,-3.5,0.3,-3.2,-0.1,
286.0,Robert Williams,28.0,POR,C,31.0,1.0,497.0,21.9,0.749,0.106,0.212,13.3,29.4,21.3,8.9,1.8,7.3,13.3,11.6,1.3,0.9,2.3,0.219,2.6,2.4,4.9,0.9,
287.0,D'Angelo Russell,29.0,DAL,PG,26.0,3.0,495.0,12.4,0.511,0.483,0.259,1.8,11.0,6.5,30.9,1.1,0.3,15.9,26.1,-0.3,0.5,0.1,0.011,-0.8,-1.3,-2.1,0.0,
288.0,Corey Kispert,26.0,2TM,SF,26.0,5.0,494.0,13.3,0.62,0.635,0.275,2.2,10.8,6.5,11.8,1.2,0.5,10.1,17.6,0.6,0.1,0.7,0.072,0.1,-1.9,-1.8,0.0,
288.0,Corey Kispert,26.0,WAS,SF,19.0,2.0,370.0,14.1,0.649,0.639,0.286,1.7,10.9,6.3,12.4,1.0,0.7,9.5,16.7,0.7,0.0,0.7,0.087,0.9,-2.0,-1.1,0.1,
288.0,Corey Kispert,26.0,ATL,SF,7.0,3.0,124.0,10.9,0.544,0.625,0.25,3.5,10.7,7.0,9.8,1.9,0.0,11.6,20.3,0.0,0.1,0.1,0.029,-2.3,-1.7,-4.0,-0.1,
289.0,Jordan Hawkins,23.0,NOP,SG,35.0,0.0,493.0,5.0,0.424,0.55,0.107,3.0,10.9,6.9,6.9,0.8,1.4,11.1,16.8,-0.7,0.0,-0.7,-0.069,-4.6,-3.2,-7.8,-0.7,
290.0,Bones Hyland,25.0,MIN,PG,36.0,3.0,491.0,14.2,0.574,0.617,0.17,1.6,9.0,5.4,25.4,1.7,1.6,11.8,19.7,0.7,0.5,1.2,0.121,-0.1,0.4,0.4,0.3,
291.0,Will Riley,19.0,WAS,SF,35.0,0.0,489.0,9.8,0.506,0.384,0.274,5.6,9.7,7.7,11.1,1.5,0.7,13.6,18.2,-0.2,0.0,-0.1,-0.012,-3.2,-2.2,-5.4,-0.4,
292.0,Cam Thomas,24.0,BRK,SG,20.0,8.0,486.0,13.0,0.525,0.372,0.353,1.6,7.0,4.2,22.4,0.4,0.4,10.7,30.9,-0.1,0.0,0.0,-0.003,-0.6,-4.1,-4.8,-0.3,
293.0,Jonathan Kuminga,23.0,GSW,PF,20.0,13.0,476.0,12.5,0.543,0.273,0.34,6.7,20.6,13.6,15.7,0.8,1.1,17.1,23.9,-0.2,0.5,0.3,0.031,-2.4,-1.1,-3.6,-0.2,
294.0,Tidjane SalaÃ¼n,20.0,CHO,PF,29.0,0.0,475.0,13.5,0.642,0.507,0.224,5.3,24.2,15.0,7.8,1.1,1.3,12.5,14.9,0.6,0.5,1.1,0.112,-0.7,0.1,-0.5,0.2,
295.0,Jaden Ivey,23.0,DET,SG,28.0,2.0,475.0,13.2,0.577,0.497,0.193,3.5,10.1,6.9,14.0,1.3,2.3,12.5,20.1,0.4,0.6,1.0,0.104,0.1,0.3,0.4,0.3,
296.0,Justin Edwards,22.0,PHI,SF,33.0,5.0,474.0,9.0,0.518,0.658,0.116,3.4,8.3,5.8,11.0,2.1,1.5,12.0,15.5,0.0,0.5,0.5,0.05,-3.1,0.3,-2.8,-0.1,
297.0,Tre Mann,24.0,CHO,PG,28.0,1.0,473.0,9.0,0.473,0.516,0.076,4.6,11.4,8.1,19.7,1.4,0.6,14.2,23.9,-0.4,0.3,-0.1,-0.013,-3.5,-1.6,-5.1,-0.4,
298.0,Cole Anthony,25.0,MIL,PG,31.0,0.0,468.0,11.7,0.506,0.308,0.109,3.2,15.8,9.5,36.0,2.0,2.1,22.2,25.6,-0.6,0.5,-0.1,-0.015,-3.3,-0.4,-3.7,-0.2,
299.0,Taylor Hendricks,22.0,UTA,PF,31.0,6.0,466.0,11.0,0.599,0.538,0.256,6.4,16.0,11.1,6.0,1.3,1.7,11.5,13.0,0.4,0.1,0.5,0.048,-1.3,-1.7,-3.0,-0.1,
300.0,Jonas ValanÄiÅ«nas,33.0,DEN,C,34.0,2.0,460.0,21.6,0.628,0.063,0.314,12.4,27.0,20.0,14.9,0.7,4.0,13.6,25.9,0.9,0.6,1.5,0.155,0.3,-0.5,-0.2,0.2,
301.0,Rayan Rupert,21.0,POR,SG,39.0,0.0,459.0,5.8,0.427,0.469,0.106,4.0,11.5,7.7,8.1,2.2,0.4,11.3,11.8,-0.3,0.4,0.1,0.014,-5.6,0.6,-5.0,-0.3,
302.0,Gabe Vincent,29.0,LAL,PG,23.0,7.0,455.0,5.0,0.505,0.785,0.103,1.6,3.5,2.6,8.1,1.0,0.2,7.4,11.5,0.1,0.1,0.2,0.018,-4.2,-1.3,-5.5,-0.4,
303.0,Dwight Powell,34.0,DAL,C,31.0,6.0,454.0,12.1,0.703,0.0,1.234,9.6,17.4,13.7,8.5,1.7,2.0,18.1,8.2,0.8,0.6,1.4,0.153,-3.0,1.9,-1.1,0.1,
304.0,Domantas Sabonis,29.0,SAC,C,15.0,11.0,454.0,18.2,0.585,0.136,0.375,10.9,32.5,21.5,19.3,1.6,0.6,17.0,23.3,0.4,0.4,0.8,0.086,-0.3,-0.3,-0.6,0.2,
305.0,Zeke Nnaji,25.0,DEN,PF,33.0,2.0,453.0,12.1,0.59,0.354,0.354,6.0,16.7,11.6,5.4,1.4,3.4,10.9,14.2,0.4,0.4,0.9,0.092,-2.5,-0.3,-2.8,-0.1,
306.0,Dalton Knecht,24.0,LAL,SF,36.0,1.0,450.0,8.8,0.544,0.603,0.106,2.9,11.4,7.3,4.0,0.9,1.9,9.2,16.8,0.0,0.2,0.2,0.019,-2.6,-1.9,-4.5,-0.3,
307.0,Caleb Martin,30.0,DAL,SF,38.0,4.0,449.0,8.1,0.484,0.279,0.267,4.1,12.6,8.5,15.0,2.4,1.3,20.0,11.3,-0.2,0.6,0.5,0.049,-5.3,2.3,-3.0,-0.1,
308.0,Keaton Wallace,26.0,ATL,PG,36.0,2.0,440.0,11.3,0.548,0.617,0.083,0.7,10.8,5.7,23.3,2.2,1.0,13.8,15.2,0.2,0.4,0.6,0.07,-2.2,0.4,-1.8,0.0,
309.0,Karlo MatkoviÄ,24.0,NOP,PF,34.0,2.0,436.0,15.7,0.688,0.325,0.128,6.8,20.8,13.6,7.8,1.0,5.5,12.1,13.4,0.7,0.3,1.1,0.116,-0.3,0.1,-0.2,0.2,
310.0,Jericho Sims,27.0,MIL,C,31.0,4.0,434.0,9.2,0.822,0.0,0.265,10.2,19.1,14.7,5.8,0.7,1.1,35.4,8.6,0.3,0.3,0.7,0.074,-4.3,-1.0,-5.3,-0.4,
311.0,Kevin Love,37.0,UTA,PF,25.0,4.0,433.0,14.4,0.562,0.699,0.231,10.4,25.2,17.7,14.4,0.9,1.8,11.3,16.9,0.6,0.1,0.7,0.081,0.8,-1.4,-0.6,0.1,
312.0,Clint Capela,31.0,HOU,C,37.0,1.0,430.0,19.3,0.535,0.0,0.265,23.1,20.7,21.9,5.9,2.2,5.8,11.9,13.9,0.7,0.8,1.5,0.167,0.4,0.0,0.4,0.3,
313.0,Nolan TraorÃ©,19.0,BRK,PG,23.0,0.0,427.0,6.2,0.461,0.485,0.194,0.8,7.1,3.8,21.1,1.3,1.3,17.1,17.9,-0.5,0.2,-0.4,-0.04,-5.5,-1.9,-7.4,-0.6,
314.0,Jordan Miller,26.0,LAC,SF,23.0,0.0,422.0,16.3,0.646,0.381,0.421,5.4,13.2,9.4,12.9,1.9,0.9,12.8,18.0,0.8,0.3,1.1,0.125,1.3,-0.4,0.9,0.3,
315.0,Drew Eubanks,28.0,SAC,C,30.0,11.0,420.0,11.9,0.609,0.036,0.391,6.5,15.4,10.9,2.7,1.4,4.0,16.2,15.7,0.0,0.3,0.3,0.033,-3.7,-0.7,-4.4,-0.3,
316.0,Aaron Holiday,29.0,HOU,PG,30.0,1.0,420.0,9.8,0.567,0.69,0.2,1.1,5.6,3.3,9.5,1.5,0.9,11.7,17.7,0.4,0.3,0.8,0.086,-2.1,-0.5,-2.6,-0.1,
317.0,De'Anthony Melton,27.0,GSW,PG,20.0,0.0,417.0,14.1,0.544,0.476,0.251,3.2,11.2,7.1,14.5,3.2,2.4,12.3,24.0,0.0,0.6,0.6,0.067,-2.6,0.7,-1.9,0.0,
318.0,Tony Bradley,28.0,IND,C,38.0,3.0,416.0,13.3,0.604,0.019,0.406,13.8,13.7,13.8,7.1,0.7,1.5,12.0,14.4,0.7,0.3,1.0,0.11,-2.5,-1.5,-4.0,-0.2,
319.0,Kristaps PorziÅÄ£is,30.0,ATL,C,17.0,12.0,413.0,20.4,0.592,0.41,0.386,5.5,17.6,11.5,16.8,1.0,4.9,6.1,26.5,0.9,0.5,1.4,0.16,2.5,0.7,3.2,0.5,
320.0,Pat Spencer,29.0,GSW,PG,30.0,3.0,411.0,13.0,0.498,0.309,0.158,5.1,10.8,7.9,30.7,2.1,0.2,14.2,19.5,0.3,0.4,0.7,0.082,-1.5,0.4,-1.1,0.1,
321.0,Derrick Jones Jr.,28.0,LAC,SF,17.0,13.0,411.0,15.3,0.674,0.47,0.265,4.4,8.3,6.4,7.4,1.6,4.1,9.7,15.6,0.8,0.3,1.0,0.122,0.9,-0.2,0.7,0.3,
322.0,Christian Braun,24.0,DEN,SG,14.0,14.0,404.0,10.3,0.532,0.297,0.288,5.9,10.4,8.3,11.3,1.1,1.3,12.0,15.4,0.2,0.2,0.4,0.05,-2.3,-1.3,-3.6,-0.2,
323.0,Gui Santos,23.0,GSW,PF,35.0,3.0,403.0,10.8,0.598,0.646,0.242,7.1,15.5,11.2,11.7,1.8,1.6,19.2,14.2,0.2,0.5,0.7,0.082,-2.3,0.5,-1.8,0.0,
324.0,Jalen Wilson,25.0,BRK,PF,29.0,0.0,398.0,7.4,0.532,0.631,0.303,1.1,9.5,5.1,6.0,1.1,0.5,9.2,16.7,-0.1,0.1,0.1,0.007,-4.1,-2.1,-6.2,-0.4,
325.0,Noah Penda,21.0,ORL,SF,28.0,2.0,394.0,15.2,0.563,0.405,0.284,12.2,19.2,15.7,12.3,2.0,2.9,13.9,16.1,0.4,0.5,1.0,0.118,0.1,0.6,0.6,0.3,
326.0,Kenrich Williams,31.0,OKC,PF,26.0,0.0,384.0,15.6,0.605,0.488,0.138,6.3,16.5,11.6,14.4,1.9,1.0,9.7,16.3,0.6,0.7,1.4,0.171,1.3,1.2,2.5,0.4,
327.0,Landry Shamet,28.0,NYK,SG,19.0,6.0,383.0,13.9,0.656,0.739,0.348,2.0,7.6,4.7,7.3,1.3,1.3,5.7,15.4,0.9,0.2,1.1,0.14,1.5,-0.3,1.2,0.3,
328.0,Jaden Hardy,23.0,DAL,SG,31.0,4.0,381.0,10.5,0.547,0.641,0.193,3.2,8.4,5.8,9.6,0.9,0.4,11.7,24.6,-0.2,0.3,0.1,0.017,-2.2,-2.1,-4.3,-0.2,
329.0,Trayce Jackson-Davis,25.0,GSW,C,32.0,1.0,380.0,16.5,0.608,0.011,0.489,13.0,18.2,15.5,10.8,1.3,4.3,10.9,14.3,0.7,0.5,1.3,0.158,-0.6,0.4,-0.1,0.2,
330.0,Paul Reed,26.0,DET,C,31.0,6.0,378.0,21.4,0.621,0.154,0.246,17.5,21.6,19.6,14.7,3.5,5.0,18.2,19.1,0.6,0.9,1.5,0.193,0.7,2.8,3.4,0.5,
331.0,Jase Richardson,20.0,ORL,SG,30.0,0.0,374.0,13.3,0.601,0.396,0.224,4.7,8.6,6.6,15.4,1.0,0.5,11.4,18.7,0.5,0.2,0.7,0.092,-0.4,-1.3,-1.7,0.0,
332.0,John Konchar,29.0,MEM,SG,27.0,1.0,368.0,12.5,0.585,0.541,0.213,4.4,18.2,11.4,11.8,3.5,2.8,14.2,8.7,0.3,0.7,1.0,0.126,-1.8,4.2,2.4,0.4,
333.0,Dylan Cardwell,24.0,SAC,C,19.0,1.0,364.0,15.3,0.565,0.014,0.371,16.3,24.3,20.2,7.4,2.0,7.6,13.8,11.1,0.5,0.5,1.0,0.128,-3.3,1.3,-2.0,0.0,
334.0,Jonathan Isaac,28.0,ORL,PF,36.0,0.0,361.0,12.0,0.521,0.392,0.544,8.8,20.3,14.5,4.0,1.7,4.7,10.9,12.8,0.1,0.5,0.7,0.088,-2.6,0.8,-1.8,0.0,
335.0,GG Jackson II,21.0,MEM,PF,23.0,3.0,361.0,11.8,0.569,0.481,0.244,2.7,16.2,9.5,6.4,2.1,3.1,13.2,19.1,-0.1,0.5,0.4,0.055,-3.1,0.6,-2.5,0.0,
336.0,Bogdan BogdanoviÄ,33.0,LAC,SG,16.0,3.0,360.0,8.5,0.511,0.615,0.162,1.7,12.9,7.5,17.3,1.1,0.3,13.2,17.8,0.0,0.2,0.1,0.016,-2.7,-1.0,-3.8,-0.2,
337.0,Jeremiah Robinson-Earl,25.0,2TM,PF,21.0,3.0,358.0,9.7,0.468,0.41,0.18,10.4,20.3,15.2,5.8,1.2,0.2,9.2,14.0,0.0,0.3,0.3,0.044,-3.4,-1.6,-4.9,-0.3,
337.0,Jeremiah Robinson-Earl,25.0,IND,PF,17.0,3.0,300.0,8.8,0.443,0.398,0.169,11.0,20.8,15.7,5.5,1.1,0.3,10.1,13.9,-0.1,0.3,0.2,0.026,-3.6,-1.7,-5.3,-0.3,
337.0,Jeremiah Robinson-Earl,25.0,DAL,PF,4.0,0.0,58.0,14.3,0.586,0.471,0.235,7.6,17.7,12.8,7.1,1.6,0.0,5.1,14.3,0.1,0.1,0.2,0.139,-2.3,-0.8,-3.1,0.0,
338.0,Jeremy Sochan,22.0,SAS,PF,27.0,0.0,354.0,10.0,0.543,0.357,0.163,8.0,14.2,11.1,10.6,1.4,1.0,14.6,14.6,0.2,0.4,0.6,0.081,-3.5,0.3,-3.2,-0.1,
339.0,Cam Whitmore,21.0,WAS,SF,21.0,0.0,354.0,13.8,0.528,0.331,0.183,5.7,11.7,8.7,6.6,2.0,2.0,9.0,23.7,-0.1,0.1,0.1,0.007,-1.2,-2.0,-3.2,-0.1,
340.0,Asa Newell,20.0,ATL,PF,33.0,0.0,351.0,14.7,0.66,0.475,0.167,8.6,11.0,9.8,7.3,1.6,2.9,11.7,17.4,0.5,0.3,0.8,0.109,-0.7,-0.6,-1.3,0.1,
341.0,Branden Carlson,26.0,OKC,C,32.0,2.0,351.0,15.5,0.603,0.452,0.135,5.9,18.6,12.6,7.5,0.8,4.5,8.2,17.9,0.4,0.7,1.1,0.15,-0.3,0.3,-0.1,0.2,
342.0,Trendon Watford,25.0,PHI,PF,22.0,4.0,350.0,14.4,0.6,0.198,0.317,5.5,18.5,11.9,25.9,0.8,1.5,17.3,16.7,0.5,0.4,0.9,0.122,-0.9,0.6,-0.3,0.2,
343.0,Tyler Herro,26.0,MIA,SG,11.0,10.0,349.0,18.1,0.605,0.37,0.227,1.8,13.8,7.7,13.3,1.5,1.3,7.9,25.1,0.5,0.4,0.9,0.12,2.5,0.2,2.7,0.4,
344.0,Guerschon Yabusele,30.0,NYK,C,37.0,0.0,348.0,8.2,0.503,0.637,0.118,6.4,18.7,12.4,6.3,0.6,1.4,11.5,14.6,0.0,0.3,0.3,0.04,-3.2,-1.1,-4.3,-0.2,
345.0,Quenton Jackson,27.0,IND,PG,22.0,9.0,348.0,12.3,0.569,0.387,0.429,3.5,9.9,6.6,17.5,1.9,1.0,15.5,20.3,0.1,0.3,0.4,0.053,-2.2,0.5,-1.7,0.0,
346.0,Tristan Vukcevic,22.0,WAS,C,30.0,2.0,342.0,15.9,0.557,0.39,0.468,5.2,16.7,11.0,13.0,1.1,5.2,13.9,26.4,0.0,0.2,0.2,0.029,-1.5,-1.1,-2.6,-0.1,
347.0,Tyrese Proctor,21.0,CLE,PG,32.0,1.0,337.0,9.1,0.5,0.634,0.162,1.9,10.7,6.2,15.2,1.4,0.0,10.1,20.7,-0.1,0.2,0.2,0.027,-3.7,-1.3,-5.0,-0.3,
348.0,Liam McNeeley,20.0,CHO,SF,27.0,0.0,336.0,9.7,0.577,0.674,0.36,3.8,15.8,9.9,9.1,0.7,0.8,10.7,14.0,0.4,0.2,0.6,0.082,-1.8,-0.4,-2.2,0.0,
349.0,Josh Green,25.0,CHO,SG,21.0,0.0,334.0,10.4,0.591,0.75,0.079,7.3,7.6,7.4,8.4,1.9,0.5,11.3,11.2,0.4,0.2,0.6,0.088,-1.2,0.3,-0.9,0.1,
350.0,Kyle Anderson,32.0,UTA,SF,16.0,0.0,320.0,14.4,0.553,0.043,0.351,5.4,13.9,9.6,20.0,2.9,2.4,12.1,15.9,0.3,0.2,0.5,0.075,-1.1,0.8,-0.3,0.1,
351.0,Rob Dillingham,21.0,MIN,PG,32.0,0.0,312.0,6.5,0.409,0.233,0.15,1.8,11.8,6.9,24.4,2.6,0.8,18.4,23.5,-0.8,0.4,-0.4,-0.06,-7.5,-0.3,-7.8,-0.5,
352.0,Jett Howard,22.0,ORL,SF,28.0,0.0,308.0,10.7,0.516,0.634,0.146,3.5,10.8,7.2,11.0,0.6,1.1,4.4,18.7,0.2,0.2,0.4,0.067,-1.3,-1.6,-2.9,-0.1,
353.0,Ethan Thompson,26.0,IND,SG,19.0,5.0,305.0,6.9,0.479,0.691,0.185,3.7,8.8,6.1,11.7,1.6,1.4,12.0,13.8,-0.1,0.2,0.1,0.015,-4.3,0.3,-4.0,-0.2,
354.0,Moussa Cisse,23.0,DAL,C,26.0,1.0,302.0,16.3,0.608,0.0,0.82,17.8,23.4,20.7,2.7,1.4,8.6,20.2,14.5,0.2,0.6,0.8,0.133,-3.9,1.6,-2.3,0.0,
355.0,Nick Smith Jr.,21.0,LAL,SG,23.0,1.0,300.0,9.6,0.543,0.548,0.089,0.8,6.1,3.5,13.1,1.3,0.6,12.3,21.2,-0.1,0.1,0.0,0.002,-2.4,-2.4,-4.8,-0.2,
356.0,Jamison Battle,24.0,TOR,SF,34.0,2.0,299.0,11.6,0.686,0.585,0.11,3.7,15.5,9.5,6.4,0.8,0.7,13.1,14.1,0.3,0.3,0.6,0.099,-1.2,-0.4,-1.6,0.0,
357.0,Cam Christie,20.0,LAC,SG,29.0,0.0,294.0,10.6,0.524,0.424,0.459,4.1,16.2,10.3,8.3,1.4,0.6,10.5,17.2,0.0,0.2,0.2,0.038,-2.7,-1.6,-4.3,-0.2,
358.0,Julian Phillips,22.0,CHI,SF,30.0,2.0,291.0,9.4,0.535,0.587,0.08,7.5,7.2,7.3,3.1,2.4,1.8,7.2,12.1,0.1,0.2,0.4,0.061,-3.1,0.0,-3.1,-0.1,
359.0,Carter Bryant,20.0,SAS,PF,35.0,0.0,287.0,6.1,0.442,0.522,0.13,5.7,16.8,11.3,3.2,1.0,1.6,11.0,16.0,-0.3,0.4,0.0,0.004,-5.6,-1.2,-6.7,-0.3,
360.0,Dalen Terry,23.0,CHI,SG,28.0,0.0,284.0,11.2,0.525,0.436,0.141,5.8,12.1,9.0,13.6,3.0,2.4,16.2,14.7,0.0,0.3,0.3,0.053,-3.2,1.2,-2.0,0.0,
361.0,Zach Edey,23.0,MEM,C,11.0,11.0,284.0,20.6,0.669,0.051,0.327,16.2,29.1,22.7,6.6,1.2,7.0,18.8,20.0,0.4,0.5,0.9,0.155,-0.6,1.5,0.9,0.2,
362.0,Thomas Bryant,28.0,CLE,C,31.0,0.0,282.0,17.6,0.641,0.48,0.296,8.7,21.3,14.9,6.5,1.2,3.9,8.3,17.7,0.6,0.4,1.0,0.166,0.5,-0.3,0.1,0.1,
363.0,Terrence Shannon Jr.,25.0,MIN,SG,22.0,0.0,282.0,6.9,0.538,0.457,0.333,2.4,8.5,5.5,6.4,1.2,0.3,13.9,16.1,-0.1,0.2,0.2,0.027,-4.8,-0.9,-5.6,-0.2,
364.0,Jamaree Bouyea,26.0,PHO,PG,19.0,0.0,280.0,19.8,0.647,0.371,0.152,3.9,11.8,7.7,18.1,2.1,2.4,5.9,17.8,0.8,0.3,1.1,0.197,3.6,1.7,5.3,0.5,
365.0,Trae Young,27.0,ATL,PG,10.0,10.0,280.0,19.7,0.577,0.437,0.541,0.0,5.9,2.9,45.6,1.7,0.3,13.5,28.8,0.7,0.2,0.8,0.144,3.3,-2.0,1.3,0.2,
366.0,Kasparas JakuÄionis,19.0,MIA,PG,19.0,3.0,275.0,7.3,0.5,0.627,0.239,4.8,9.5,7.1,14.9,1.5,0.0,16.8,13.1,0.0,0.2,0.3,0.045,-3.9,0.4,-3.6,-0.1,
367.0,Larry Nance Jr.,33.0,CLE,PF,19.0,2.0,272.0,7.0,0.445,0.527,0.041,6.3,14.0,10.1,9.7,1.9,1.3,10.7,12.8,-0.1,0.3,0.2,0.037,-5.4,0.6,-4.8,-0.2,
368.0,Kelly Olynyk,34.0,SAS,C,28.0,0.0,267.0,13.1,0.569,0.528,0.417,7.4,14.0,10.7,17.5,2.3,0.3,15.8,16.0,0.3,0.4,0.7,0.121,-1.7,1.2,-0.5,0.1,
369.0,Ariel Hukporti,23.0,NYK,C,29.0,4.0,263.0,10.7,0.562,0.03,0.606,12.2,21.3,16.6,7.9,0.9,6.5,26.4,9.1,0.2,0.3,0.5,0.091,-4.0,1.5,-2.5,0.0,
370.0,Kobe Brown,26.0,LAC,PF,28.0,0.0,262.0,10.4,0.49,0.597,0.306,7.8,13.9,10.9,12.8,1.3,0.7,11.9,15.7,0.1,0.1,0.2,0.042,-1.7,-1.4,-3.1,-0.1,
371.0,Micah Potter,27.0,IND,C,15.0,2.0,262.0,13.9,0.647,0.691,0.441,5.1,19.6,12.1,11.3,0.7,1.3,11.0,14.7,0.5,0.2,0.7,0.129,-0.1,-0.4,-0.5,0.1,
372.0,Duop Reath,29.0,POR,C,32.0,0.0,258.0,10.7,0.613,0.743,0.081,4.1,11.9,8.0,5.4,0.9,2.8,8.4,13.2,0.3,0.2,0.5,0.096,-0.7,-0.2,-0.9,0.1,
373.0,Nick Richards,28.0,PHO,C,28.0,2.0,254.0,11.3,0.534,0.0,0.394,15.0,25.1,19.9,4.3,0.8,5.2,23.1,17.9,-0.2,0.4,0.2,0.042,-6.0,-0.7,-6.7,-0.3,
374.0,Jamir Watkins,24.0,WAS,SG,18.0,2.0,246.0,7.8,0.586,0.59,0.41,4.7,18.1,11.4,4.7,1.5,1.8,14.8,9.2,0.1,0.1,0.2,0.047,-5.5,-0.3,-5.8,-0.2,
375.0,Ousmane Dieng,22.0,OKC,C,22.0,0.0,243.0,11.2,0.581,0.527,0.081,2.8,12.4,7.9,10.7,0.2,2.8,7.3,14.7,0.3,0.4,0.6,0.123,-0.8,0.0,-0.8,0.1,
376.0,Julian Strawther,23.0,DEN,SG,23.0,1.0,240.0,9.1,0.504,0.43,0.43,1.0,13.9,7.8,10.5,1.0,0.4,8.9,20.5,-0.1,0.1,0.1,0.016,-4.6,-1.9,-6.5,-0.3,
377.0,Kevon Looney,29.0,NOP,C,17.0,6.0,237.0,13.0,0.455,0.191,0.17,17.6,22.6,20.0,13.4,1.2,3.3,13.7,10.3,0.3,0.2,0.4,0.087,-1.8,-0.8,-2.6,0.0,
378.0,Isaiah Livers,27.0,PHO,PF,23.0,0.0,234.0,8.3,0.515,0.721,0.14,6.0,14.6,10.2,8.1,2.1,2.4,18.0,10.0,0.0,0.3,0.3,0.07,-3.3,1.5,-1.9,0.0,
379.0,Jevon Carter,30.0,CHI,PG,21.0,0.0,233.0,12.3,0.58,0.753,0.108,2.3,7.2,4.8,10.5,2.4,0.0,9.3,19.4,0.1,0.2,0.3,0.061,-0.7,-0.5,-1.2,0.0,
380.0,Malaki Branham,22.0,WAS,SG,24.0,0.0,230.0,13.9,0.581,0.375,0.417,4.6,12.9,8.7,12.8,2.1,1.2,12.3,17.7,0.2,0.1,0.3,0.068,-1.4,-1.0,-2.4,0.0,
381.0,Maxi Kleber,34.0,LAL,PF,20.0,1.0,230.0,6.0,0.444,0.425,0.35,7.3,11.4,9.4,7.5,1.3,2.0,13.2,10.0,0.0,0.1,0.1,0.028,-5.0,-0.5,-5.5,-0.2,
382.0,Chris Paul,40.0,LAC,PG,16.0,0.0,228.0,8.2,0.413,0.536,0.036,3.2,11.0,7.2,31.7,2.4,0.0,22.0,14.2,-0.1,0.2,0.0,0.01,-4.0,-0.4,-4.4,-0.1,
383.0,Olivier-Maxence Prosper,23.0,MEM,PF,20.0,0.0,226.0,12.5,0.622,0.344,0.438,5.7,15.3,10.5,9.2,0.8,0.4,13.6,16.1,0.3,0.2,0.5,0.103,-1.9,-0.8,-2.7,0.0,
384.0,Christian Koloko,25.0,3TM,C,15.0,2.0,224.0,8.4,0.431,0.05,0.1,9.1,13.2,11.1,5.6,2.3,6.7,19.3,9.5,-0.2,0.4,0.2,0.042,-5.3,2.2,-3.2,-0.1,
384.0,Christian Koloko,25.0,LAL,C,2.0,0.0,6.0,-0.4,,,,0.0,19.1,9.8,0.0,0.0,0.0,,0.0,0.0,0.0,0.0,0.018,-6.6,-1.7,-8.3,0.0,
384.0,Christian Koloko,25.0,MEM,C,11.0,2.0,195.0,9.0,0.394,0.029,0.114,10.4,13.4,11.9,6.5,2.4,6.3,16.0,9.2,-0.1,0.3,0.2,0.053,-4.8,2.1,-2.6,0.0,
384.0,Christian Koloko,25.0,ATL,C,2.0,0.0,23.0,5.8,0.7,0.2,0.0,0.0,9.6,4.7,0.0,2.0,11.9,37.5,14.5,-0.1,0.0,0.0,-0.048,-9.7,3.6,-6.1,0.0,
385.0,KJ Simpson,23.0,CHO,PG,14.0,2.0,223.0,7.8,0.437,0.438,0.18,2.6,11.9,7.3,22.1,3.3,0.0,20.0,22.7,-0.5,0.2,-0.2,-0.052,-5.8,0.0,-5.8,-0.2,
386.0,Yang Hansen,20.0,POR,C,26.0,1.0,217.0,2.6,0.389,0.457,0.229,5.4,16.7,11.0,11.7,0.4,3.3,23.0,18.7,-0.6,0.2,-0.4,-0.096,-8.7,-0.2,-8.9,-0.4,
387.0,Amir Coffey,28.0,MIL,SG,26.0,0.0,212.0,6.9,0.538,0.5,0.318,2.7,7.9,5.3,4.9,0.5,0.9,7.4,11.3,0.1,0.1,0.1,0.033,-3.8,-2.1,-5.9,-0.2,
388.0,Yanic Konan NiederhÃ¤user,22.0,LAC,C,24.0,0.0,211.0,15.3,0.665,0.039,0.608,11.4,17.2,14.4,5.8,0.5,4.9,15.7,16.1,0.4,0.2,0.5,0.116,-2.9,-1.0,-3.9,-0.1,
389.0,Jae'Sean Tate,30.0,HOU,SF,26.0,0.0,208.0,11.7,0.573,0.328,0.086,10.2,10.7,10.5,9.0,1.2,1.3,10.4,13.5,0.3,0.2,0.5,0.121,-2.1,-0.5,-2.7,0.0,
390.0,Ben Saraf,19.0,BRK,SG,12.0,5.0,203.0,7.0,0.474,0.532,0.242,2.7,8.4,5.4,24.8,2.0,1.4,25.1,19.7,-0.4,0.1,-0.3,-0.06,-4.8,-1.6,-6.4,-0.2,
391.0,Dorian Finney-Smith,32.0,HOU,PF,13.0,0.0,201.0,5.0,0.452,0.795,0.068,7.2,12.2,9.7,4.3,0.7,0.9,13.4,10.9,0.0,0.2,0.2,0.036,-4.8,-0.8,-5.6,-0.2,
392.0,Garrison Mathews,29.0,IND,SG,15.0,1.0,196.0,11.5,0.628,0.885,0.442,1.0,8.5,4.6,7.1,1.5,1.3,4.6,14.0,0.3,0.1,0.5,0.111,-1.3,0.1,-1.2,0.0,
393.0,Lindy Waters III,28.0,SAS,SG,26.0,0.0,188.0,6.3,0.496,0.87,0.019,1.2,10.8,6.0,7.5,1.0,0.0,5.2,12.9,0.0,0.2,0.2,0.05,-3.5,0.0,-3.4,-0.1,
394.0,Javon Small,23.0,MEM,PG,15.0,0.0,184.0,10.0,0.512,0.552,0.293,2.9,8.5,5.8,34.9,1.0,1.0,22.5,18.9,0.0,0.1,0.1,0.035,-2.0,-1.2,-3.2,-0.1,
395.0,Zach Collins,28.0,CHI,C,10.0,0.0,184.0,18.0,0.666,0.328,0.313,9.5,22.7,16.3,11.7,0.5,1.9,12.1,19.0,0.4,0.1,0.5,0.141,1.0,-0.9,0.1,0.1,
396.0,Mohamed Diawara,20.0,NYK,SF,36.0,5.0,183.0,11.4,0.51,0.554,0.092,5.3,17.1,11.1,12.5,2.1,2.2,12.9,17.8,0.0,0.2,0.2,0.059,-2.0,0.0,-1.9,0.0,
397.0,Nigel Hayes-Davis,31.0,PHO,SF,23.0,0.0,180.0,4.5,0.376,0.349,0.047,6.7,11.4,9.0,5.0,1.9,0.5,13.8,11.9,-0.2,0.2,0.0,-0.011,-6.2,-0.9,-7.1,-0.2,
398.0,Brooks Barnhizer,23.0,OKC,SG,23.0,0.0,179.0,7.4,0.489,0.222,0.222,4.5,19.7,12.5,6.0,1.3,1.1,11.9,8.1,0.0,0.3,0.4,0.098,-3.9,1.5,-2.4,0.0,
399.0,RayJ Dennis,24.0,3TM,PG,15.0,0.0,177.0,6.8,0.416,0.534,0.123,4.6,9.5,7.0,23.8,1.1,2.0,16.3,21.9,-0.4,0.1,-0.3,-0.068,-4.1,-1.0,-5.1,-0.1,
399.0,RayJ Dennis,24.0,IND,PG,13.0,0.0,168.0,6.6,0.421,0.528,0.125,4.9,8.6,6.7,22.4,0.9,2.1,15.6,22.6,-0.3,0.1,-0.3,-0.072,-4.0,-1.4,-5.3,-0.1,
399.0,RayJ Dennis,24.0,LAC,PG,1.0,0.0,4.0,-6.0,,,,0.0,56.8,29.2,0.0,0.0,0.0,100.0,11.1,0.0,0.0,0.0,-0.28,-15.5,-0.4,-15.8,0.0,
399.0,RayJ Dennis,24.0,ATL,PG,1.0,0.0,5.0,22.0,0.0,1.0,0.0,0.0,0.0,0.0,89.3,9.4,0.0,0.0,8.4,0.0,0.0,0.0,0.243,1.3,9.2,10.5,0.0,
400.0,DaRon Holmes,23.0,DEN,PF,12.0,6.0,169.0,9.9,0.606,0.829,0.195,3.5,12.1,8.0,11.2,0.0,2.2,10.1,12.8,0.2,0.1,0.3,0.081,-0.8,-1.5,-2.3,0.0,
401.0,Taurean Prince,31.0,MIL,SF,8.0,0.0,169.0,7.7,0.623,0.737,0.079,0.0,8.6,4.3,6.3,1.7,1.2,11.3,11.6,0.1,0.1,0.2,0.052,-3.4,-0.3,-3.7,-0.1,
402.0,Rasheer Fleming,21.0,PHO,PF,24.0,0.0,167.0,9.6,0.438,0.574,0.132,10.4,9.5,10.0,3.3,1.8,3.4,5.3,19.1,-0.1,0.2,0.1,0.036,-4.3,-1.3,-5.7,-0.2,
403.0,Bronny James,21.0,LAL,SG,24.0,1.0,165.0,6.1,0.428,0.525,0.05,2.9,4.2,3.6,20.0,2.7,0.6,22.7,13.9,-0.2,0.1,-0.1,-0.022,-4.4,-0.9,-5.3,-0.1,
404.0,AJ Johnson,21.0,WAS,SG,23.0,0.0,163.0,1.3,0.306,0.306,0.065,4.5,12.3,8.4,11.3,1.5,0.0,14.7,19.2,-0.6,0.0,-0.6,-0.175,-8.8,-3.8,-12.6,-0.4,
405.0,Walker Kessler,24.0,UTA,C,5.0,5.0,154.0,20.7,0.786,0.216,0.541,16.0,22.4,19.2,13.9,2.1,5.6,25.9,16.6,0.3,0.1,0.5,0.146,1.7,1.7,3.4,0.2,
406.0,PJ Hall,23.0,2TM,C,15.0,2.0,154.0,17.7,0.653,0.114,0.455,17.1,20.6,18.9,6.7,0.3,5.3,17.2,17.4,0.3,0.2,0.4,0.136,-0.1,-0.5,-0.6,0.1,
406.0,PJ Hall,23.0,MEM,C,7.0,0.0,27.0,18.8,0.63,0.333,0.333,11.9,23.3,17.6,10.9,0.0,7.0,8.8,17.3,0.1,0.0,0.1,0.173,1.6,0.4,2.0,0.0,
406.0,PJ Hall,23.0,CHO,C,8.0,2.0,127.0,17.5,0.659,0.057,0.486,18.2,20.0,19.1,5.7,0.4,5.0,19.1,17.4,0.2,0.1,0.3,0.129,-0.5,-0.7,-1.2,0.0,
407.0,Chaz Lanier,24.0,DET,SG,16.0,0.0,153.0,10.8,0.528,0.854,0.104,4.4,6.4,5.4,10.1,1.6,0.0,2.0,13.7,0.2,0.2,0.4,0.125,-0.6,-0.3,-0.9,0.0,
408.0,Pat Connaughton,33.0,CHO,SG,21.0,0.0,147.0,15.8,0.621,0.6,0.289,3.9,17.3,10.8,12.6,1.7,0.6,5.6,15.4,0.3,0.1,0.5,0.148,1.8,0.9,2.7,0.2,
409.0,Chris Youngblood,23.0,OKC,SG,29.0,0.0,144.0,10.0,0.54,0.891,0.152,4.8,13.0,9.1,6.1,1.0,0.7,2.0,15.0,0.2,0.2,0.4,0.13,-2.5,-0.6,-3.1,0.0,
410.0,Hunter Tyson,25.0,DEN,PF,18.0,2.0,144.0,5.8,0.374,0.62,0.22,3.3,20.2,12.2,13.0,0.7,0.6,6.8,17.9,-0.2,0.1,-0.1,-0.035,-5.9,-2.0,-7.9,-0.2,
411.0,JD Davison,23.0,HOU,PG,20.0,0.0,143.0,9.2,0.454,0.538,0.231,1.6,10.1,5.9,17.7,1.7,2.6,10.4,14.0,0.1,0.2,0.2,0.072,-2.9,1.3,-1.6,0.0,
412.0,Keshad Johnson,24.0,MIA,SF,18.0,0.0,142.0,9.0,0.458,0.392,0.255,9.4,16.2,12.7,0.9,1.6,2.6,9.6,17.9,-0.1,0.2,0.1,0.018,-5.0,-1.0,-6.1,-0.1,
413.0,Taelon Peter,23.0,IND,SG,22.0,0.0,139.0,7.2,0.446,0.925,0.15,4.4,13.7,8.9,15.7,2.1,1.3,19.0,16.0,-0.2,0.1,-0.1,-0.022,-3.6,0.1,-3.5,-0.1,
414.0,Jonathan Mogbo,24.0,TOR,PF,20.0,0.0,136.0,10.1,0.514,0.0,0.185,9.7,20.8,15.2,9.5,0.7,2.9,14.6,10.7,0.1,0.2,0.2,0.082,-4.0,-0.4,-4.4,-0.1,
415.0,Joan Beringer,19.0,MIN,PF,19.0,0.0,128.0,19.5,0.717,0.0,0.105,15.7,17.8,16.8,5.7,1.1,4.8,11.2,14.7,0.4,0.2,0.5,0.203,-0.3,0.3,0.1,0.1,
416.0,Andre Jackson Jr.,24.0,MIL,SG,19.0,0.0,127.0,7.3,0.443,0.647,0.294,4.5,8.8,6.7,20.4,1.9,1.5,17.2,16.2,-0.1,0.1,0.0,0.008,-5.3,-1.0,-6.4,-0.1,
417.0,Jamal Cain,26.0,ORL,SF,18.0,0.0,126.0,7.7,0.534,0.486,0.486,6.1,5.3,5.7,5.3,1.5,0.7,11.8,17.0,0.0,0.1,0.1,0.048,-5.6,-1.5,-7.2,-0.2,
418.0,Mason Plumlee,35.0,CHO,C,14.0,2.0,125.0,13.4,0.752,0.0,1.0,9.2,26.5,18.1,16.5,2.4,0.0,34.2,8.9,0.2,0.2,0.3,0.125,-1.7,2.3,0.7,0.1,
419.0,Marcus Sasser,25.0,DET,PG,12.0,0.0,121.0,18.4,0.616,0.654,0.212,0.9,10.8,5.9,27.2,2.8,1.6,12.3,22.0,0.3,0.2,0.5,0.196,2.1,2.1,4.2,0.2,
420.0,Bradley Beal,32.0,LAC,SG,6.0,6.0,121.0,5.1,0.476,0.396,0.167,2.0,2.8,2.4,12.4,1.2,0.0,14.9,22.2,-0.2,0.0,-0.2,-0.078,-6.6,-4.0,-10.6,-0.3,
421.0,Myron Gardner,24.0,MIA,SF,17.0,0.0,117.0,17.5,0.621,0.619,0.167,9.6,16.1,12.8,11.6,2.8,1.6,4.2,16.3,0.3,0.2,0.5,0.201,0.8,2.4,3.1,0.2,
422.0,Jordan McLaughlin,29.0,SAS,PG,19.0,0.0,116.0,12.5,0.551,0.543,0.143,3.8,9.2,6.5,17.3,4.1,0.0,17.7,16.4,0.0,0.2,0.2,0.092,-2.4,2.9,0.5,0.1,
423.0,Dereck Lively II,21.0,DAL,C,7.0,4.0,115.0,15.0,0.67,0.0,0.556,13.3,20.5,17.0,14.6,1.6,8.0,30.9,11.9,0.1,0.2,0.3,0.145,-3.1,3.9,0.8,0.1,
424.0,Xavier Tillman Sr.,27.0,BOS,C,13.0,1.0,110.0,11.7,0.517,0.467,0.0,10.1,15.0,12.6,6.0,2.7,1.8,14.3,13.7,0.0,0.2,0.2,0.079,-1.7,0.8,-1.0,0.0,
425.0,A.J. Lawson,25.0,TOR,SG,11.0,0.0,106.0,12.4,0.545,0.537,0.22,7.3,16.0,11.6,3.9,1.8,2.8,8.2,19.7,0.1,0.2,0.2,0.095,-2.1,-0.4,-2.5,0.0,
426.0,Pete Nance,25.0,MIL,PF,14.0,0.0,104.0,14.9,0.707,0.621,0.0,5.5,14.0,9.8,6.9,2.3,2.8,17.1,14.9,0.1,0.1,0.2,0.097,1.5,-0.1,1.4,0.1,
427.0,Luke Travers,24.0,CLE,SG,12.0,0.0,103.0,10.2,0.35,0.444,0.25,9.3,15.9,12.6,10.8,3.2,3.6,7.0,17.2,-0.1,0.2,0.0,0.021,-4.4,1.0,-3.4,0.0,
428.0,Devin Carter,23.0,SAC,PG,12.0,0.0,101.0,9.9,0.463,0.526,0.184,5.4,10.1,7.7,17.8,2.9,1.8,16.3,20.8,-0.1,0.1,-0.1,-0.028,-3.2,-0.1,-3.4,0.0,
429.0,Blake Wesley,22.0,POR,SG,6.0,0.0,98.0,12.7,0.469,0.294,0.294,2.2,13.5,7.7,27.7,4.9,0.9,15.4,18.8,0.0,0.2,0.1,0.068,-4.4,3.9,-0.5,0.0,
430.0,Chris Boucher,33.0,BOS,PF,8.0,0.0,91.0,7.7,0.379,0.545,0.182,2.4,19.3,10.9,4.0,2.8,7.8,4.0,11.7,-0.1,0.2,0.1,0.052,-5.9,2.7,-3.2,0.0,
431.0,Alijah Martin,24.0,TOR,SG,10.0,0.0,88.0,11.8,0.48,0.423,0.462,7.5,7.7,7.6,11.7,2.8,3.3,8.8,16.6,0.0,0.1,0.2,0.09,-2.5,1.5,-1.0,0.0,
432.0,Adou Thiero,21.0,LAL,SF,15.0,0.0,87.0,8.1,0.465,0.056,0.444,9.7,14.5,12.1,7.3,2.8,1.1,15.7,12.7,0.0,0.1,0.1,0.041,-5.9,0.0,-6.0,-0.1,
433.0,Kam Jones,23.0,IND,SG,12.0,0.0,87.0,5.7,0.364,0.357,0.071,3.5,7.7,5.5,17.9,1.6,0.0,9.4,15.4,-0.1,0.1,-0.1,-0.052,-5.1,-1.3,-6.4,-0.1,
434.0,Kevin McCullar Jr.,24.0,NYK,SF,12.0,0.0,87.0,11.5,0.556,0.609,0.217,9.8,15.5,12.6,22.3,2.2,0.0,24.1,16.0,0.1,0.1,0.1,0.079,-1.6,0.4,-1.2,0.0,
435.0,Leonard Miller,22.0,MIN,SF,17.0,0.0,86.0,14.6,0.597,0.344,0.344,7.8,21.4,14.7,8.5,2.2,0.0,16.0,21.5,0.0,0.1,0.2,0.086,-4.1,-0.3,-4.4,-0.1,
436.0,Anthony Gill,33.0,WAS,PF,20.0,0.0,84.0,13.3,0.784,0.333,0.222,7.5,16.4,11.9,0.0,0.6,3.2,20.2,12.3,0.1,0.0,0.1,0.073,-1.4,-2.2,-3.6,0.0,
437.0,Khaman Maluach,19.0,PHO,C,18.0,0.0,84.0,5.5,0.489,0.25,0.4,6.5,17.6,11.9,4.7,0.6,7.9,27.7,16.2,-0.2,0.1,-0.1,-0.029,-10.1,0.3,-9.8,-0.2,
438.0,Grant Williams,27.0,CHO,PF,5.0,0.0,84.0,11.1,0.47,0.84,0.24,5.5,18.4,12.1,9.5,2.3,2.1,6.7,14.9,0.0,0.1,0.1,0.077,-2.1,1.0,-1.1,0.0,
439.0,Drew Timme,25.0,LAL,PF,10.0,0.0,83.0,17.0,0.7,0.346,0.038,5.8,12.4,9.2,17.9,1.8,0.0,10.2,15.4,0.2,0.1,0.3,0.157,1.8,-0.1,1.7,0.1,
440.0,Obi Toppin,27.0,IND,PF,3.0,0.0,82.0,11.9,0.526,0.472,0.25,3.8,23.2,13.1,9.5,1.7,0.0,13.1,23.6,-0.1,0.1,0.0,0.012,-2.4,-0.4,-2.8,0.0,
441.0,Miles Kelly,23.0,DAL,PG,9.0,0.0,77.0,8.8,0.518,0.786,0.0,5.7,10.7,8.3,8.9,1.2,0.0,9.7,16.9,0.0,0.1,0.1,0.039,-4.7,-1.6,-6.2,-0.1,
442.0,Eric Gordon,37.0,PHI,SG,6.0,0.0,74.0,14.4,0.754,0.667,0.095,1.5,1.5,1.5,5.9,2.6,1.2,12.1,14.2,0.1,0.1,0.2,0.123,2.1,0.3,2.3,0.1,
443.0,Lachlan Olbrich,22.0,CHI,C,10.0,0.0,73.0,1.4,0.202,0.444,0.222,10.5,20.0,15.4,14.2,0.0,0.0,28.8,8.0,-0.1,0.0,-0.1,-0.033,-9.0,-0.2,-9.2,-0.1,
444.0,Doug McDermott,34.0,SAC,SF,7.0,0.0,70.0,4.4,0.522,1.0,0.0,0.0,8.1,4.0,3.9,0.0,1.3,11.5,15.9,-0.1,0.0,-0.1,-0.055,-3.9,-3.3,-7.2,-0.1,
445.0,David Jones GarcÃ­a,24.0,SAS,SF,11.0,0.0,68.0,21.2,0.579,0.2,0.24,6.4,14.2,10.3,38.6,4.2,1.3,15.3,20.2,0.1,0.1,0.3,0.2,2.6,3.6,6.2,0.1,
446.0,Johnny Juzang,24.0,MIN,SG,17.0,0.0,67.0,15.1,0.533,0.625,0.125,8.4,14.6,11.5,13.1,1.4,0.0,8.2,23.1,0.1,0.1,0.1,0.088,0.1,-1.5,-1.4,0.0,
447.0,Jeff Green,39.0,HOU,PF,15.0,0.0,66.0,13.0,0.64,0.68,0.0,1.7,11.8,6.8,4.3,0.0,1.4,3.8,16.4,0.1,0.0,0.2,0.139,1.4,-1.9,-0.6,0.0,
448.0,Elijah Harkless,25.0,UTA,SG,7.0,0.0,66.0,7.5,0.568,0.636,0.818,3.2,6.8,5.0,9.4,2.9,0.0,16.7,11.2,0.0,0.0,0.0,0.033,-4.7,1.6,-3.1,0.0,
449.0,Bismack Biyombo,33.0,SAS,C,11.0,1.0,65.0,5.2,0.654,0.0,0.333,3.4,8.2,5.8,5.7,2.2,1.4,30.4,6.4,0.0,0.1,0.1,0.062,-5.4,1.7,-3.7,0.0,
450.0,Monte Morris,30.0,IND,PG,6.0,0.0,65.0,7.0,0.414,0.4,0.2,1.6,10.3,5.8,19.4,0.7,1.3,8.4,15.4,-0.1,0.0,0.0,-0.016,-4.6,-1.4,-6.0,-0.1,
451.0,Drew Peterson,26.0,CHO,PF,6.0,0.0,64.0,0.6,0.148,0.75,0.125,5.4,10.4,7.9,3.8,2.3,1.4,0.0,11.1,-0.2,0.1,-0.1,-0.093,-8.4,-1.8,-10.2,-0.1,
452.0,Javonte Cooke,26.0,POR,SG,9.0,0.0,61.0,4.4,0.327,0.577,0.0,3.5,14.4,8.9,15.7,3.9,0.0,16.1,20.6,-0.2,0.1,-0.1,-0.1,-7.5,0.9,-6.6,-0.1,
453.0,James Wiseman,24.0,IND,C,4.0,1.0,58.0,4.2,0.597,0.0,0.2,8.9,5.8,7.4,7.2,0.0,1.5,31.5,11.5,0.0,0.0,0.0,-0.02,-8.0,-0.9,-8.9,-0.1,
454.0,Pacome Dadiet,20.0,NYK,SG,18.0,0.0,57.0,8.7,0.372,0.556,0.444,1.9,19.7,10.6,16.5,1.7,0.0,0.0,7.9,0.0,0.1,0.1,0.087,-3.6,2.1,-1.4,0.0,
455.0,Antonio Reeves,25.0,CHO,SG,7.0,0.0,56.0,11.5,0.656,0.625,0.0,2.1,7.9,5.0,5.0,0.9,0.0,0.0,12.0,0.1,0.0,0.1,0.113,-0.1,0.3,0.2,0.0,
456.0,Tolu Smith,25.0,DET,PF,5.0,0.0,55.0,23.3,0.602,0.0,1.0,20.3,35.7,28.1,9.6,1.7,9.0,15.6,19.1,0.1,0.2,0.3,0.249,1.7,3.4,5.2,0.1,
457.0,Cody Martin,30.0,IND,SF,4.0,0.0,55.0,3.0,0.277,0.5,0.6,1.9,26.4,13.6,4.6,3.5,3.2,24.0,12.7,-0.2,0.1,-0.1,-0.092,-10.1,2.3,-7.8,-0.1,
458.0,Joe Ingles,38.0,MIN,SF,13.0,0.0,54.0,9.0,0.595,0.8,0.4,0.0,10.0,5.1,23.8,5.3,0.0,46.0,8.5,0.0,0.1,0.1,0.077,-4.6,4.6,0.0,0.0,
459.0,Jalen Green,23.0,PHO,SG,4.0,2.0,54.0,21.1,0.574,0.514,0.243,4.0,10.5,7.2,26.1,1.8,0.0,10.9,35.7,0.1,0.1,0.1,0.118,5.9,-0.3,5.6,0.1,
460.0,Bobi Klintman,22.0,DET,SF,6.0,0.0,53.0,4.1,0.381,0.524,0.143,10.6,22.6,16.7,10.0,1.8,0.0,18.3,21.2,-0.2,0.1,-0.1,-0.06,-8.5,-1.8,-10.3,-0.1,
461.0,Amari Williams,24.0,BOS,PF,9.0,0.0,52.0,11.5,0.74,0.0,2.333,6.4,16.9,11.7,6.8,1.0,9.7,24.8,6.7,0.1,0.1,0.2,0.139,-3.4,3.0,-0.4,0.0,
462.0,Caleb Houstan,23.0,ATL,SF,10.0,0.0,49.0,11.5,0.705,0.8,0.2,8.8,2.2,5.6,5.4,1.0,1.9,19.7,17.3,0.0,0.0,0.1,0.066,-1.1,-2.8,-3.9,0.0,
463.0,Matisse Thybulle,28.0,POR,SG,4.0,0.0,49.0,21.6,0.85,0.6,0.4,0.0,9.0,4.4,8.5,9.7,0.0,7.8,10.6,0.2,0.1,0.3,0.282,0.5,10.8,11.3,0.2,
464.0,Kyle Lowry,39.0,PHI,PG,6.0,0.0,45.0,3.5,0.375,1.0,0.0,0.0,7.5,3.7,19.4,1.1,0.0,20.0,9.4,0.0,0.0,0.0,-0.007,-6.4,-1.7,-8.2,-0.1,
465.0,Kobe Bufkin,22.0,LAL,SG,4.0,0.0,45.0,9.1,0.505,0.636,0.182,2.7,10.2,6.5,5.7,1.1,6.3,7.8,12.4,0.0,0.0,0.0,0.045,-2.9,-1.5,-4.3,0.0,
466.0,Thanasis Antetokounmpo,33.0,MIL,SF,14.0,0.0,43.0,19.6,0.612,0.071,0.643,8.0,7.8,7.9,3.5,6.8,6.8,14.3,21.6,0.0,0.1,0.1,0.141,-2.7,4.6,1.9,0.0,
467.0,Wendell Moore Jr.,24.0,DET,SG,3.0,0.0,43.0,7.7,0.5,0.167,0.0,2.6,7.6,5.1,8.5,2.2,2.3,14.3,6.7,0.0,0.1,0.1,0.078,-3.8,1.6,-2.2,0.0,
468.0,Trey Alexander,22.0,NOP,SG,5.0,0.0,42.0,13.6,0.778,0.333,0.0,0.0,10.6,5.2,16.3,1.1,2.3,10.0,9.9,0.1,0.0,0.1,0.124,0.3,0.2,0.5,0.0,
469.0,Dario Å ariÄ,31.0,SAC,C,5.0,0.0,41.0,0.7,0.363,0.5,0.333,2.7,13.8,8.2,5.9,0.0,0.0,22.5,9.3,-0.1,0.0,-0.1,-0.078,-6.9,-2.1,-9.0,-0.1,
470.0,Johni Broome,23.0,PHI,C,7.0,0.0,40.0,2.4,0.23,0.15,0.2,16.2,19.6,17.8,13.4,2.4,0.0,8.4,25.0,-0.2,0.1,-0.1,-0.17,-10.4,-5.0,-15.4,-0.1,
471.0,Moritz Wagner,28.0,ORL,C,3.0,0.0,39.0,22.0,0.738,0.412,0.353,0.0,20.0,9.9,12.8,2.5,0.0,13.3,24.4,0.1,0.1,0.2,0.197,2.3,1.3,3.6,0.1,
472.0,Trey Jemison,26.0,NYK,C,6.0,0.0,38.0,9.5,1.017,0.0,0.333,14.0,14.7,14.4,3.3,0.0,5.3,46.6,7.1,0.0,0.0,0.1,0.082,-5.7,-0.8,-6.5,0.0,
473.0,E.J. Liddell,25.0,BRK,PF,8.0,0.0,35.0,10.7,0.526,0.667,0.25,9.5,20.9,14.9,0.0,0.0,0.0,0.0,16.6,0.0,0.0,0.0,0.065,-2.2,-4.6,-6.8,0.0,
474.0,Ron Harper Jr.,25.0,BOS,SF,7.0,0.0,35.0,12.4,0.406,0.75,0.0,9.6,9.4,9.5,15.3,1.4,8.7,5.9,21.0,0.0,0.0,0.0,0.051,-1.2,0.1,-1.1,0.0,
475.0,Tyson Etienne,26.0,BRK,PG,8.0,0.0,34.0,-1.2,0.4,0.867,0.0,0.0,0.0,0.0,4.4,0.0,0.0,6.3,20.5,-0.1,0.0,-0.1,-0.137,-8.8,-5.6,-14.5,-0.1,
476.0,Mac McClung,27.0,IND,SG,3.0,0.0,34.0,13.1,0.481,0.556,0.222,0.0,13.1,6.3,4.8,7.0,2.6,9.2,27.0,-0.1,0.1,0.0,0.002,-5.7,6.2,0.5,0.0,
477.0,Garrett Temple,39.0,TOR,SG,12.0,0.0,33.0,2.7,0.254,0.714,0.286,0.0,13.7,6.8,14.3,4.4,3.0,27.6,14.0,-0.1,0.1,-0.1,-0.092,-8.7,2.3,-6.4,0.0,
478.0,Emanuel Miller,25.0,CHI,PF,5.0,0.0,33.0,15.2,0.54,0.462,0.154,3.3,6.3,4.9,17.0,2.9,0.0,0.0,17.7,0.1,0.0,0.1,0.115,1.7,0.9,2.6,0.0,
479.0,Jahmyl Telfort,24.0,LAC,PF,8.0,0.0,32.0,-5.4,0.087,1.0,1.0,0.0,10.6,5.5,3.8,1.6,0.0,14.8,9.4,-0.1,0.0,-0.1,-0.171,-12.2,-1.9,-14.0,-0.1,
480.0,Seth Curry,35.0,GSW,SG,2.0,0.0,32.0,18.7,0.778,0.444,0.0,3.4,10.4,6.9,14.0,3.0,0.0,0.0,11.9,0.1,0.0,0.2,0.225,1.6,3.8,5.3,0.1,
481.0,Curtis Jones,24.0,DEN,SG,6.0,0.0,31.0,1.4,0.321,0.643,0.0,3.8,13.9,9.1,12.7,0.0,0.0,6.7,21.2,-0.1,0.0,-0.1,-0.14,-9.7,-5.9,-15.6,-0.1,
482.0,Charles Bassey,25.0,MEM,C,2.0,0.0,31.0,12.6,0.376,0.0,0.375,24.2,27.0,25.6,8.4,1.5,3.0,9.7,13.7,0.0,0.1,0.1,0.088,-3.0,-1.0,-4.0,0.0,
483.0,Hunter Sallis,22.0,PHI,SG,7.0,0.0,26.0,2.0,0.595,0.0,0.4,0.0,4.3,2.1,21.0,0.0,3.5,46.0,17.6,-0.1,0.0,-0.1,-0.141,-7.7,-3.0,-10.7,-0.1,
484.0,Mark Sears,23.0,MIL,PG,7.0,0.0,26.0,15.1,0.666,0.615,0.615,4.4,4.3,4.3,12.4,0.0,0.0,19.5,34.9,0.0,0.0,0.0,0.022,2.3,-4.5,-2.3,0.0,
485.0,Jahmai Mashack,23.0,MEM,SG,7.0,0.0,25.0,0.6,0.375,0.75,0.0,0.0,20.9,10.6,10.2,1.9,0.0,27.3,18.1,-0.1,0.0,-0.1,-0.142,-9.4,-0.9,-10.3,-0.1,
486.0,Orlando Robinson,25.0,ORL,C,4.0,1.0,25.0,14.7,0.7,0.4,0.0,8.7,8.9,8.8,16.3,1.9,0.0,0.0,8.4,0.1,0.0,0.1,0.193,0.5,0.5,1.0,0.0,
487.0,Jahmir Young,25.0,MIA,PG,5.0,0.0,24.0,6.4,0.455,0.455,0.0,0.0,8.7,4.3,22.6,1.9,0.0,15.4,22.0,0.0,0.0,0.0,-0.043,-6.5,-1.0,-7.6,0.0,
488.0,DeAndre Jordan,37.0,NOP,C,2.0,1.0,23.0,18.3,0.765,0.0,0.4,18.5,29.1,23.7,0.0,0.0,0.0,14.5,12.4,0.1,0.0,0.1,0.139,1.9,-2.8,-0.8,0.0,
489.0,TyTy Washington Jr.,24.0,LAC,PG,2.0,0.0,22.0,29.9,0.778,0.444,0.0,0.0,5.2,2.7,25.2,4.5,4.3,0.0,18.2,0.1,0.0,0.1,0.304,9.0,4.5,13.6,0.1,
490.0,Brandon Clarke,29.0,MEM,PF,2.0,2.0,20.0,12.3,0.372,0.0,0.444,21.4,10.5,15.9,7.0,4.7,0.0,0.0,22.2,0.0,0.0,0.0,0.064,-4.7,0.3,-4.4,0.0,
491.0,Isaac Jones,25.0,2TM,PF,4.0,1.0,18.0,7.2,0.512,0.5,0.5,12.2,0.0,6.2,7.0,0.0,0.0,0.0,11.4,0.0,0.0,0.0,0.073,-6.2,-2.2,-8.5,0.0,
491.0,Isaac Jones,25.0,SAC,PF,3.0,1.0,17.0,5.7,0.521,0.5,1.0,12.9,0.0,6.6,7.4,0.0,0.0,0.0,7.2,0.0,0.0,0.0,0.064,-6.5,-1.8,-8.2,0.0,
491.0,Isaac Jones,25.0,DET,PF,1.0,0.0,1.0,34.1,0.5,0.5,0.0,0.0,0.0,0.0,0.0,0.0,0.0,0.0,82.2,0.0,0.0,0.0,0.221,-2.5,-9.8,-12.3,0.0,
492.0,Jacob Toppin,25.0,ATL,SF,5.0,0.0,17.0,15.0,0.667,0.0,0.0,0.0,6.5,3.2,8.9,0.0,5.4,0.0,14.8,0.0,0.0,0.0,0.113,-0.3,0.2,0.0,0.0,
493.0,Chris Livingston,22.0,CLE,SF,3.0,0.0,17.0,15.3,0.605,0.429,0.143,0.0,19.3,9.5,8.9,2.8,0.0,0.0,18.1,0.0,0.0,0.1,0.161,-4.8,2.0,-2.8,0.0,
494.0,N'Faly Dante,24.0,ATL,C,4.0,0.0,15.0,12.4,0.338,0.0,0.25,21.6,29.4,25.4,0.0,6.3,0.0,18.4,15.2,0.0,0.0,0.0,0.039,-3.9,-1.1,-5.0,0.0,
495.0,Oscar Tshiebwe,26.0,UTA,C,1.0,0.0,15.0,7.3,0.225,0.0,0.25,14.3,29.7,21.9,8.3,3.1,0.0,0.0,12.2,0.0,0.0,0.0,-0.028,-4.1,-1.7,-5.7,0.0,
496.0,Chris MaÃ±on,24.0,LAL,SG,4.0,0.0,14.0,7.3,0.0,1.0,0.0,8.6,16.3,12.6,0.0,3.5,13.5,0.0,3.1,0.0,0.0,0.0,0.067,-5.6,5.1,-0.5,0.0,
497.0,Daeqwon Plowden,27.0,SAC,SG,1.0,0.0,14.0,-0.1,0.2,0.6,0.0,15.7,0.0,8.0,0.0,0.0,0.0,0.0,15.3,0.0,0.0,-0.1,-0.174,-7.0,-5.9,-12.9,0.0,
498.0,Chucky Hepburn,22.0,TOR,PG,2.0,0.0,13.0,-13.6,0.0,0.833,0.0,0.0,8.7,4.3,17.5,3.8,0.0,14.3,22.9,-0.1,0.0,-0.1,-0.437,-21.0,-3.1,-24.2,-0.1,
499.0,Harrison Ingram,23.0,SAS,SF,3.0,0.0,11.0,20.5,0.833,0.333,0.0,29.7,0.0,14.7,0.0,0.0,0.0,0.0,11.5,0.1,0.0,0.1,0.279,7.6,-2.5,5.1,0.0,
500.0,Sharife Cooper,24.0,WAS,PG,4.0,0.0,10.0,-9.8,0.0,1.0,0.0,0.0,0.0,0.0,0.0,0.0,0.0,50.0,8.4,0.0,0.0,-0.1,-0.267,-14.1,-5.5,-19.5,0.0,
501.0,Tosan Evbuomwan,24.0,NYK,SF,5.0,0.0,8.0,-0.3,0.0,0.0,0.0,13.3,14.0,13.7,0.0,0.0,0.0,0.0,5.2,0.0,0.0,0.0,-0.038,-8.4,-3.3,-11.7,0.0,
502.0,Riley Minix,25.0,SAS,SF,3.0,0.0,8.0,45.4,0.75,0.5,0.0,13.6,13.4,13.5,33.2,6.0,0.0,0.0,31.6,0.1,0.0,0.1,0.422,18.0,7.3,25.2,0.1,
503.0,Koby Brea,23.0,PHO,SG,2.0,0.0,8.0,18.4,0.515,0.667,0.667,0.0,14.2,7.0,33.9,0.0,0.0,0.0,20.4,0.0,0.0,0.0,0.203,-0.5,-2.3,-2.9,0.0,
504.0,Colby Jones,23.0,DET,SG,1.0,0.0,7.0,13.0,0.333,0.667,0.0,0.0,62.3,31.5,38.4,0.0,0.0,0.0,17.6,0.0,0.0,0.0,0.126,-3.3,5.5,2.2,0.0,
505.0,Mo Bamba,27.0,TOR,C,2.0,0.0,6.0,-2.8,0.0,0.0,0.0,18.4,18.9,18.6,0.0,0.0,16.3,0.0,14.2,0.0,0.0,0.0,-0.158,-19.0,-2.7,-21.7,0.0,
506.0,Noa Essengue,19.0,CHI,PF,2.0,0.0,6.0,-12.1,0.0,0.667,0.0,0.0,0.0,0.0,0.0,7.9,0.0,0.0,21.1,-0.1,0.0,-0.1,-0.417,-20.6,-3.2,-23.8,0.0,
507.0,Trentyn Flowers,20.0,CHI,SF,2.0,0.0,6.0,16.8,0.667,0.333,0.0,18.2,0.0,8.9,29.7,0.0,0.0,25.0,28.1,0.0,0.0,0.0,0.026,1.9,-2.8,-1.0,0.0,
508.0,Isaiah Crawford,24.0,HOU,SF,2.0,0.0,5.0,-7.4,0.0,1.0,0.0,0.0,0.0,0.0,0.0,0.0,0.0,0.0,8.3,0.0,0.0,0.0,-0.166,-10.7,-6.3,-17.0,0.0,
509.0,LJ Cryer,24.0,GSW,PG,2.0,0.0,5.0,5.0,0.5,0.667,0.0,0.0,0.0,0.0,0.0,0.0,0.0,0.0,25.3,0.0,0.0,0.0,-0.033,-7.2,-5.7,-12.9,0.0,
510.0,Malevy Leons,26.0,GSW,SF,2.0,0.0,5.0,-7.6,0.0,0.0,0.0,21.9,44.5,33.1,0.0,0.0,0.0,50.0,16.9,0.0,0.0,0.0,-0.297,-17.5,-6.2,-23.7,0.0,
511.0,Patrick Baldwin Jr.,23.0,LAC,SF,1.0,0.0,5.0,5.6,0.532,1.0,2.0,0.0,0.0,0.0,0.0,0.0,0.0,0.0,16.7,0.0,0.0,0.0,0.063,-8.0,-4.9,-12.9,0.0,
512.0,Hunter Dickinson,25.0,NOP,C,1.0,0.0,5.0,-11.0,0.5,0.0,0.0,0.0,0.0,0.0,0.0,0.0,19.3,50.0,33.2,-0.1,0.0,-0.1,-0.523,-26.7,0.7,-26.0,0.0,
513.0,Vladislav Goldin,24.0,MIA,C,1.0,0.0,1.0,27.5,,,,0.0,0.0,0.0,100.0,0.0,0.0,,0.0,0.0,0.0,0.0,0.392,17.6,26.4,44.0,0.0,
,League Average,,,,,,,,0.581,0.415,0.268,5.2,14.8,10.0,16.2,1.7,1.9,12.2,19.9,,,,,,,,,
