Rk,Player,Age,Team,Pos,G,GS,MP,FG,FGA,FG%,3P,3PA,3P%,2P,2PA,2P%,eFG%,FT,FTA,FT%,ORB,DRB,TRB,AST,STL,BLK,TOV,PF,PTS,Awards
1.0,Luka DonÄiÄ,26.0,LAL,PG,35.0,35.0,36.4,10.5,22.6,0.465,3.4,10.3,0.333,7.1,12.3,0.575,0.541,9.0,11.4,0.785,0.9,6.9,7.8,8.7,1.6,0.5,4.3,2.7,33.4,
2.0,Shai Gilgeous-Alexander,27.0,OKC,PG,44.0,44.0,33.4,11.1,19.9,0.557,1.9,4.8,0.396,9.2,15.1,0.608,0.605,8.3,9.2,0.894,0.5,3.9,4.4,6.2,1.3,0.8,2.0,2.0,32.3,
3.0,Tyrese Maxey,25.0,PHI,PG,41.0,41.0,39.5,10.6,22.5,0.471,3.5,9.0,0.391,7.1,13.5,0.524,0.549,5.4,6.1,0.88,0.3,4.0,4.3,6.8,2.1,1.0,2.5,2.1,30.1,
4.0,Jaylen Brown,29.0,BOS,SF,41.0,41.0,34.4,10.9,22.5,0.483,2.2,6.0,0.366,8.7,16.5,0.526,0.532,5.8,7.5,0.781,1.3,5.4,6.7,4.9,1.0,0.4,3.7,3.0,29.7,
5.0,Anthony Edwards,24.0,MIN,SG,36.0,36.0,35.2,10.2,20.7,0.495,3.5,8.6,0.406,6.8,12.1,0.557,0.579,5.7,7.2,0.795,0.6,4.4,5.1,3.7,1.3,0.8,2.6,2.0,29.6,
6.0,Nikola JokiÄ,30.0,DEN,C,32.0,32.0,34.6,10.6,17.5,0.605,2.1,4.8,0.435,8.5,12.7,0.67,0.665,6.3,7.4,0.853,3.0,9.1,12.2,11.0,1.4,0.8,3.5,2.8,29.6,
7.0,Donovan Mitchell,29.0,CLE,SG,42.0,42.0,34.1,10.0,20.8,0.482,3.8,10.0,0.383,6.2,10.8,0.573,0.573,5.1,6.1,0.84,0.8,4.0,4.8,5.7,1.5,0.2,3.1,2.4,29.0,
8.0,Kawhi Leonard,34.0,LAC,SF,31.0,31.0,33.5,9.7,19.5,0.497,2.9,7.3,0.4,6.8,12.3,0.554,0.571,5.8,6.1,0.942,0.9,5.3,6.2,3.5,2.2,0.6,2.1,1.4,28.1,
9.0,Giannis Antetokounmpo,31.0,MIL,PF,30.0,30.0,29.2,10.5,16.2,0.645,0.5,1.3,0.395,10.0,15.0,0.666,0.66,6.5,9.9,0.658,2.8,7.2,10.0,5.6,0.9,0.7,3.3,2.6,28.0,
10.0,Jalen Brunson,29.0,NYK,PG,39.0,38.0,34.4,10.0,20.9,0.478,2.9,7.6,0.379,7.1,13.2,0.535,0.547,5.0,5.9,0.852,0.5,2.7,3.2,6.1,0.7,0.1,2.3,2.4,27.9,
11.0,Lauri Markkanen,28.0,UTA,PF,33.0,33.0,36.0,9.5,19.7,0.483,2.9,8.0,0.365,6.6,11.7,0.563,0.557,6.0,6.8,0.884,2.0,5.2,7.2,2.2,1.0,0.5,1.6,2.0,27.9,
12.0,Stephen Curry,37.0,GSW,PG,36.0,36.0,31.7,9.1,19.3,0.47,4.6,11.6,0.392,4.5,7.7,0.586,0.588,4.6,5.0,0.928,0.4,3.3,3.7,4.9,1.1,0.4,2.8,2.0,27.4,
13.0,Austin Reaves,27.0,LAL,SG,23.0,22.0,35.3,8.2,16.2,0.507,2.7,7.4,0.365,5.5,8.8,0.626,0.59,7.5,8.6,0.873,0.7,4.5,5.2,6.3,1.0,0.2,3.3,2.3,26.6,
14.0,Kevin Durant,37.0,HOU,SF,41.0,41.0,36.9,9.2,17.9,0.516,2.3,5.7,0.406,6.9,12.2,0.567,0.58,5.5,6.2,0.885,0.4,5.0,5.5,4.6,0.7,1.0,3.1,2.1,26.3,
15.0,Deni Avdija,25.0,POR,SF,42.0,42.0,34.9,7.9,16.8,0.471,2.3,6.4,0.356,5.6,10.4,0.542,0.539,7.9,9.8,0.807,1.0,6.0,7.1,6.9,0.8,0.6,3.9,2.7,26.0,
16.0,Jamal Murray,28.0,DEN,PG,41.0,41.0,35.4,9.3,18.9,0.49,3.4,7.5,0.448,5.9,11.4,0.518,0.579,4.0,4.5,0.892,0.4,3.9,4.3,7.3,1.0,0.3,2.4,1.6,26.0,
17.0,James Harden,36.0,LAC,PG,41.0,41.0,35.7,7.5,17.9,0.419,3.0,8.9,0.342,4.4,8.9,0.497,0.505,7.8,8.7,0.899,0.6,4.2,4.8,8.1,1.3,0.3,3.7,1.9,25.8,
18.0,Devin Booker,29.0,PHO,SG,41.0,41.0,34.0,8.4,18.4,0.456,1.7,5.5,0.313,6.7,12.9,0.517,0.503,7.0,8.0,0.864,0.8,3.2,4.0,6.2,0.9,0.3,3.3,2.6,25.4,
19.0,Michael Porter Jr.,27.0,BRK,SF,35.0,34.0,33.2,9.0,18.7,0.481,3.8,9.6,0.394,5.2,9.1,0.572,0.582,3.7,4.3,0.849,1.3,6.1,7.4,3.2,1.0,0.2,2.5,2.1,25.4,
20.0,Cade Cunningham,24.0,DET,PG,37.0,37.0,35.5,8.8,19.4,0.451,1.9,5.9,0.321,6.9,13.5,0.508,0.5,5.9,7.2,0.823,1.0,4.8,5.8,9.7,1.5,0.8,3.9,3.3,25.3,
21.0,Joel Embiid,31.0,PHI,C,24.0,24.0,30.3,8.3,17.2,0.479,1.0,4.0,0.263,7.2,13.3,0.544,0.51,7.0,8.1,0.862,2.1,5.2,7.3,3.6,0.6,1.1,3.0,2.0,24.5,
22.0,Victor Wembanyama,22.0,SAS,C,31.0,22.0,28.8,8.5,16.6,0.51,1.9,4.8,0.389,6.6,11.8,0.559,0.566,5.7,6.7,0.846,2.0,8.9,10.9,2.9,0.8,2.6,2.7,2.8,24.5,
23.0,Keyonte George,22.0,UTA,PG,44.0,44.0,34.4,7.6,16.6,0.459,2.6,6.9,0.383,5.0,9.8,0.513,0.538,6.5,7.1,0.904,0.5,3.5,4.0,6.7,1.1,0.3,3.4,2.3,24.4,
24.0,Pascal Siakam,31.0,IND,PF,44.0,44.0,33.9,8.9,18.5,0.483,1.9,4.8,0.385,7.1,13.7,0.517,0.533,4.0,6.0,0.677,1.6,5.3,6.9,4.0,1.1,0.4,2.2,2.6,23.8,
25.0,Norman Powell,32.0,MIA,SG,39.0,39.0,30.9,7.9,16.3,0.484,3.0,7.3,0.406,4.9,9.0,0.549,0.575,4.7,5.6,0.845,0.3,3.3,3.6,2.6,1.2,0.2,1.9,2.2,23.5,
26.0,Jalen Johnson,24.0,ATL,SF,43.0,43.0,35.6,8.6,16.9,0.512,1.6,4.6,0.357,7.0,12.3,0.569,0.56,4.3,5.5,0.78,1.5,9.0,10.5,8.0,1.2,0.5,3.5,2.0,23.2,
27.0,Julius Randle,31.0,MIN,PF,45.0,45.0,33.6,7.8,15.8,0.494,1.6,4.7,0.34,6.2,11.1,0.559,0.544,5.4,6.6,0.811,1.7,5.3,7.0,5.4,1.1,0.2,2.6,2.8,22.6,
28.0,LeBron James,41.0,LAL,SF,26.0,26.0,33.3,8.3,16.3,0.508,1.6,4.8,0.331,6.7,11.6,0.581,0.556,4.3,5.8,0.742,0.7,5.3,6.0,6.9,1.1,0.7,2.9,1.4,22.5,
29.0,Trey Murphy III,25.0,NOP,SF,43.0,43.0,35.7,7.8,15.8,0.494,3.1,8.1,0.381,4.7,7.7,0.614,0.592,3.6,4.0,0.906,1.1,4.9,6.0,3.6,1.6,0.3,1.9,2.1,22.3,
30.0,Franz Wagner,24.0,ORL,SF,26.0,26.0,32.8,7.6,15.8,0.482,1.5,4.1,0.368,6.1,11.7,0.521,0.529,5.5,6.6,0.826,1.6,4.5,6.1,3.6,1.1,0.3,1.8,2.3,22.2,
31.0,Zion Williamson,25.0,NOP,PF,31.0,24.0,28.9,8.2,14.1,0.58,0.0,0.1,0.0,8.2,14.0,0.584,0.58,5.6,8.1,0.694,2.2,3.7,5.9,3.4,1.2,0.6,2.3,2.3,22.0,
32.0,Tyler Herro,26.0,MIA,SG,11.0,10.0,31.7,8.2,16.5,0.497,2.2,6.1,0.358,6.0,10.4,0.579,0.564,3.4,3.7,0.902,0.5,4.2,4.7,2.7,1.0,0.5,1.5,2.0,21.9,
33.0,Shaedon Sharpe,22.0,POR,SG,42.0,36.0,30.1,8.2,18.1,0.455,2.1,6.1,0.339,6.2,12.0,0.515,0.513,3.3,4.3,0.777,1.1,3.5,4.6,2.7,1.5,0.1,3.1,2.0,21.9,
34.0,Brandon Ingram,28.0,TOR,SF,45.0,45.0,34.0,8.1,17.1,0.471,1.8,5.0,0.362,6.3,12.2,0.516,0.523,3.8,4.6,0.834,0.8,5.1,6.0,3.8,0.8,0.8,2.7,1.9,21.7,
35.0,Alperen ÅengÃ¼n,23.0,HOU,C,36.0,36.0,34.2,8.2,16.2,0.508,0.6,2.1,0.299,7.6,14.1,0.54,0.527,4.1,6.0,0.693,2.8,6.2,9.0,6.4,1.5,1.0,3.3,3.2,21.2,
36.0,Paolo Banchero,23.0,ORL,PF,33.0,33.0,33.8,7.1,15.6,0.453,1.0,3.7,0.276,6.1,11.9,0.509,0.486,5.8,7.6,0.76,1.1,7.7,8.7,5.0,0.7,0.7,2.9,2.1,21.0,
37.0,Karl-Anthony Towns,30.0,NYK,C,41.0,40.0,32.0,6.8,14.5,0.469,1.7,4.7,0.363,5.1,9.8,0.52,0.528,5.5,6.4,0.86,3.0,8.6,11.5,3.0,0.9,0.7,2.6,3.6,20.8,
38.0,De'Aaron Fox,28.0,SAS,PG,36.0,36.0,32.5,7.5,15.7,0.479,2.1,6.0,0.355,5.4,9.7,0.556,0.547,3.3,4.1,0.797,0.7,3.5,4.2,5.9,1.3,0.3,2.4,2.3,20.5,
39.0,Anthony Davis,32.0,DAL,PF,20.0,20.0,31.3,8.5,16.7,0.506,0.5,1.9,0.27,8.0,14.9,0.535,0.521,3.0,4.1,0.728,3.1,8.0,11.1,2.8,1.1,1.7,2.1,2.1,20.4,
40.0,Nickeil Alexander-Walker,27.0,ATL,SG,45.0,38.0,32.9,6.9,15.7,0.442,3.1,8.1,0.379,3.9,7.6,0.509,0.54,3.4,3.8,0.873,0.6,2.9,3.5,3.5,1.1,0.6,2.0,2.1,20.3,
41.0,Dillon Brooks,30.0,PHO,SF,39.0,39.0,30.8,7.4,17.0,0.435,2.4,7.1,0.344,4.9,9.9,0.5,0.507,3.0,3.5,0.855,0.7,2.8,3.5,1.7,1.1,0.1,1.9,3.4,20.2,
42.0,Jimmy Butler,36.0,GSW,SF,38.0,38.0,31.1,6.3,12.2,0.519,0.8,2.2,0.376,5.5,9.9,0.552,0.554,6.5,7.6,0.864,2.3,3.2,5.6,4.9,1.4,0.2,1.6,1.2,20.0,
43.0,Brandon Miller,23.0,CHO,SF,28.0,28.0,30.0,7.0,16.8,0.42,2.9,8.0,0.356,4.2,8.7,0.48,0.505,3.1,3.6,0.843,1.0,3.2,4.2,3.4,1.0,1.0,2.6,2.9,20.0,
44.0,Scottie Barnes,24.0,TOR,PF,46.0,46.0,34.6,7.7,15.3,0.501,1.0,3.2,0.315,6.7,12.2,0.55,0.534,3.3,4.0,0.826,2.2,6.1,8.2,5.5,1.3,1.4,2.7,2.8,19.7,
45.0,Zach LaVine,30.0,SAC,SG,34.0,33.0,32.2,6.9,14.1,0.486,2.7,6.7,0.399,4.2,7.4,0.565,0.581,3.0,3.5,0.866,0.2,2.6,2.8,2.3,0.7,0.3,2.0,2.1,19.5,
46.0,Ja Morant,26.0,MEM,PG,20.0,20.0,28.5,6.6,16.1,0.41,1.0,4.3,0.235,5.6,11.9,0.473,0.441,5.3,5.9,0.897,0.4,2.9,3.3,8.1,1.0,0.3,3.6,2.0,19.5,
47.0,LaMelo Ball,24.0,CHO,PG,35.0,32.0,27.3,6.8,16.7,0.407,3.3,9.2,0.362,3.4,7.4,0.462,0.507,2.4,2.7,0.884,0.9,4.1,5.1,7.5,1.2,0.3,3.1,2.7,19.3,
48.0,Josh Giddey,23.0,CHI,PG,31.0,30.0,32.6,6.7,14.3,0.468,1.8,4.8,0.378,4.9,9.5,0.514,0.532,4.1,5.4,0.762,1.1,7.7,8.8,8.9,1.0,0.4,3.5,1.7,19.3,
49.0,Trae Young,27.0,ATL,PG,10.0,10.0,28.0,5.6,13.5,0.415,1.8,5.9,0.305,3.8,7.6,0.5,0.481,6.3,7.3,0.863,0.0,1.5,1.5,8.9,1.0,0.1,2.6,2.0,19.3,
50.0,RJ Barrett,25.0,TOR,SF,24.0,24.0,30.0,7.2,14.5,0.494,1.8,5.4,0.341,5.3,9.1,0.584,0.557,3.0,4.5,0.682,0.8,4.3,5.1,3.6,0.8,0.2,1.6,2.4,19.2,
51.0,Jerami Grant,31.0,POR,PF,30.0,14.0,29.4,5.7,13.3,0.432,2.3,6.2,0.378,3.4,7.1,0.479,0.52,5.4,6.4,0.853,1.0,2.7,3.7,2.5,0.7,0.7,2.2,2.8,19.2,
52.0,Kon Knueppel,20.0,CHO,SF,44.0,43.0,32.2,6.6,13.7,0.482,3.3,7.8,0.423,3.3,5.8,0.56,0.603,2.5,2.7,0.9,1.2,4.3,5.5,3.5,0.7,0.2,2.2,2.3,19.0,
53.0,Desmond Bane,27.0,ORL,SG,43.0,43.0,33.8,6.9,15.2,0.452,1.7,4.9,0.34,5.2,10.3,0.506,0.507,3.5,3.7,0.931,1.3,3.2,4.5,4.5,0.8,0.5,2.2,3.0,18.9,
54.0,DeMar DeRozan,36.0,SAC,PF,46.0,46.0,33.5,6.7,13.3,0.506,0.7,2.1,0.354,6.0,11.2,0.534,0.534,4.7,5.4,0.874,0.5,2.8,3.3,3.9,1.4,0.2,1.1,2.1,18.9,
55.0,Jaren Jackson Jr.,26.0,MEM,C,41.0,41.0,30.5,7.0,14.6,0.479,1.7,4.6,0.363,5.3,9.9,0.533,0.537,3.3,4.2,0.779,0.9,4.8,5.7,1.9,0.9,1.5,2.3,3.8,18.9,
56.0,Cooper Flagg,19.0,DAL,SF,42.0,42.0,33.8,7.2,15.1,0.477,1.0,3.5,0.283,6.2,11.6,0.535,0.509,3.5,4.4,0.798,1.1,5.2,6.4,4.1,1.3,0.8,2.3,2.3,18.8,
57.0,Miles Bridges,27.0,CHO,PF,44.0,44.0,32.8,6.6,15.0,0.443,2.2,6.7,0.332,4.4,8.3,0.533,0.517,3.2,3.8,0.839,1.0,5.3,6.3,3.5,0.5,0.5,1.4,1.8,18.7,
58.0,Coby White,25.0,CHI,SG,23.0,20.0,28.6,6.1,13.4,0.455,2.5,7.0,0.352,3.6,6.3,0.568,0.547,4.0,5.1,0.788,0.3,3.3,3.6,4.6,0.7,0.1,3.0,2.3,18.7,
59.0,CJ McCollum,34.0,2TM,PG,42.0,36.0,30.2,6.8,15.1,0.45,2.5,6.7,0.376,4.3,8.4,0.51,0.534,2.4,3.1,0.771,0.6,2.7,3.4,3.6,0.7,0.3,1.6,2.0,18.5,
59.0,CJ McCollum,34.0,WAS,SG,35.0,35.0,30.9,6.9,15.1,0.454,2.7,7.0,0.393,4.1,8.1,0.505,0.544,2.3,2.9,0.804,0.7,2.9,3.5,3.6,0.7,0.3,1.7,2.1,18.8,
59.0,CJ McCollum,34.0,ATL,PG,7.0,1.0,26.7,6.6,15.1,0.434,1.4,5.4,0.263,5.1,9.7,0.529,0.481,2.7,4.1,0.655,0.6,2.0,2.6,3.4,0.7,0.7,1.6,1.6,17.3,
60.0,Amen Thompson,23.0,HOU,PG,43.0,43.0,37.3,7.1,13.8,0.513,0.4,1.9,0.195,6.7,11.9,0.564,0.527,3.8,4.8,0.797,2.8,4.9,7.7,5.2,1.4,0.6,2.5,2.3,18.4,
61.0,Darius Garland,26.0,CLE,PG,26.0,26.0,30.5,6.5,14.5,0.451,2.3,6.3,0.36,4.3,8.2,0.521,0.529,2.6,3.0,0.861,0.5,2.0,2.4,6.9,0.8,0.1,2.8,1.8,18.0,
62.0,Chet Holmgren,23.0,OKC,PF,40.0,40.0,29.2,6.8,11.8,0.572,1.4,3.7,0.384,5.4,8.2,0.656,0.631,3.1,4.0,0.77,1.8,6.8,8.6,1.6,0.6,2.0,1.7,2.7,18.0,
63.0,Evan Mobley,24.0,CLE,PF,40.0,38.0,33.3,7.0,13.5,0.517,1.2,3.7,0.309,5.8,9.7,0.596,0.559,2.9,4.6,0.636,2.3,6.5,8.8,4.1,1.0,2.0,2.1,2.5,18.0,
64.0,Jalen Duren,22.0,DET,C,36.0,36.0,28.3,7.0,11.2,0.627,0.0,0.0,,7.0,11.2,0.627,0.627,3.8,5.3,0.723,3.9,6.8,10.8,1.8,0.9,0.9,2.1,3.1,17.8,
65.0,Bennedict Mathurin,23.0,IND,SF,24.0,24.0,32.2,5.6,13.2,0.423,2.2,6.0,0.366,3.4,7.2,0.471,0.506,4.4,5.0,0.876,0.8,4.7,5.5,2.2,0.7,0.2,2.4,2.9,17.8,
66.0,Aaron Gordon,30.0,DEN,PF,23.0,20.0,27.9,6.0,11.9,0.509,1.8,4.6,0.4,4.2,7.3,0.577,0.586,3.7,4.7,0.789,1.3,4.9,6.2,2.5,0.7,0.2,1.0,1.7,17.7,
67.0,Andrew Nembhard,26.0,IND,PG,36.0,36.0,32.0,6.2,13.8,0.451,1.9,5.1,0.364,4.3,8.6,0.502,0.518,3.4,4.2,0.815,0.4,2.3,2.8,7.3,0.9,0.1,2.4,2.2,17.7,
68.0,Bam Adebayo,28.0,MIA,C,37.0,37.0,30.9,6.4,14.2,0.45,1.5,4.3,0.35,4.9,9.9,0.493,0.503,3.3,4.2,0.776,1.9,7.7,9.6,2.8,1.0,0.8,1.8,1.7,17.6,
69.0,Derrick White,31.0,BOS,SG,42.0,42.0,34.1,6.0,15.5,0.391,2.9,9.1,0.323,3.1,6.4,0.489,0.486,2.6,2.9,0.886,1.0,3.6,4.6,5.4,1.3,1.5,1.8,1.7,17.6,
70.0,Alex Sarr,20.0,WAS,C,34.0,34.0,28.1,6.9,13.7,0.502,0.9,2.7,0.344,5.9,11.0,0.542,0.536,2.5,3.5,0.706,2.1,5.3,7.4,2.8,0.8,2.1,1.7,2.0,17.2,
71.0,Kristaps PorziÅÄ£is,30.0,ATL,C,17.0,12.0,24.3,5.6,12.4,0.457,1.8,5.1,0.36,3.8,7.3,0.524,0.531,4.0,4.8,0.84,1.2,3.9,5.1,2.7,0.5,1.3,0.9,3.2,17.1,
72.0,Immanuel Quickley,26.0,TOR,PG,44.0,44.0,32.6,5.9,13.4,0.439,2.5,7.0,0.36,3.4,6.4,0.525,0.533,2.7,3.3,0.814,0.5,3.7,4.3,6.3,1.2,0.1,1.7,2.0,17.0,
73.0,Stephon Castle,21.0,SAS,PG,36.0,36.0,31.0,5.6,12.5,0.451,1.1,3.9,0.282,4.5,8.6,0.529,0.496,4.5,6.3,0.721,1.2,3.9,5.0,7.1,1.3,0.3,3.5,3.5,16.9,
74.0,Kevin Porter Jr.,25.0,MIL,PG,23.0,22.0,33.6,5.8,13.0,0.443,1.7,4.6,0.358,4.1,8.4,0.49,0.507,3.6,4.2,0.845,0.7,4.3,5.0,7.4,2.1,0.4,3.3,2.1,16.8,
75.0,Payton Pritchard,28.0,BOS,PG,43.0,43.0,32.9,6.3,14.0,0.451,2.5,7.4,0.344,3.8,6.6,0.57,0.542,1.7,1.9,0.867,1.0,3.4,4.4,5.3,0.8,0.1,1.1,1.5,16.8,
76.0,Nikola VuÄeviÄ,35.0,CHI,C,43.0,43.0,30.7,7.0,13.8,0.504,1.7,4.7,0.373,5.2,9.1,0.571,0.567,1.2,1.5,0.81,2.2,7.0,9.1,3.8,0.7,0.6,1.4,2.0,16.8,
77.0,Jalen Williams,24.0,OKC,SG,24.0,24.0,29.6,6.6,14.0,0.47,0.8,2.5,0.3,5.8,11.5,0.507,0.497,2.9,3.5,0.833,0.7,4.1,4.8,5.6,1.3,0.4,2.0,2.1,16.8,
78.0,Grayson Allen,30.0,PHO,SG,28.0,19.0,29.5,5.5,13.0,0.422,3.3,8.9,0.375,2.2,4.2,0.521,0.549,1.9,2.3,0.831,0.6,2.3,2.9,3.8,1.6,0.3,1.6,2.4,16.3,
79.0,Onyeka Okongwu,25.0,ATL,C,45.0,34.0,32.1,6.1,12.6,0.484,2.0,5.4,0.369,4.1,7.2,0.571,0.564,2.2,2.8,0.782,1.9,6.0,7.9,3.4,1.2,1.0,2.0,3.5,16.3,
80.0,Cam Thomas,24.0,BRK,SG,20.0,8.0,24.3,5.3,13.3,0.395,1.7,5.0,0.333,3.6,8.4,0.431,0.457,4.0,4.7,0.851,0.4,1.4,1.8,3.1,0.2,0.1,1.9,1.5,16.2,
81.0,Ryan Rollins,23.0,MIL,PG,44.0,39.0,31.6,6.2,13.4,0.459,2.3,5.8,0.392,3.9,7.6,0.509,0.543,1.5,2.0,0.764,0.8,3.6,4.5,5.4,1.5,0.4,2.3,2.8,16.1,
82.0,Domantas Sabonis,29.0,SAC,C,15.0,11.0,30.3,6.2,11.7,0.528,0.3,1.6,0.208,5.9,10.1,0.579,0.543,3.3,4.4,0.742,3.0,8.7,11.7,3.8,1.0,0.2,2.8,3.7,16.0,
83.0,Andrew Wiggins,30.0,MIA,SF,41.0,41.0,31.6,6.1,13.0,0.471,1.9,4.8,0.398,4.2,8.2,0.513,0.544,1.8,2.2,0.783,1.8,3.1,4.9,2.8,1.2,1.0,1.8,2.4,15.9,
84.0,Mikal Bridges,29.0,NYK,SF,44.0,43.0,34.7,6.3,12.6,0.504,2.3,5.6,0.399,4.1,7.0,0.588,0.593,0.8,1.1,0.787,1.1,3.3,4.5,4.2,1.6,0.9,1.0,1.9,15.8,
85.0,Saddiq Bey,26.0,NOP,SF,40.0,32.0,29.9,5.5,12.1,0.45,1.7,5.1,0.335,3.8,7.0,0.534,0.521,3.1,3.8,0.828,1.6,4.0,5.6,2.3,0.9,0.1,0.6,1.1,15.7,
86.0,Anthony Black,22.0,ORL,PG,43.0,23.0,30.5,5.6,12.3,0.459,1.6,4.5,0.354,4.0,7.7,0.521,0.525,2.8,3.8,0.726,0.7,3.3,4.0,4.0,1.3,0.7,2.4,2.7,15.6,
87.0,VJ Edgecombe,20.0,PHI,SG,39.0,39.0,35.9,5.8,13.6,0.429,2.2,5.8,0.368,3.7,7.7,0.475,0.509,1.8,2.4,0.766,1.7,3.7,5.4,4.2,1.5,0.5,1.9,3.2,15.6,
88.0,Kyshawn George,22.0,WAS,SF,34.0,34.0,31.3,5.6,12.3,0.459,2.2,5.6,0.397,3.4,6.7,0.511,0.549,2.1,2.7,0.772,1.0,4.8,5.8,5.0,1.1,0.9,3.1,4.1,15.6,
89.0,Paul George,35.0,PHI,PF,24.0,24.0,30.1,5.4,12.8,0.419,2.3,6.3,0.371,3.0,6.5,0.465,0.51,2.5,3.0,0.859,0.5,4.7,5.3,3.7,1.4,0.5,1.7,2.3,15.6,
90.0,OG Anunoby,28.0,NYK,PF,34.0,33.0,32.7,5.3,11.8,0.453,1.9,5.5,0.339,3.5,6.3,0.551,0.531,3.0,3.7,0.803,1.4,4.1,5.5,2.2,1.7,0.7,2.1,2.6,15.5,
91.0,Russell Westbrook,37.0,SAC,SF,46.0,40.0,29.7,5.7,13.1,0.435,2.0,5.8,0.351,3.7,7.3,0.503,0.513,2.0,2.9,0.696,1.4,4.7,6.1,6.8,1.4,0.2,3.3,2.5,15.5,
92.0,Jrue Holiday,35.0,POR,PG,18.0,16.0,28.8,5.8,12.8,0.45,2.4,6.6,0.361,3.4,6.2,0.545,0.543,1.4,1.8,0.813,1.2,3.4,4.6,7.1,1.3,0.2,2.4,1.7,15.4,
93.0,Jaime Jaquez Jr.,24.0,MIA,SF,40.0,1.0,28.8,6.2,12.0,0.517,0.5,1.8,0.271,5.7,10.3,0.559,0.536,2.5,3.3,0.744,1.3,3.9,5.2,4.7,0.8,0.2,2.2,2.0,15.4,
94.0,Jabari Smith Jr.,22.0,HOU,PF,42.0,42.0,35.0,5.5,12.9,0.431,2.2,6.3,0.346,3.4,6.5,0.515,0.517,2.0,2.7,0.743,1.6,5.3,6.9,1.9,0.7,0.9,1.3,2.7,15.3,
95.0,Jaden McDaniels,25.0,MIN,PF,43.0,43.0,32.2,5.7,11.1,0.516,1.4,3.3,0.417,4.3,7.7,0.559,0.579,2.2,2.7,0.842,1.2,3.4,4.6,2.9,1.1,1.0,1.7,3.4,15.1,
96.0,Jalen Suggs,24.0,ORL,PG,23.0,23.0,25.4,5.3,11.2,0.471,1.9,5.8,0.331,3.3,5.4,0.621,0.556,2.6,3.0,0.857,0.7,2.9,3.7,4.7,1.9,0.5,2.7,3.0,15.0,
97.0,Devin Vassell,25.0,SAS,SG,32.0,32.0,31.9,5.3,12.4,0.422,2.7,7.0,0.379,2.6,5.4,0.477,0.529,1.8,2.1,0.868,0.5,3.6,4.0,2.4,0.9,0.5,0.9,2.0,15.0,
98.0,Matas Buzelis,21.0,CHI,PF,44.0,44.0,27.9,5.4,11.2,0.478,1.8,5.2,0.357,3.5,6.1,0.581,0.56,2.3,3.0,0.78,1.1,4.1,5.2,1.9,0.7,1.4,1.7,2.5,14.9,
99.0,Collin Sexton,27.0,CHO,SG,36.0,12.0,23.2,5.1,10.3,0.493,1.3,3.4,0.385,3.8,6.9,0.547,0.557,3.5,4.0,0.875,0.4,1.5,2.0,4.0,0.8,0.1,2.2,1.8,14.9,
100.0,Ivica Zubac,28.0,LAC,C,38.0,37.0,31.2,6.3,10.5,0.603,0.0,0.0,,6.3,10.5,0.603,0.603,2.2,2.9,0.732,3.7,7.4,11.1,2.3,0.4,0.9,1.9,2.4,14.8,
101.0,Keegan Murray,25.0,SAC,PF,19.0,18.0,35.9,5.8,13.6,0.429,1.3,4.8,0.272,4.5,8.8,0.515,0.477,1.6,2.0,0.789,1.6,4.5,6.1,1.5,1.2,1.6,1.2,1.9,14.6,
102.0,Kelly Oubre Jr.,30.0,PHI,SF,21.0,16.0,32.3,5.4,11.0,0.489,1.9,5.0,0.385,3.5,6.0,0.575,0.576,2.0,2.6,0.745,1.0,3.6,4.5,1.4,1.1,0.8,1.4,2.7,14.6,
103.0,Naz Reid,26.0,MIN,C,45.0,2.0,26.2,5.5,11.5,0.474,2.5,6.3,0.392,3.0,5.2,0.572,0.581,1.2,1.5,0.783,1.1,5.1,6.2,2.5,0.9,0.9,1.6,2.5,14.6,
104.0,Naji Marshall,28.0,DAL,SF,45.0,22.0,29.0,5.3,9.7,0.548,0.9,2.9,0.313,4.4,6.8,0.648,0.595,3.0,3.7,0.792,0.8,3.9,4.7,3.0,1.1,0.1,1.4,2.0,14.5,
105.0,Jordan Poole,26.0,NOP,PG,28.0,6.0,25.4,4.5,12.1,0.37,2.5,7.5,0.336,1.9,4.5,0.425,0.475,3.0,3.5,0.876,0.2,1.6,1.8,3.1,0.7,0.3,1.9,2.4,14.5,
106.0,P.J. Washington,27.0,DAL,PF,32.0,31.0,31.1,5.4,12.0,0.454,1.3,4.1,0.318,4.1,7.8,0.526,0.509,2.3,3.4,0.685,1.4,5.9,7.3,1.9,1.1,1.4,2.1,2.3,14.5,
107.0,Peyton Watson,23.0,DEN,SF,43.0,33.0,29.9,5.2,10.2,0.508,1.5,3.5,0.421,3.7,6.7,0.554,0.581,2.6,3.5,0.742,0.9,4.1,5.1,1.9,1.1,1.1,1.7,2.5,14.5,
108.0,Ayo Dosunmu,26.0,CHI,SG,38.0,7.0,26.0,5.3,10.4,0.511,1.9,4.2,0.459,3.4,6.2,0.547,0.604,1.9,2.2,0.857,0.7,2.0,2.7,3.6,0.7,0.3,1.1,1.7,14.4,
109.0,Walker Kessler,24.0,UTA,C,5.0,5.0,30.8,5.2,7.4,0.703,1.2,1.6,0.75,4.0,5.8,0.69,0.784,2.8,4.0,0.7,4.6,6.2,10.8,3.0,1.4,1.8,3.2,4.4,14.4,
110.0,Ajay Mitchell,23.0,OKC,SG,43.0,9.0,26.3,5.2,10.6,0.487,1.1,3.2,0.35,4.0,7.4,0.545,0.539,2.7,3.0,0.87,0.7,2.8,3.5,3.7,1.4,0.3,1.6,2.2,14.1,
111.0,Santi Aldama,25.0,MEM,PF,41.0,9.0,28.0,5.3,11.1,0.478,1.6,4.7,0.349,3.7,6.4,0.573,0.552,1.8,2.6,0.673,1.5,5.1,6.7,3.0,0.9,0.7,1.3,1.6,14.0,
112.0,Cedric Coward,22.0,MEM,SG,40.0,27.0,26.6,5.1,10.7,0.473,1.6,4.6,0.348,3.5,6.1,0.567,0.548,2.3,2.7,0.85,1.5,5.0,6.4,2.9,0.6,0.4,1.7,2.0,14.0,
113.0,Obi Toppin,27.0,IND,PF,3.0,0.0,27.3,5.0,12.0,0.417,1.0,5.7,0.176,4.0,6.3,0.632,0.458,3.0,3.0,1.0,1.0,5.7,6.7,1.7,1.0,0.0,2.0,2.3,14.0,
114.0,Jeremiah Fears,19.0,NOP,PG,47.0,44.0,26.3,5.2,12.0,0.435,1.0,3.2,0.325,4.2,8.8,0.475,0.478,2.3,2.9,0.809,0.7,3.0,3.7,3.1,1.2,0.3,2.3,1.8,13.9,
115.0,De'Andre Hunter,28.0,CLE,SF,41.0,23.0,26.4,4.6,11.0,0.42,1.7,5.4,0.306,3.0,5.6,0.53,0.496,2.8,3.2,0.879,0.7,3.6,4.3,2.1,0.6,0.1,1.7,2.6,13.8,
116.0,Sam Merrill,29.0,CLE,SG,24.0,15.0,25.8,4.5,9.6,0.47,3.5,7.8,0.455,1.0,1.8,0.535,0.654,1.3,1.4,0.882,0.7,1.7,2.4,2.3,0.7,0.1,0.9,2.8,13.8,
117.0,Anfernee Simons,26.0,BOS,SG,44.0,0.0,24.5,4.9,11.3,0.433,2.6,6.5,0.394,2.3,4.8,0.486,0.546,1.4,1.6,0.884,0.5,1.9,2.4,2.4,0.5,0.1,1.1,1.7,13.8,
118.0,Deandre Ayton,27.0,LAL,C,38.0,38.0,28.8,6.3,9.2,0.681,0.0,0.0,,6.3,9.2,0.681,0.681,1.1,1.7,0.636,2.5,6.2,8.7,0.8,0.7,1.0,1.5,2.3,13.7,
119.0,Tim Hardaway Jr.,33.0,DEN,SG,45.0,5.0,27.2,4.5,10.1,0.443,2.8,7.0,0.392,1.7,3.1,0.557,0.579,2.0,2.2,0.9,0.2,2.2,2.4,1.4,0.5,0.2,0.5,1.2,13.7,
120.0,Zach Edey,23.0,MEM,C,11.0,11.0,25.8,5.6,8.9,0.633,0.1,0.5,0.2,5.5,8.5,0.656,0.638,2.3,2.9,0.781,3.9,7.2,11.1,1.1,0.6,1.9,2.4,3.4,13.6,
121.0,Jaylon Tyson,23.0,CLE,SG,41.0,26.0,27.7,5.2,10.1,0.512,2.0,4.4,0.459,3.2,5.7,0.553,0.612,1.2,1.6,0.742,2.1,3.4,5.5,2.2,1.0,0.5,1.5,2.9,13.6,
122.0,Jarrett Allen,27.0,CLE,C,34.0,34.0,27.1,5.2,8.8,0.59,0.0,0.2,0.143,5.2,8.6,0.601,0.592,3.1,4.0,0.772,2.2,5.7,7.9,2.0,1.0,0.8,1.5,1.9,13.5,
123.0,Quentin Grimes,25.0,PHI,SG,41.0,7.0,30.9,4.3,9.9,0.433,2.0,5.7,0.353,2.3,4.2,0.544,0.536,2.9,3.3,0.861,0.7,3.2,3.9,3.7,1.0,0.4,2.0,2.1,13.5,
124.0,Collin Gillespie,26.0,PHO,PG,45.0,26.0,28.3,4.7,10.6,0.444,2.9,6.9,0.424,1.8,3.7,0.482,0.582,1.1,1.3,0.847,1.0,3.1,4.1,4.8,1.4,0.3,1.7,1.5,13.4,
125.0,Keldon Johnson,26.0,SAS,SF,45.0,0.0,24.0,5.1,9.1,0.556,1.2,3.1,0.406,3.8,6.0,0.632,0.624,2.1,2.6,0.788,1.9,4.1,6.0,1.3,0.7,0.1,0.9,1.9,13.4,
126.0,Tobias Harris,33.0,DET,PF,28.0,28.0,27.4,4.9,10.7,0.455,1.3,4.0,0.327,3.5,6.6,0.532,0.517,2.2,2.6,0.849,1.0,3.6,4.5,2.4,0.8,0.3,1.1,2.0,13.3,
127.0,Aaron Nesmith,26.0,IND,SF,25.0,22.0,30.4,4.4,12.2,0.359,2.4,6.9,0.349,2.0,5.3,0.371,0.457,2.2,2.7,0.806,1.5,3.6,5.2,2.2,0.7,0.6,1.4,2.8,13.3,
128.0,John Collins,28.0,LAC,PF,41.0,32.0,27.5,5.1,9.2,0.559,1.4,3.2,0.427,3.8,6.0,0.629,0.633,1.6,2.0,0.807,1.3,3.5,4.9,0.8,0.9,0.9,1.4,2.7,13.2,
129.0,Donte DiVincenzo,29.0,MIN,SG,45.0,45.0,31.9,4.4,10.7,0.414,3.0,8.1,0.375,1.4,2.6,0.534,0.556,1.2,1.6,0.767,1.0,3.6,4.6,4.2,1.3,0.5,1.4,2.5,13.2,
130.0,Noah Clowney,21.0,BRK,PF,43.0,36.0,28.8,4.0,10.3,0.388,2.1,6.6,0.319,1.9,3.7,0.509,0.49,3.0,3.8,0.802,1.0,3.3,4.3,1.9,0.8,0.8,1.8,2.8,13.1,
131.0,Miles McBride,25.0,NYK,SG,33.0,14.0,28.0,4.5,10.3,0.441,3.0,6.9,0.437,1.5,3.4,0.45,0.588,1.0,1.2,0.846,0.7,2.0,2.7,2.8,0.8,0.2,0.8,1.8,13.1,
132.0,Bobby Portis,30.0,MIL,PF,44.0,6.0,23.7,5.2,10.8,0.486,2.0,4.3,0.465,3.3,6.5,0.5,0.578,0.7,0.9,0.75,1.2,5.2,6.5,1.5,0.5,0.2,1.0,1.7,13.1,
133.0,Reed Sheppard,21.0,HOU,SG,43.0,4.0,25.0,4.8,10.9,0.44,2.5,6.2,0.407,2.3,4.7,0.485,0.556,0.9,1.2,0.769,0.3,2.1,2.5,3.1,1.4,0.5,1.2,2.0,13.1,
134.0,Toumani Camara,25.0,POR,PF,46.0,46.0,33.9,4.6,10.7,0.431,2.5,7.1,0.354,2.1,3.6,0.585,0.549,1.3,1.8,0.711,1.7,3.3,5.1,2.7,1.0,0.5,2.0,3.2,13.0,
135.0,Max Christie,22.0,DAL,SG,41.0,32.0,29.2,4.4,9.1,0.485,2.6,5.7,0.457,1.9,3.5,0.531,0.627,1.6,1.9,0.855,0.2,3.3,3.5,2.2,0.5,0.3,1.1,1.5,13.0,
136.0,Nic Claxton,26.0,BRK,C,41.0,39.0,29.8,5.2,8.9,0.584,0.0,0.3,0.167,5.1,8.6,0.598,0.587,2.4,3.7,0.647,2.6,4.9,7.5,4.0,0.7,1.4,1.4,2.2,12.8,
137.0,Dennis SchrÃ¶der,32.0,SAC,PG,36.0,12.0,26.5,4.3,10.5,0.414,1.4,4.1,0.345,2.9,6.4,0.459,0.481,2.7,3.3,0.815,0.5,2.6,3.1,5.4,0.8,0.1,1.9,1.7,12.8,
138.0,Tre Johnson,19.0,WAS,SG,36.0,18.0,25.0,4.6,10.2,0.448,2.1,5.3,0.393,2.5,4.9,0.508,0.55,1.3,1.5,0.889,0.5,2.3,2.8,2.1,0.7,0.3,1.5,1.8,12.6,
139.0,Kyle Kuzma,30.0,MIL,PF,42.0,18.0,26.2,4.7,9.6,0.493,0.9,2.9,0.314,3.8,6.7,0.569,0.54,2.1,2.9,0.73,0.9,3.7,4.6,2.2,0.6,0.5,1.5,2.2,12.5,
140.0,Tre Jones,26.0,CHI,PG,38.0,20.0,26.8,4.4,7.9,0.55,0.6,1.7,0.328,3.8,6.3,0.609,0.584,3.1,3.6,0.848,0.6,2.3,3.0,5.8,1.3,0.2,1.4,1.4,12.4,
141.0,Derik Queen,21.0,NOP,C,46.0,34.0,26.0,4.8,9.8,0.49,0.2,0.9,0.19,4.6,8.8,0.521,0.499,2.6,3.3,0.786,1.7,5.7,7.4,4.4,1.1,0.9,2.5,2.8,12.4,
142.0,Myles Turner,29.0,MIL,C,42.0,42.0,28.3,4.0,9.5,0.426,2.2,5.7,0.388,1.8,3.8,0.484,0.543,2.0,2.7,0.761,1.2,4.2,5.4,1.6,0.6,1.6,1.0,2.7,12.4,
143.0,Wendell Carter Jr.,26.0,ORL,C,41.0,41.0,30.1,4.3,8.5,0.509,1.2,3.4,0.353,3.1,5.1,0.611,0.579,2.4,3.1,0.766,2.3,5.2,7.5,2.2,0.7,0.7,1.3,3.7,12.3,
144.0,Malik Monk,27.0,SAC,SG,38.0,0.0,22.4,4.4,9.9,0.444,2.0,4.7,0.422,2.4,5.2,0.465,0.545,1.4,1.7,0.859,0.3,1.7,2.0,2.5,0.7,0.3,1.4,1.6,12.3,
145.0,Brandin Podziemski,22.0,GSW,SG,46.0,14.0,26.8,4.3,9.4,0.463,1.8,4.6,0.393,2.5,4.8,0.529,0.559,1.7,2.3,0.736,0.7,3.8,4.4,3.4,1.1,0.2,1.4,1.9,12.2,
146.0,Brandon Williams,26.0,DAL,PG,39.0,11.0,22.2,4.3,9.5,0.455,0.5,2.5,0.192,3.8,6.9,0.552,0.481,3.1,4.0,0.787,0.6,2.3,2.9,3.7,1.1,0.2,2.0,1.7,12.2,
147.0,Jonathan Kuminga,23.0,GSW,PF,20.0,13.0,23.8,4.4,9.7,0.454,0.9,2.7,0.321,3.6,7.1,0.504,0.497,2.5,3.3,0.742,1.5,4.4,5.9,2.5,0.4,0.3,2.3,1.7,12.1,
148.0,Duncan Robinson,31.0,DET,SF,41.0,41.0,28.9,4.0,9.2,0.438,2.9,7.3,0.403,1.1,1.9,0.57,0.597,1.1,1.6,0.734,0.4,2.4,2.8,1.9,0.7,0.4,0.7,2.2,12.1,
149.0,Rui Hachimura,27.0,LAL,PF,33.0,27.0,30.6,4.7,9.4,0.502,1.7,4.1,0.419,3.0,5.2,0.566,0.594,0.9,1.2,0.763,0.8,2.7,3.5,0.9,0.6,0.3,0.8,1.8,12.0,
150.0,Josh Hart,30.0,NYK,SF,33.0,18.0,30.3,4.5,9.1,0.498,1.6,3.9,0.4,2.9,5.1,0.574,0.585,1.4,1.7,0.789,1.6,6.1,7.7,5.1,1.2,0.3,2.2,2.6,12.0,
151.0,Cam Spencer,25.0,MEM,SG,42.0,11.0,23.8,3.9,8.1,0.484,2.3,5.0,0.464,1.6,3.1,0.515,0.627,1.9,2.0,0.919,0.5,2.3,2.7,5.5,0.7,0.1,1.5,1.6,12.0,
152.0,Mark Williams,24.0,PHO,C,40.0,36.0,23.9,4.7,7.2,0.652,0.0,0.0,1.0,4.7,7.2,0.65,0.653,2.6,3.4,0.784,3.2,5.0,8.2,1.0,1.1,1.0,1.1,2.3,12.0,
153.0,Klay Thompson,35.0,DAL,SF,42.0,8.0,22.2,4.2,10.8,0.389,3.0,7.8,0.379,1.2,3.0,0.416,0.527,0.5,0.7,0.742,0.3,2.2,2.5,1.5,0.5,0.4,0.9,1.0,11.9,
154.0,Jaylen Wells,22.0,MEM,SG,43.0,43.0,27.0,4.1,10.0,0.405,1.7,5.2,0.326,2.4,4.8,0.49,0.49,2.0,2.6,0.777,1.0,2.5,3.5,1.7,0.9,0.1,1.2,2.0,11.9,
155.0,Jalen Green,23.0,PHO,SG,4.0,2.0,13.5,4.0,9.3,0.432,2.0,4.8,0.421,2.0,4.5,0.444,0.541,1.8,2.3,0.778,0.5,1.3,1.8,2.0,0.5,0.0,1.3,0.8,11.8,
156.0,Julian Champagnie,24.0,SAS,SF,45.0,31.0,28.7,3.8,8.8,0.427,2.6,6.8,0.379,1.2,2.0,0.587,0.573,1.6,1.9,0.826,1.0,5.2,6.2,1.5,0.9,0.4,1.0,1.6,11.7,
157.0,Tari Eason,24.0,HOU,PF,23.0,9.0,23.7,4.5,9.4,0.475,2.1,4.5,0.466,2.4,5.0,0.482,0.585,0.7,1.1,0.615,2.0,4.1,6.1,1.6,1.3,0.6,1.7,2.0,11.7,
158.0,Cameron Johnson,29.0,DEN,SF,28.0,28.0,30.6,4.0,8.8,0.461,1.9,4.5,0.429,2.1,4.3,0.496,0.571,1.7,2.1,0.81,0.7,2.9,3.6,2.4,0.6,0.3,1.0,2.3,11.7,
159.0,Dyson Daniels,22.0,ATL,SG,45.0,45.0,34.2,5.1,10.3,0.498,0.2,1.4,0.109,5.0,8.9,0.56,0.505,1.1,1.8,0.622,2.2,4.5,6.7,6.2,1.8,0.4,2.1,2.2,11.6,
160.0,Jock Landale,30.0,MEM,C,41.0,21.0,23.1,4.5,8.6,0.525,1.1,2.9,0.398,3.4,5.8,0.589,0.592,1.4,2.1,0.671,3.1,3.4,6.5,1.7,0.5,0.5,1.0,2.4,11.6,
161.0,Kel'el Ware,21.0,MIA,C,43.0,27.0,23.8,4.6,8.5,0.54,1.2,2.9,0.415,3.4,5.7,0.602,0.609,1.2,1.5,0.815,3.2,6.6,9.8,0.6,0.9,1.1,1.0,1.6,11.6,
162.0,Brice Sensabaugh,22.0,UTA,SF,42.0,9.0,20.9,4.0,9.0,0.449,1.6,5.0,0.322,2.5,4.1,0.602,0.537,1.8,2.0,0.872,0.8,2.2,3.0,1.5,0.7,0.1,1.2,1.7,11.5,
163.0,Donovan Clingan,21.0,POR,C,42.0,42.0,27.4,4.3,8.1,0.535,0.9,2.9,0.311,3.4,5.2,0.661,0.591,1.7,2.5,0.67,4.4,6.5,10.9,1.9,0.5,1.2,1.0,2.4,11.3,
164.0,Kevin Huerter,27.0,CHI,SF,39.0,10.0,23.7,4.3,9.4,0.459,1.6,5.2,0.313,2.7,4.2,0.636,0.545,1.0,1.3,0.769,0.5,3.1,3.6,2.6,0.8,0.6,1.2,1.9,11.3,
165.0,Caleb Love,24.0,POR,SG,38.0,1.0,22.4,4.2,10.6,0.394,2.1,6.4,0.333,2.0,4.2,0.487,0.495,0.8,1.1,0.744,0.6,2.2,2.7,2.6,0.6,0.1,1.3,1.2,11.3,
166.0,De'Anthony Melton,27.0,GSW,PG,20.0,0.0,20.9,4.1,9.4,0.433,1.4,4.5,0.303,2.7,4.9,0.551,0.505,1.9,2.4,0.787,0.6,2.1,2.7,2.0,1.4,0.6,1.5,2.3,11.3,
167.0,Isaiah Hartenstein,27.0,OKC,C,24.0,24.0,26.9,4.8,7.5,0.644,0.0,0.2,0.0,4.8,7.3,0.659,0.644,1.5,2.4,0.649,3.4,7.0,10.4,3.0,1.1,0.8,2.1,2.9,11.2,
168.0,Sandro Mamukelashvili,26.0,TOR,C,45.0,10.0,22.1,4.3,8.0,0.53,1.3,3.5,0.38,2.9,4.5,0.647,0.613,1.3,1.7,0.744,1.6,3.6,5.1,2.0,0.7,0.6,0.8,1.8,11.2,
169.0,Zaccharie Risacher,20.0,ATL,SF,36.0,36.0,24.6,4.3,9.4,0.462,1.6,4.4,0.358,2.8,5.0,0.553,0.546,0.9,1.5,0.642,0.9,2.4,3.3,1.4,0.9,0.5,0.9,2.2,11.2,
170.0,Jusuf NurkiÄ,31.0,UTA,C,35.0,30.0,26.3,4.5,8.9,0.503,0.6,1.7,0.344,3.9,7.1,0.542,0.537,1.5,2.7,0.563,2.6,7.6,10.2,4.8,1.3,0.5,2.4,3.3,11.1,
171.0,Rudy Gobert,33.0,MIN,C,43.0,43.0,31.7,4.5,6.3,0.716,0.0,0.0,0.0,4.5,6.3,0.719,0.716,1.9,3.8,0.506,3.9,7.5,11.3,1.8,0.7,1.7,1.3,2.8,11.0,
172.0,Ace Bailey,19.0,UTA,SF,38.0,27.0,24.5,4.4,9.7,0.452,1.4,4.1,0.35,2.9,5.5,0.529,0.527,0.7,0.9,0.722,1.6,1.9,3.5,1.6,0.7,0.4,1.3,2.5,10.9,
173.0,Ausar Thompson,23.0,DET,SF,39.0,38.0,25.9,4.4,8.7,0.51,0.1,0.5,0.263,4.3,8.2,0.525,0.518,1.9,3.3,0.574,2.2,3.8,6.0,2.6,1.7,0.8,1.5,2.9,10.9,
174.0,Harrison Barnes,33.0,SAS,PF,45.0,45.0,28.2,3.7,8.5,0.432,1.8,5.2,0.358,1.8,3.4,0.546,0.54,1.5,1.7,0.87,0.8,2.2,3.0,2.1,0.7,0.2,1.0,1.3,10.7,
175.0,Moses Moody,23.0,GSW,SG,44.0,33.0,24.4,3.6,8.4,0.43,2.2,5.6,0.394,1.4,2.8,0.5,0.561,1.3,1.6,0.797,0.8,2.2,3.0,1.5,0.9,0.6,0.9,2.0,10.7,
176.0,A.J. Green,26.0,MIL,SG,40.0,40.0,29.5,3.4,7.7,0.445,3.1,7.0,0.437,0.4,0.7,0.517,0.643,0.6,0.8,0.8,0.2,2.4,2.6,2.0,0.6,0.1,0.9,2.5,10.5,
177.0,Dylan Harper,19.0,SAS,SG,35.0,0.0,21.3,4.1,9.4,0.436,0.6,2.6,0.242,3.5,6.8,0.51,0.47,1.5,2.0,0.746,0.7,2.5,3.2,3.5,0.9,0.3,1.4,1.9,10.4,
178.0,Derrick Jones Jr.,28.0,LAC,SF,17.0,13.0,24.2,3.8,6.9,0.556,1.3,3.2,0.4,2.5,3.6,0.694,0.65,1.4,1.8,0.774,0.9,1.8,2.6,1.2,0.8,1.1,0.8,2.1,10.4,
179.0,Aaron Wiggins,27.0,OKC,SG,31.0,11.0,23.2,3.9,8.7,0.454,1.8,4.7,0.39,2.1,4.0,0.528,0.559,0.7,0.9,0.724,0.6,2.8,3.4,1.7,0.8,0.6,1.1,1.5,10.4,
180.0,Royce O'Neale,32.0,PHO,SF,45.0,40.0,29.3,3.6,8.4,0.431,2.9,6.9,0.417,0.7,1.5,0.493,0.602,0.3,0.4,0.632,0.7,4.3,5.0,2.9,1.2,0.3,1.6,2.2,10.3,
181.0,Neemias Queta,26.0,BOS,C,42.0,42.0,24.9,4.3,6.6,0.657,0.0,0.1,0.0,4.3,6.5,0.667,0.657,1.6,2.4,0.657,3.0,5.2,8.2,1.4,0.9,1.3,1.0,2.9,10.3,
182.0,Egor DÑmin,19.0,BRK,PG,38.0,30.0,24.5,3.5,8.6,0.404,2.4,6.1,0.4,1.1,2.6,0.412,0.544,0.8,1.0,0.838,0.5,2.5,3.0,3.4,0.9,0.3,1.7,1.8,10.2,
183.0,D'Angelo Russell,29.0,DAL,PG,26.0,3.0,19.0,3.6,8.9,0.405,1.3,4.3,0.295,2.3,4.6,0.508,0.476,1.7,2.3,0.717,0.3,2.0,2.3,4.0,0.5,0.1,1.9,1.2,10.2,
184.0,Isaiah Stewart,24.0,DET,C,39.0,11.0,23.5,3.9,7.3,0.535,0.8,2.4,0.347,3.1,4.9,0.628,0.593,1.5,2.0,0.747,1.8,3.8,5.6,1.2,0.3,1.9,1.3,3.0,10.2,
185.0,Bilal Coulibaly,21.0,WAS,SG,25.0,25.0,26.6,3.3,8.4,0.392,1.0,3.5,0.273,2.3,4.8,0.479,0.45,2.6,3.4,0.765,0.9,3.8,4.7,2.5,1.4,0.9,1.6,2.9,10.1,
186.0,Marvin Bagley III,26.0,WAS,PF,36.0,7.0,19.3,4.0,6.4,0.619,0.2,0.5,0.389,3.8,5.9,0.638,0.634,1.8,2.6,0.71,2.6,3.1,5.7,1.5,0.5,0.7,1.2,2.1,10.0,
187.0,Marcus Smart,31.0,LAL,SG,34.0,27.0,28.5,3.3,8.0,0.407,1.6,5.1,0.324,1.6,2.9,0.55,0.509,1.8,2.1,0.886,0.6,2.4,3.0,2.9,1.4,0.3,1.7,2.8,10.0,
188.0,Bub Carrington,20.0,WAS,PG,43.0,16.0,28.5,3.4,8.5,0.398,2.0,5.0,0.403,1.3,3.4,0.392,0.518,1.0,1.3,0.754,0.4,3.4,3.8,4.6,0.6,0.3,2.3,2.4,9.8,
189.0,Khris Middleton,34.0,WAS,SF,30.0,30.0,24.5,3.6,8.6,0.422,0.9,2.9,0.314,2.7,5.7,0.477,0.475,1.6,2.0,0.831,1.0,3.0,4.0,3.2,0.8,0.3,1.6,2.7,9.8,
190.0,Zach Collins,28.0,CHI,C,10.0,0.0,18.4,3.7,6.4,0.578,0.9,2.1,0.429,2.8,4.3,0.651,0.648,1.4,2.0,0.7,1.6,4.0,5.6,1.5,0.2,0.4,1.0,1.8,9.7,
191.0,Jakob Poeltl,30.0,TOR,C,21.0,21.0,25.3,4.2,6.0,0.693,0.0,0.0,,4.2,6.0,0.693,0.693,1.3,2.2,0.596,2.7,5.0,7.7,2.1,0.8,0.5,1.6,3.1,9.7,
192.0,Maxime Raynaud,22.0,SAC,C,38.0,24.0,23.0,4.2,7.7,0.541,0.2,0.8,0.3,3.9,6.9,0.569,0.557,1.2,1.7,0.714,1.8,4.7,6.4,1.1,0.4,0.5,0.9,2.5,9.7,
193.0,Moritz Wagner,28.0,ORL,C,3.0,0.0,13.0,3.3,5.7,0.588,1.0,2.3,0.429,2.3,3.3,0.7,0.676,2.0,2.0,1.0,0.0,2.3,2.3,1.0,0.7,0.0,1.0,1.7,9.7,
194.0,T.J. McConnell,33.0,IND,PG,33.0,0.0,17.2,4.5,8.4,0.529,0.3,1.1,0.314,4.1,7.4,0.56,0.549,0.4,0.4,0.923,0.5,1.8,2.2,4.9,1.2,0.2,1.2,1.2,9.6,
195.0,Jalen Smith,25.0,CHI,C,37.0,7.0,19.4,3.5,7.5,0.466,1.5,4.1,0.358,2.0,3.4,0.595,0.563,1.2,1.6,0.738,1.9,4.9,6.8,1.3,0.4,0.9,0.9,2.0,9.6,
196.0,Jarace Walker,22.0,IND,PF,46.0,14.0,23.4,3.2,8.4,0.381,1.6,4.4,0.363,1.6,4.1,0.401,0.476,1.6,2.1,0.768,0.4,3.8,4.2,1.9,0.7,0.3,1.5,1.7,9.6,
197.0,Christian Braun,24.0,DEN,SG,14.0,14.0,28.9,3.6,7.9,0.459,0.5,2.4,0.212,3.1,5.6,0.564,0.491,1.7,2.3,0.75,1.4,2.8,4.2,2.5,0.6,0.4,1.2,2.1,9.5,
198.0,Jordan Clarkson,33.0,NYK,SG,44.0,0.0,19.5,3.5,8.3,0.425,1.3,4.0,0.33,2.2,4.3,0.513,0.504,1.1,1.4,0.778,0.8,1.0,1.8,1.3,0.5,0.1,1.1,1.9,9.5,
199.0,Isaiah Joe,26.0,OKC,SG,37.0,1.0,19.9,2.9,6.7,0.437,2.2,5.4,0.398,0.8,1.2,0.609,0.599,1.5,1.7,0.859,0.5,2.1,2.5,1.3,0.5,0.2,0.6,1.7,9.5,
200.0,Jake LaRavia,24.0,LAL,PF,43.0,22.0,27.2,3.4,7.3,0.462,1.2,3.4,0.345,2.2,3.9,0.565,0.543,1.5,2.0,0.753,1.5,2.7,4.2,2.0,1.3,0.4,1.1,2.2,9.5,
201.0,Ziaire Williams,24.0,BRK,SF,32.0,4.0,22.8,3.0,7.4,0.407,1.6,5.2,0.305,1.4,2.2,0.652,0.515,1.9,2.2,0.871,0.6,2.0,2.5,0.6,1.1,0.5,1.0,2.0,9.5,
202.0,Tristan Da Silva,24.0,ORL,SF,38.0,14.0,22.9,3.5,8.0,0.439,1.5,4.0,0.379,2.0,4.0,0.5,0.534,0.8,1.0,0.842,0.8,2.8,3.6,1.2,0.8,0.2,0.9,1.3,9.4,
203.0,Pelle Larsson,24.0,MIA,SG,37.0,24.0,23.2,3.4,7.1,0.473,0.9,2.9,0.311,2.5,4.3,0.582,0.536,1.8,2.4,0.739,0.8,2.1,2.9,3.3,0.5,0.2,0.9,1.9,9.4,
204.0,Kyle Filipowski,22.0,UTA,C,44.0,15.0,22.4,3.5,7.5,0.462,0.8,2.6,0.31,2.7,4.9,0.544,0.517,1.5,2.2,0.708,1.6,4.5,6.2,2.0,0.7,0.5,1.3,2.8,9.3,
205.0,Vit Krejci,25.0,ATL,PG,43.0,7.0,23.0,3.2,6.9,0.461,2.3,5.4,0.425,0.9,1.5,0.594,0.628,0.6,0.8,0.75,0.4,1.7,2.1,1.6,0.8,0.3,0.7,2.4,9.3,
206.0,Sam Hauser,28.0,BOS,PF,43.0,15.0,23.4,3.1,7.5,0.421,2.7,6.6,0.406,0.5,0.9,0.526,0.6,0.2,0.2,0.9,0.7,3.1,3.7,1.4,0.6,0.3,0.6,1.3,9.2,
207.0,Landry Shamet,28.0,NYK,SG,19.0,6.0,20.2,2.8,6.1,0.461,1.9,4.5,0.435,0.8,1.6,0.533,0.622,1.6,2.1,0.775,0.4,1.4,1.7,1.1,0.5,0.3,0.4,1.2,9.2,
208.0,Cam Whitmore,21.0,WAS,SF,21.0,0.0,16.9,3.7,8.0,0.456,0.8,2.7,0.286,2.9,5.4,0.54,0.503,1.1,1.5,0.742,0.9,1.9,2.8,0.7,0.7,0.4,0.9,1.2,9.2,
209.0,Herbert Jones,27.0,NOP,SF,24.0,24.0,28.2,3.3,8.6,0.388,1.3,4.1,0.323,2.0,4.5,0.449,0.466,1.1,1.3,0.813,1.0,2.5,3.5,2.4,1.7,0.4,1.3,3.3,9.1,
210.0,Davion Mitchell,27.0,MIA,PG,40.0,40.0,29.2,3.6,7.6,0.47,1.2,2.9,0.4,2.4,4.7,0.513,0.546,0.7,1.1,0.651,0.4,2.2,2.6,7.2,1.2,0.1,1.7,2.7,9.0,
211.0,Corey Kispert,26.0,2TM,SF,26.0,5.0,19.0,3.0,6.4,0.467,1.5,4.1,0.377,1.5,2.3,0.623,0.587,1.4,1.8,0.783,0.4,1.9,2.3,1.6,0.5,0.1,0.8,1.0,8.9,
211.0,Corey Kispert,26.0,WAS,SF,19.0,2.0,19.5,3.1,6.3,0.496,1.6,4.0,0.395,1.5,2.3,0.674,0.622,1.4,1.8,0.765,0.3,2.0,2.3,1.7,0.4,0.2,0.7,1.1,9.2,
211.0,Corey Kispert,26.0,ATL,SF,7.0,3.0,17.7,2.7,6.9,0.396,1.4,4.3,0.333,1.3,2.6,0.5,0.5,1.4,1.7,0.833,0.6,1.7,2.3,1.3,0.7,0.0,1.0,0.9,8.3,
212.0,Isaiah Collier,21.0,UTA,PG,37.0,5.0,23.2,3.3,6.5,0.508,0.5,1.4,0.34,2.8,5.1,0.556,0.546,1.8,2.7,0.653,0.4,1.9,2.3,6.6,0.7,0.3,2.3,2.3,8.9,
213.0,Svi Mykhailiuk,28.0,UTA,SF,38.0,38.0,24.4,3.3,7.0,0.472,1.8,4.6,0.386,1.5,2.4,0.637,0.599,0.5,0.6,0.905,0.7,1.8,2.6,2.0,0.5,0.1,0.8,1.3,8.9,
214.0,Jordan Goodwin,27.0,PHO,PG,42.0,2.0,21.5,3.4,8.3,0.405,1.5,4.3,0.344,1.9,4.0,0.47,0.494,0.6,0.8,0.735,1.9,2.8,4.6,2.3,1.4,0.2,1.1,1.7,8.8,
215.0,Draymond Green,35.0,GSW,PF,38.0,38.0,26.7,3.2,7.4,0.426,1.4,4.4,0.331,1.7,3.1,0.56,0.523,0.9,1.3,0.694,0.8,5.0,5.8,5.2,0.9,0.7,2.8,3.2,8.7,
216.0,Ryan Kalkbrenner,24.0,CHO,C,33.0,26.0,24.5,3.7,4.8,0.772,0.0,0.1,0.0,3.7,4.7,0.782,0.772,1.3,1.8,0.717,2.5,3.8,6.3,0.7,0.6,1.5,1.1,1.8,8.7,
217.0,Jonas ValanÄiÅ«nas,33.0,DEN,C,34.0,2.0,13.5,3.6,6.1,0.585,0.1,0.4,0.231,3.5,5.7,0.608,0.592,1.5,1.9,0.785,1.4,3.4,4.8,1.3,0.2,0.6,1.1,2.1,8.7,
218.0,Simone Fontecchio,30.0,MIA,SF,42.0,1.0,16.7,2.8,6.8,0.404,1.8,4.8,0.373,1.0,2.0,0.477,0.535,1.2,1.5,0.81,0.7,2.3,3.0,1.4,0.5,0.1,0.9,1.5,8.5,
219.0,Isaac Okoro,25.0,CHI,SG,36.0,36.0,25.0,3.1,6.7,0.471,1.0,3.1,0.333,2.1,3.6,0.589,0.548,1.2,1.5,0.778,1.1,1.7,2.8,1.4,0.6,0.5,0.6,2.6,8.5,
220.0,Luguentz Dort,26.0,OKC,SF,36.0,36.0,27.2,3.0,7.6,0.393,1.9,5.5,0.338,1.1,2.1,0.541,0.517,0.6,0.7,0.88,0.8,2.9,3.7,1.1,0.9,0.6,0.7,3.0,8.4,
221.0,Jay Huff,27.0,IND,C,46.0,26.0,19.5,3.1,6.6,0.469,1.3,4.3,0.316,1.8,2.4,0.743,0.57,0.9,1.0,0.833,1.0,2.7,3.7,1.3,0.5,2.0,0.8,2.4,8.4,
222.0,Jaden Ivey,23.0,DET,SG,28.0,2.0,17.0,3.1,6.7,0.46,1.2,3.3,0.366,1.9,3.4,0.553,0.551,1.0,1.3,0.778,0.5,1.6,2.1,1.7,0.5,0.4,1.0,1.4,8.4,
223.0,Jordan Miller,26.0,LAC,SF,23.0,0.0,18.3,2.8,5.5,0.516,0.8,2.1,0.396,2.0,3.4,0.59,0.591,1.9,2.3,0.83,0.8,2.1,3.0,1.6,0.7,0.2,1.0,1.0,8.4,
224.0,Ron Holland,20.0,DET,SF,41.0,5.0,20.9,3.0,7.3,0.418,0.6,2.6,0.243,2.4,4.7,0.516,0.462,1.6,2.1,0.776,1.1,3.3,4.4,1.4,1.4,0.4,1.4,2.2,8.3,
225.0,Gary Trent Jr.,27.0,MIL,SG,40.0,17.0,24.2,2.8,7.5,0.378,1.9,5.4,0.356,0.9,2.1,0.434,0.507,0.7,0.8,0.818,0.1,1.1,1.2,1.6,0.7,0.1,0.6,1.4,8.3,
226.0,Dominick Barlow,22.0,PHI,PF,33.0,29.0,24.2,3.2,5.9,0.552,0.4,1.5,0.26,2.8,4.4,0.653,0.585,1.3,1.6,0.778,2.2,2.9,5.1,1.3,0.9,0.7,0.9,2.2,8.2,
227.0,Bradley Beal,32.0,LAC,SG,6.0,6.0,20.2,3.0,8.0,0.375,1.2,3.2,0.368,1.8,4.8,0.379,0.448,1.0,1.3,0.75,0.3,0.5,0.8,1.7,0.5,0.0,1.5,2.3,8.2,
228.0,Kentavious Caldwell-Pope,32.0,MEM,SG,42.0,13.0,21.0,2.8,7.0,0.401,1.2,3.5,0.336,1.6,3.5,0.469,0.486,1.4,1.5,0.935,0.4,2.1,2.5,2.9,0.8,0.2,1.2,1.0,8.2,
229.0,Luke Kornet,30.0,SAS,C,36.0,22.0,24.3,3.2,4.8,0.667,0.0,0.0,,3.2,4.8,0.667,0.667,1.8,2.2,0.821,3.0,3.8,6.8,2.0,0.4,1.3,0.5,2.1,8.2,
230.0,Nikola JoviÄ,22.0,MIA,PF,34.0,1.0,18.9,2.7,7.2,0.371,1.1,3.8,0.285,1.6,3.4,0.47,0.447,1.6,2.3,0.705,0.5,3.2,3.7,2.7,0.6,0.4,1.7,1.6,8.1,
231.0,Bogdan BogdanoviÄ,33.0,LAC,SG,16.0,3.0,22.5,2.8,7.3,0.376,1.5,4.5,0.333,1.3,2.8,0.444,0.479,1.0,1.2,0.842,0.3,2.6,2.9,2.7,0.5,0.1,1.2,2.5,8.0,
232.0,Moussa DiabatÃ©,24.0,CHO,C,41.0,15.0,24.4,3.0,4.9,0.625,0.0,0.0,,3.0,4.9,0.625,0.625,1.9,2.9,0.65,3.6,4.6,8.2,1.4,0.7,1.0,0.9,2.7,8.0,
233.0,Buddy Hield,33.0,GSW,SG,39.0,3.0,16.9,2.9,6.6,0.441,1.6,4.4,0.357,1.3,2.2,0.612,0.561,0.7,0.7,0.929,0.6,1.8,2.4,1.4,0.8,0.2,0.9,1.2,8.0,
234.0,Quinten Post,25.0,GSW,PF,46.0,31.0,17.8,3.0,6.8,0.441,1.5,4.4,0.348,1.5,2.4,0.615,0.554,0.4,0.5,0.792,1.0,3.0,4.0,1.4,0.5,0.5,0.8,2.0,8.0,
235.0,Jose Alvarado,27.0,NOP,PG,35.0,0.0,22.2,2.9,6.8,0.424,1.6,4.4,0.361,1.3,2.4,0.542,0.542,0.5,0.7,0.826,0.4,2.4,2.8,3.3,1.0,0.1,1.3,2.1,7.9,
236.0,Kris Dunn,31.0,LAC,PG,44.0,38.0,27.5,3.0,6.1,0.487,1.1,2.9,0.372,1.9,3.2,0.593,0.576,0.9,1.1,0.792,0.8,2.1,2.9,3.2,1.5,0.2,1.3,2.4,7.9,
237.0,Caris LeVert,31.0,DET,SG,31.0,0.0,19.7,2.8,6.6,0.431,1.1,3.2,0.34,1.7,3.4,0.519,0.515,1.2,1.7,0.679,0.3,1.5,1.8,2.8,0.9,0.6,1.4,1.5,7.9,
238.0,Daniel Gafford,27.0,DAL,C,29.0,20.0,20.8,3.0,4.8,0.629,0.0,0.0,,3.0,4.8,0.629,0.629,1.8,2.3,0.761,2.0,4.5,6.5,0.8,0.8,1.3,1.3,2.6,7.8,
239.0,Daniss Jenkins,24.0,DET,PG,35.0,7.0,16.3,2.8,6.5,0.429,1.0,2.6,0.396,1.7,3.9,0.452,0.509,1.2,1.5,0.792,0.5,1.2,1.7,3.3,1.0,0.2,1.5,1.3,7.8,
240.0,Luke Kennard,29.0,ATL,SG,41.0,0.0,20.4,2.8,5.2,0.528,1.6,3.3,0.481,1.2,1.9,0.608,0.68,0.7,0.7,0.933,0.4,1.7,2.1,2.2,0.8,0.0,0.8,1.2,7.8,
241.0,Tre Mann,24.0,CHO,PG,28.0,1.0,16.9,3.0,8.0,0.372,1.3,4.1,0.322,1.6,3.9,0.426,0.455,0.5,0.6,0.882,0.7,1.8,2.4,2.3,0.5,0.1,1.4,1.8,7.8,
242.0,Collin Murray-Boyles,20.0,TOR,PF,37.0,13.0,21.5,3.2,6.0,0.536,0.4,1.2,0.349,2.8,4.8,0.581,0.57,0.9,1.4,0.642,2.5,2.6,5.1,2.0,0.9,0.7,1.1,2.6,7.8,
243.0,Day'Ron Sharpe,24.0,BRK,C,41.0,3.0,18.1,3.0,5.0,0.603,0.1,0.7,0.2,2.9,4.2,0.672,0.618,1.7,2.5,0.676,2.4,3.8,6.2,2.3,1.0,0.4,1.6,2.2,7.8,
244.0,Luka Garza,27.0,BOS,C,36.0,1.0,16.6,2.8,4.7,0.588,0.7,1.5,0.472,2.1,3.3,0.641,0.662,1.4,1.8,0.813,2.4,1.9,4.3,1.0,0.4,0.5,0.4,2.6,7.7,
245.0,Tyrese Martin,26.0,BRK,SG,34.0,6.0,19.3,2.9,7.0,0.408,1.5,4.1,0.355,1.4,2.9,0.485,0.513,0.6,0.8,0.731,0.9,1.9,2.9,2.0,0.6,0.1,0.9,0.9,7.7,
246.0,Precious Achiuwa,26.0,SAC,C,39.0,25.0,20.9,3.1,6.1,0.515,0.4,1.2,0.333,2.7,4.9,0.557,0.546,0.9,1.8,0.529,1.9,3.7,5.6,1.2,0.8,0.6,0.6,1.7,7.6,
247.0,Jamaree Bouyea,26.0,PHO,PG,19.0,0.0,14.7,3.1,5.5,0.562,0.8,2.1,0.41,2.3,3.5,0.652,0.638,0.6,0.8,0.688,0.5,1.5,2.1,1.7,0.6,0.4,0.4,0.7,7.6,
248.0,Terance Mann,29.0,BRK,SG,38.0,35.0,25.4,2.8,6.2,0.447,0.8,2.5,0.337,1.9,3.7,0.521,0.515,1.2,1.5,0.821,1.3,2.1,3.3,3.7,0.8,0.3,1.1,2.6,7.6,
249.0,Bryce McGowens,23.0,NOP,SG,29.0,11.0,19.4,2.5,5.3,0.477,0.8,1.9,0.436,1.7,3.4,0.5,0.556,1.8,2.3,0.761,0.3,1.7,2.0,1.3,0.6,0.1,0.5,1.9,7.6,
250.0,Danny Wolf,21.0,BRK,PF,29.0,4.0,19.1,2.7,6.8,0.399,1.1,3.1,0.367,1.6,3.7,0.426,0.482,1.0,1.2,0.824,1.0,3.2,4.2,1.8,0.6,0.4,1.0,1.7,7.6,
251.0,Kyle Anderson,32.0,UTA,SF,16.0,0.0,20.0,3.1,5.9,0.521,0.1,0.3,0.5,2.9,5.6,0.522,0.532,1.3,2.1,0.606,1.0,2.5,3.5,2.9,1.3,0.5,0.9,2.3,7.5,
252.0,Vince Williams Jr.,25.0,MEM,PG,29.0,11.0,21.6,2.6,7.5,0.346,1.3,4.5,0.298,1.2,3.0,0.419,0.435,1.0,1.2,0.829,0.8,3.2,4.0,4.6,0.7,0.4,1.9,2.0,7.5,
253.0,Ryan Nembhard,22.0,DAL,PG,32.0,17.0,20.3,3.1,6.8,0.452,1.0,2.4,0.397,2.1,4.4,0.482,0.523,0.3,0.3,0.727,0.2,1.7,1.9,5.2,0.3,0.0,1.5,1.5,7.4,
254.0,Cason Wallace,22.0,OKC,SG,44.0,35.0,26.6,2.8,6.7,0.412,1.4,3.8,0.365,1.4,2.9,0.472,0.515,0.5,0.7,0.733,0.8,2.3,3.1,2.1,2.1,0.2,0.9,2.0,7.4,
255.0,Quenton Jackson,27.0,IND,PG,22.0,9.0,15.8,2.4,5.4,0.437,0.8,2.1,0.37,1.6,3.3,0.479,0.508,1.8,2.3,0.784,0.5,1.4,2.0,1.9,0.6,0.2,1.2,1.7,7.3,
256.0,Bruce Brown,29.0,DEN,SG,46.0,2.0,24.4,2.8,6.2,0.453,0.5,1.4,0.323,2.4,4.8,0.491,0.49,1.0,1.3,0.774,1.2,2.9,4.1,2.2,1.0,0.2,1.0,2.4,7.2,
257.0,Javonte Green,32.0,DET,SG,43.0,4.0,19.3,2.5,5.5,0.447,1.1,3.0,0.366,1.3,2.5,0.547,0.549,1.1,1.5,0.754,0.7,2.0,2.7,0.8,1.4,0.4,0.7,1.5,7.2,
258.0,GG Jackson II,21.0,MEM,PF,23.0,3.0,15.7,2.7,5.7,0.466,0.8,2.7,0.302,1.8,3.0,0.618,0.538,1.0,1.4,0.75,0.4,2.4,2.8,0.7,0.7,0.5,1.0,1.6,7.2,
259.0,Jamal Shead,23.0,TOR,PG,47.0,7.0,22.3,2.4,6.6,0.366,1.2,3.6,0.333,1.2,3.0,0.404,0.456,1.2,1.5,0.789,0.4,1.5,1.9,5.6,1.0,0.1,1.3,2.1,7.2,
260.0,Justin Champagnie,24.0,WAS,SF,41.0,10.0,18.5,2.8,5.5,0.502,0.6,2.0,0.313,2.1,3.5,0.607,0.558,1.0,1.3,0.736,2.0,3.5,5.6,1.1,0.8,0.5,0.6,1.6,7.1,
261.0,Walter Clayton,22.0,UTA,PG,40.0,0.0,18.5,2.4,5.8,0.408,1.0,3.3,0.305,1.4,2.6,0.539,0.494,1.4,1.5,0.948,0.3,1.7,2.0,3.4,0.6,0.2,1.2,1.8,7.1,
262.0,Andre Drummond,32.0,PHI,C,35.0,16.0,20.0,2.7,5.5,0.497,0.5,1.3,0.362,2.3,4.2,0.541,0.541,1.1,1.7,0.655,3.4,5.5,9.0,0.8,0.5,0.9,0.9,2.0,7.1,
263.0,Kevin Love,37.0,UTA,PF,25.0,4.0,17.3,2.3,5.7,0.399,1.4,4.0,0.36,0.8,1.7,0.488,0.524,1.1,1.3,0.818,1.7,3.9,5.6,1.8,0.3,0.3,0.8,1.8,7.1,
264.0,Seth Curry,35.0,GSW,SG,2.0,0.0,16.0,3.0,4.5,0.667,1.0,2.0,0.5,2.0,2.5,0.8,0.778,0.0,0.0,,0.5,1.5,2.0,1.5,1.0,0.0,0.0,1.5,7.0,
265.0,Micah Potter,27.0,IND,C,15.0,2.0,17.5,2.0,4.5,0.441,1.1,3.1,0.362,0.9,1.4,0.619,0.566,1.9,2.0,0.933,0.9,3.1,3.9,1.4,0.3,0.3,0.7,1.5,7.0,
266.0,TyTy Washington Jr.,24.0,LAC,PG,2.0,0.0,11.0,3.0,4.5,0.667,1.0,2.0,0.5,2.0,2.5,0.8,0.778,0.0,0.0,,0.0,0.5,0.5,1.5,1.0,0.5,0.0,0.0,7.0,
267.0,Cole Anthony,25.0,MIL,PG,31.0,0.0,15.1,2.9,6.5,0.448,0.6,2.0,0.323,2.3,4.5,0.504,0.498,0.4,0.7,0.591,0.4,2.1,2.5,3.6,0.6,0.3,1.9,2.1,6.9,
268.0,Jaden Hardy,23.0,DAL,SG,31.0,4.0,12.3,2.3,5.8,0.398,1.4,3.7,0.371,0.9,2.1,0.446,0.517,0.9,1.1,0.8,0.4,1.0,1.4,0.8,0.2,0.1,0.8,1.3,6.9,
269.0,Will Richard,23.0,GSW,SG,41.0,15.0,19.1,2.5,5.1,0.486,1.1,3.1,0.365,1.3,2.0,0.671,0.596,0.9,1.0,0.814,1.0,1.5,2.5,1.3,1.1,0.1,0.8,1.9,6.9,
270.0,Tristan Vukcevic,22.0,WAS,C,30.0,2.0,11.4,2.3,5.1,0.455,0.4,2.0,0.2,1.9,3.1,0.617,0.494,1.8,2.4,0.764,0.6,1.8,2.4,1.0,0.3,0.7,1.0,1.2,6.9,
271.0,Al Horford,39.0,GSW,C,26.0,1.0,19.6,2.4,6.2,0.391,1.5,4.4,0.351,0.9,1.8,0.489,0.516,0.4,0.4,1.0,0.9,4.0,5.0,2.0,0.8,1.0,1.0,1.2,6.8,
272.0,Kobe Sanders,23.0,LAC,SG,36.0,8.0,20.7,2.4,5.5,0.442,1.0,2.6,0.389,1.4,2.8,0.49,0.536,0.9,1.0,0.865,0.4,1.9,2.4,1.5,0.6,0.1,1.3,2.1,6.8,
273.0,Gradey Dick,22.0,TOR,SG,47.0,1.0,16.5,2.3,5.5,0.425,0.9,3.0,0.309,1.4,2.6,0.558,0.508,1.1,1.3,0.847,0.6,1.6,2.2,0.7,0.7,0.1,0.5,1.5,6.7,
274.0,Isaiah Jackson,24.0,IND,C,33.0,14.0,17.2,2.7,4.6,0.583,0.0,0.0,0.0,2.7,4.5,0.587,0.583,1.4,2.0,0.708,2.4,3.2,5.6,0.8,0.6,0.7,1.2,2.8,6.7,
275.0,Tidjane SalaÃ¼n,20.0,CHO,PF,29.0,0.0,16.4,2.4,4.6,0.515,1.0,2.3,0.441,1.3,2.3,0.591,0.627,0.7,1.0,0.7,0.8,3.6,4.3,0.9,0.4,0.2,0.7,1.6,6.5,
276.0,Patrick Williams,24.0,CHI,PF,40.0,1.0,18.4,2.3,6.0,0.378,1.3,3.2,0.402,1.0,2.8,0.351,0.485,0.7,1.0,0.683,0.6,2.3,3.0,1.2,0.7,0.3,0.9,1.2,6.5,
277.0,Ryan Dunn,23.0,PHO,SF,38.0,11.0,20.8,2.6,5.7,0.452,0.8,2.6,0.313,1.8,3.1,0.568,0.523,0.5,0.7,0.692,1.6,2.9,4.5,1.7,0.9,0.5,1.0,2.4,6.4,
278.0,Bones Hyland,25.0,MIN,PG,36.0,3.0,13.6,2.3,5.2,0.447,1.1,3.2,0.353,1.2,2.0,0.597,0.556,0.6,0.9,0.719,0.2,1.1,1.3,2.5,0.5,0.3,0.8,1.6,6.4,
279.0,Brook Lopez,37.0,LAC,C,37.0,7.0,16.9,2.2,6.0,0.362,1.4,4.4,0.327,0.7,1.6,0.458,0.482,0.6,0.7,0.846,0.4,2.2,2.6,0.9,0.5,1.0,0.8,1.6,6.4,
280.0,Drake Powell,20.0,BRK,SG,32.0,6.0,19.2,2.3,5.1,0.451,0.8,2.5,0.313,1.5,2.6,0.585,0.528,1.0,1.2,0.892,0.2,1.4,1.6,1.7,0.6,0.2,0.9,1.5,6.4,
281.0,Ben Sheppard,24.0,IND,SG,35.0,12.0,22.5,2.2,5.9,0.377,1.2,3.7,0.323,1.0,2.2,0.468,0.478,0.7,1.0,0.765,0.6,2.6,3.3,1.8,0.6,0.1,0.5,1.9,6.4,
282.0,Jaxson Hayes,25.0,LAL,C,35.0,4.0,17.6,2.6,3.3,0.769,0.0,0.0,1.0,2.5,3.3,0.767,0.774,1.1,1.8,0.625,1.5,2.5,4.0,0.8,0.3,0.6,0.6,2.1,6.3,
283.0,Mac McClung,27.0,IND,SG,3.0,0.0,11.3,2.3,6.0,0.389,0.7,3.3,0.2,1.7,2.7,0.625,0.444,1.0,1.3,0.75,0.0,1.3,1.3,0.3,1.7,0.3,0.7,2.0,6.3,
284.0,Josh Minott,23.0,BOS,PF,29.0,10.0,17.6,2.3,4.5,0.504,1.1,2.5,0.438,1.2,2.0,0.586,0.626,0.7,0.9,0.769,1.3,2.6,4.0,1.1,0.8,0.4,0.6,1.7,6.3,
285.0,Jalen Pickett,26.0,DEN,SG,31.0,13.0,18.9,2.4,5.5,0.435,1.2,2.9,0.411,1.2,2.6,0.463,0.544,0.3,0.4,0.909,0.5,2.4,2.9,2.9,0.4,0.1,0.8,1.0,6.3,
286.0,Trendon Watford,25.0,PHI,PF,22.0,4.0,15.9,2.4,4.6,0.525,0.4,0.9,0.4,2.0,3.7,0.556,0.564,1.1,1.5,0.75,0.8,2.6,3.5,2.9,0.3,0.3,1.1,2.0,6.3,
287.0,Sidy Cissoko,21.0,POR,SF,41.0,20.0,21.6,2.0,5.2,0.391,1.1,3.3,0.326,1.0,2.0,0.5,0.493,1.0,1.5,0.7,0.9,1.4,2.3,1.4,0.7,0.3,1.1,2.7,6.2,
288.0,Sion James,23.0,CHO,SG,45.0,18.0,25.1,1.9,4.9,0.384,1.0,2.9,0.362,0.8,2.0,0.416,0.491,1.4,1.6,0.873,0.6,2.8,3.4,2.0,0.6,0.4,0.8,1.8,6.2,
289.0,Alex Caruso,31.0,OKC,SG,32.0,0.0,18.2,2.2,5.3,0.417,1.0,3.2,0.301,1.2,2.0,0.6,0.509,0.7,0.9,0.821,0.6,2.3,2.8,2.1,1.4,0.4,0.8,1.3,6.1,
290.0,Spencer Jones,24.0,DEN,SF,41.0,29.0,23.5,2.2,4.4,0.514,1.0,2.5,0.394,1.2,1.8,0.68,0.628,0.6,1.0,0.634,1.1,2.0,3.1,0.9,0.9,0.4,0.6,2.8,6.1,
291.0,Jared McCain,21.0,PHI,SG,31.0,1.0,16.7,2.2,6.3,0.354,1.0,3.0,0.323,1.3,3.3,0.382,0.431,0.7,0.8,0.88,0.1,2.0,2.1,1.5,0.7,0.0,0.7,1.2,6.1,
292.0,Kris Murray,25.0,POR,SF,34.0,11.0,25.7,2.3,5.1,0.446,0.6,2.3,0.256,1.7,2.9,0.598,0.503,0.9,1.2,0.738,1.8,2.2,4.0,1.2,1.2,0.4,0.9,2.0,6.1,
293.0,Taurean Prince,31.0,MIL,SF,8.0,0.0,21.1,2.1,4.8,0.447,1.5,3.5,0.429,0.6,1.3,0.5,0.605,0.4,0.4,1.0,0.0,1.6,1.6,1.0,0.8,0.3,0.6,2.5,6.1,
294.0,Nick Smith Jr.,21.0,LAL,SG,23.0,1.0,13.0,2.3,5.4,0.427,1.2,3.0,0.397,1.1,2.4,0.464,0.536,0.3,0.5,0.636,0.1,0.7,0.8,1.2,0.3,0.1,0.8,1.0,6.1,
295.0,Nae'Qwan Tomlin,25.0,CLE,PF,35.0,2.0,16.0,2.5,5.2,0.475,0.4,1.9,0.215,2.1,3.3,0.621,0.514,0.8,1.1,0.718,1.4,1.8,3.2,0.8,0.7,0.7,0.3,2.0,6.1,
296.0,Ja'Kobe Walter,21.0,TOR,SG,37.0,9.0,17.7,2.1,4.9,0.431,1.2,3.2,0.367,0.9,1.6,0.557,0.552,0.7,1.0,0.75,0.7,1.4,2.1,0.9,0.9,0.2,0.5,1.9,6.1,
297.0,Kenrich Williams,31.0,OKC,PF,26.0,0.0,14.8,2.5,4.7,0.52,0.8,2.3,0.367,1.6,2.4,0.667,0.61,0.3,0.7,0.471,0.8,2.3,3.2,1.6,0.6,0.2,0.5,1.1,6.1,
298.0,Goga Bitadze,26.0,ORL,C,39.0,1.0,16.7,2.5,3.6,0.688,0.1,0.3,0.2,2.4,3.4,0.725,0.695,1.0,1.3,0.731,2.2,3.1,5.2,1.3,0.8,1.2,0.6,2.2,6.0,
299.0,Aaron Holiday,29.0,HOU,PG,30.0,1.0,14.0,1.9,4.8,0.4,1.3,3.3,0.38,0.7,1.5,0.444,0.531,0.8,1.0,0.862,0.1,0.7,0.8,1.0,0.4,0.1,0.7,1.4,6.0,
300.0,KJ Simpson,23.0,CHO,PG,14.0,2.0,15.9,2.2,6.4,0.348,0.9,2.8,0.308,1.4,3.6,0.38,0.416,0.7,1.1,0.625,0.4,1.7,2.1,2.5,1.1,0.0,1.7,1.0,6.0,
301.0,Dru Smith,28.0,MIA,SG,44.0,1.0,16.7,2.0,5.0,0.408,0.7,2.1,0.315,1.4,2.9,0.476,0.475,1.3,1.6,0.817,0.8,1.6,2.4,2.5,1.4,0.3,0.9,1.5,6.0,
302.0,Blake Wesley,22.0,POR,SG,6.0,0.0,16.3,2.3,5.7,0.412,0.3,1.7,0.2,2.0,4.0,0.5,0.441,1.0,1.7,0.6,0.3,2.0,2.3,3.2,1.7,0.2,1.2,2.3,6.0,
303.0,Robert Williams,28.0,POR,C,31.0,1.0,16.0,2.6,3.6,0.726,0.1,0.4,0.25,2.5,3.3,0.782,0.739,0.6,0.8,0.75,2.0,4.3,6.3,1.0,0.6,1.3,0.6,1.2,6.0,
304.0,Jase Richardson,20.0,ORL,SG,30.0,0.0,12.5,2.2,4.5,0.5,0.7,1.8,0.415,1.5,2.7,0.556,0.582,0.7,1.0,0.7,0.5,1.0,1.5,1.3,0.3,0.1,0.6,1.1,5.9,
305.0,Steven Adams,32.0,HOU,C,32.0,11.0,22.8,2.2,4.3,0.504,0.0,0.0,,2.2,4.3,0.504,0.504,1.5,2.5,0.58,4.5,4.1,8.6,1.5,0.7,0.6,1.1,1.7,5.8,
306.0,Paul Reed,26.0,DET,C,31.0,6.0,12.2,2.5,4.2,0.592,0.2,0.6,0.35,2.3,3.5,0.636,0.619,0.6,1.0,0.563,1.9,2.4,4.3,1.2,0.9,0.6,1.0,1.6,5.8,
307.0,Marcus Sasser,25.0,DET,PG,12.0,0.0,10.1,1.9,4.3,0.442,1.2,2.8,0.412,0.8,1.5,0.5,0.577,0.8,0.9,0.909,0.1,1.0,1.1,1.9,0.6,0.2,0.7,1.0,5.8,
308.0,Nolan TraorÃ©,19.0,BRK,PG,23.0,0.0,18.6,2.0,5.8,0.343,0.9,2.8,0.323,1.1,3.0,0.362,0.422,0.9,1.1,0.808,0.1,1.1,1.2,2.7,0.5,0.3,1.3,1.7,5.8,
309.0,Jordan Walsh,21.0,BOS,PF,39.0,20.0,19.0,2.2,4.0,0.558,0.7,1.7,0.433,1.5,2.3,0.652,0.651,0.6,0.8,0.806,1.3,3.2,4.5,0.9,0.9,0.5,0.5,2.3,5.8,
310.0,Yves Missi,21.0,NOP,C,39.0,7.0,18.8,2.4,4.4,0.543,0.0,0.0,0.0,2.4,4.4,0.547,0.543,0.7,1.3,0.592,3.0,2.6,5.5,1.2,0.3,1.3,0.8,1.7,5.6,
311.0,Josh Okogie,27.0,HOU,SG,43.0,27.0,19.9,2.0,4.4,0.444,0.9,2.3,0.396,1.0,2.0,0.5,0.55,0.7,1.1,0.646,1.1,1.6,2.7,0.9,1.0,0.2,0.7,1.6,5.6,
312.0,Dean Wade,29.0,CLE,PF,37.0,16.0,22.8,1.9,4.8,0.393,1.2,3.6,0.323,0.7,1.2,0.6,0.514,0.6,0.9,0.75,0.8,3.3,4.1,1.6,0.7,0.4,0.3,1.6,5.6,
313.0,Jaylin Williams,23.0,OKC,PF,31.0,4.0,18.0,1.7,4.8,0.365,1.1,3.7,0.304,0.6,1.1,0.576,0.483,1.0,1.3,0.732,0.5,4.1,4.6,2.5,0.6,0.5,1.0,2.0,5.6,
314.0,Eric Gordon,37.0,PHI,SG,6.0,0.0,12.3,2.0,3.5,0.571,1.3,2.3,0.571,0.7,1.2,0.571,0.762,0.2,0.3,0.5,0.2,0.2,0.3,0.5,0.7,0.2,0.5,0.5,5.5,
315.0,Oso Ighodaro,23.0,PHO,PF,45.0,7.0,20.1,2.4,3.9,0.616,0.0,0.0,0.0,2.4,3.9,0.619,0.616,0.6,1.3,0.5,1.4,3.0,4.4,1.8,1.0,0.6,1.2,2.6,5.5,
316.0,Cody Williams,21.0,UTA,SG,32.0,9.0,17.4,2.4,5.1,0.463,0.4,1.8,0.228,2.0,3.3,0.589,0.503,0.4,0.7,0.571,0.8,1.4,2.2,0.8,0.4,0.3,0.5,1.7,5.5,
317.0,Jevon Carter,30.0,CHI,PG,21.0,0.0,11.1,1.8,4.4,0.398,1.4,3.3,0.414,0.4,1.1,0.348,0.554,0.5,0.5,1.0,0.2,0.8,1.0,0.9,0.6,0.0,0.5,0.8,5.4,
318.0,Johnny Furphy,21.0,IND,SG,28.0,14.0,17.9,2.1,4.2,0.492,0.8,2.0,0.368,1.3,2.2,0.607,0.581,0.5,1.0,0.464,1.0,3.3,4.2,0.9,0.6,0.2,0.8,1.8,5.4,
319.0,Ben Saraf,19.0,BRK,SG,12.0,5.0,16.9,1.8,5.2,0.355,0.8,2.8,0.273,1.1,2.4,0.448,0.427,1.0,1.3,0.8,0.4,1.2,1.6,2.8,0.7,0.3,1.9,1.3,5.4,
320.0,Pat Spencer,29.0,GSW,PG,30.0,3.0,13.7,2.1,5.1,0.408,0.6,1.6,0.362,1.5,3.5,0.429,0.464,0.7,0.8,0.875,0.6,1.3,2.0,3.0,0.6,0.0,0.9,1.1,5.4,
321.0,Nique Clifford,23.0,SAC,SG,42.0,3.0,18.5,2.0,5.0,0.401,0.7,2.3,0.292,1.4,2.8,0.491,0.467,0.5,0.8,0.676,0.7,2.2,2.9,1.3,0.5,0.3,1.1,1.9,5.3,
322.0,Keon Ellis,26.0,SAC,SG,39.0,5.0,17.3,1.8,4.7,0.384,1.2,3.2,0.357,0.7,1.5,0.441,0.505,0.5,0.8,0.633,0.4,1.0,1.3,0.6,1.1,0.5,0.5,1.6,5.3,
323.0,Noah Penda,21.0,ORL,SF,28.0,2.0,14.1,1.9,4.1,0.457,0.8,1.7,0.447,1.1,2.5,0.464,0.547,0.7,1.2,0.606,1.6,2.4,4.0,1.3,0.6,0.5,0.8,1.4,5.3,
324.0,Will Riley,19.0,WAS,SF,35.0,0.0,14.0,1.9,4.7,0.409,0.5,1.8,0.254,1.5,2.9,0.505,0.457,1.0,1.3,0.8,0.7,1.3,2.0,1.1,0.4,0.1,0.8,0.7,5.3,
325.0,Drew Eubanks,28.0,SAC,C,30.0,11.0,14.0,2.2,3.7,0.6,0.0,0.1,0.25,2.2,3.5,0.613,0.605,0.8,1.4,0.558,0.8,1.9,2.7,0.3,0.4,0.6,0.8,1.4,5.2,
326.0,Garrison Mathews,29.0,IND,SG,15.0,1.0,13.1,1.4,3.5,0.404,1.1,3.1,0.37,0.3,0.4,0.667,0.567,1.3,1.5,0.826,0.1,1.0,1.1,0.7,0.4,0.2,0.2,1.3,5.2,
327.0,Asa Newell,20.0,ATL,PF,33.0,0.0,10.6,2.0,3.6,0.558,0.8,1.7,0.439,1.3,1.9,0.667,0.663,0.3,0.6,0.55,0.8,1.1,1.9,0.5,0.4,0.3,0.5,1.6,5.2,
328.0,Tolu Smith,25.0,DET,PF,5.0,0.0,11.0,1.4,3.0,0.467,0.0,0.0,,1.4,3.0,0.467,0.467,2.4,3.0,0.8,2.0,3.6,5.6,0.8,0.4,1.0,0.8,1.4,5.2,
329.0,Grant Williams,27.0,CHO,PF,5.0,0.0,16.8,1.6,5.0,0.32,1.0,4.2,0.238,0.6,0.8,0.75,0.42,1.0,1.2,0.833,0.8,2.8,3.6,1.2,0.8,0.4,0.4,1.0,5.2,
330.0,Jalen Wilson,25.0,BRK,PF,29.0,0.0,13.7,1.6,4.2,0.377,0.9,2.7,0.351,0.7,1.6,0.422,0.488,1.0,1.3,0.757,0.1,1.1,1.2,0.6,0.3,0.1,0.5,1.2,5.1,
331.0,Branden Carlson,26.0,OKC,C,32.0,2.0,11.0,2.1,3.9,0.524,0.6,1.8,0.351,1.4,2.2,0.667,0.603,0.3,0.5,0.529,0.6,2.0,2.5,0.6,0.2,0.5,0.4,0.9,5.0,
332.0,Taylor Hendricks,22.0,UTA,PF,31.0,6.0,15.0,1.8,3.8,0.47,0.7,2.0,0.365,1.0,1.7,0.593,0.568,0.7,1.0,0.767,0.9,2.2,3.1,0.7,0.4,0.3,0.5,1.3,5.0,
333.0,Karlo MatkoviÄ,24.0,NOP,PF,34.0,2.0,12.8,2.1,3.4,0.624,0.5,1.1,0.421,1.7,2.3,0.722,0.692,0.2,0.4,0.533,0.8,2.4,3.2,0.7,0.3,0.7,0.5,1.6,5.0,
334.0,Gary Payton II,33.0,GSW,SG,43.0,1.0,12.8,2.2,4.1,0.542,0.3,1.1,0.292,1.9,3.0,0.636,0.582,0.2,0.3,0.571,1.1,2.1,3.2,1.6,0.5,0.3,0.9,1.5,5.0,
335.0,Matisse Thybulle,28.0,POR,SG,4.0,0.0,12.3,1.5,2.5,0.6,1.0,1.5,0.667,0.5,1.0,0.5,0.8,1.0,1.0,1.0,0.0,1.0,1.0,0.8,2.5,0.0,0.3,1.8,5.0,
336.0,Lonzo Ball,28.0,CLE,PG,30.0,3.0,21.2,1.6,5.4,0.304,1.2,4.4,0.271,0.4,0.9,0.464,0.416,0.5,0.7,0.7,0.8,3.1,3.9,4.1,1.2,0.3,1.5,1.3,4.9,
337.0,Tyler Kolek,24.0,NYK,PG,39.0,1.0,13.3,2.0,4.6,0.43,0.6,1.9,0.329,1.3,2.6,0.505,0.5,0.3,0.4,0.688,0.3,1.6,1.9,2.7,0.4,0.1,1.0,1.4,4.9,
338.0,Micah Peavy,24.0,NOP,SG,39.0,1.0,16.1,2.1,5.1,0.4,0.5,1.9,0.257,1.6,3.2,0.484,0.448,0.3,0.4,0.733,0.9,1.3,2.3,1.2,0.7,0.2,0.3,1.7,4.9,
339.0,Craig Porter Jr.,25.0,CLE,PG,41.0,2.0,17.8,2.0,4.2,0.465,0.6,1.5,0.4,1.4,2.7,0.5,0.535,0.4,0.6,0.577,1.5,2.1,3.6,3.0,0.9,0.6,0.9,1.1,4.9,
340.0,Jarred Vanderbilt,26.0,LAL,PF,34.0,3.0,19.9,1.9,3.9,0.485,0.5,1.6,0.315,1.4,2.3,0.603,0.549,0.6,0.9,0.71,1.6,3.5,5.1,1.3,0.9,0.4,1.1,1.9,4.9,
341.0,Gabe Vincent,29.0,LAL,PG,23.0,7.0,19.8,1.6,4.7,0.336,1.3,3.7,0.369,0.2,1.0,0.217,0.481,0.4,0.5,0.909,0.3,0.6,0.9,1.3,0.4,0.0,0.4,2.2,4.9,
342.0,Jeremiah Robinson-Earl,25.0,2TM,PF,21.0,3.0,17.0,1.8,4.8,0.37,0.5,2.0,0.244,1.3,2.8,0.458,0.42,0.8,0.9,0.944,1.7,3.1,4.9,0.7,0.4,0.0,0.5,1.2,4.8,
342.0,Jeremiah Robinson-Earl,25.0,IND,PF,17.0,3.0,17.6,1.7,4.9,0.349,0.5,1.9,0.242,1.2,2.9,0.42,0.398,0.8,0.8,0.929,1.9,3.3,5.2,0.7,0.4,0.1,0.6,1.4,4.6,
342.0,Jeremiah Robinson-Earl,25.0,DAL,PF,4.0,0.0,14.5,2.0,4.3,0.471,0.5,2.0,0.25,1.5,2.3,0.667,0.529,1.0,1.0,1.0,1.0,2.5,3.5,0.8,0.5,0.0,0.3,0.8,5.5,
343.0,Dylan Cardwell,24.0,SAC,C,19.0,1.0,19.2,2.1,3.7,0.557,0.0,0.1,0.0,2.1,3.6,0.565,0.557,0.7,1.4,0.538,2.8,4.1,6.9,1.1,0.8,1.6,0.7,3.9,4.8,
344.0,Justin Edwards,22.0,PHI,SF,33.0,5.0,14.4,1.7,4.4,0.384,1.0,2.9,0.333,0.7,1.5,0.48,0.493,0.5,0.5,0.882,0.5,1.1,1.5,1.2,0.6,0.2,0.6,1.5,4.8,
345.0,Jett Howard,22.0,ORL,SF,28.0,0.0,11.0,1.6,4.4,0.374,0.9,2.8,0.333,0.7,1.6,0.444,0.48,0.6,0.6,0.944,0.4,1.1,1.4,0.9,0.1,0.1,0.2,1.0,4.8,
346.0,Dalton Knecht,24.0,LAL,SF,36.0,1.0,12.5,1.8,4.2,0.437,0.8,2.5,0.319,1.0,1.7,0.617,0.533,0.3,0.4,0.688,0.3,1.3,1.6,0.4,0.2,0.3,0.4,1.0,4.8,
347.0,Tyrese Proctor,21.0,CLE,PG,32.0,1.0,10.5,1.6,4.4,0.366,0.9,2.8,0.322,0.7,1.6,0.442,0.468,0.6,0.7,0.826,0.2,1.0,1.2,1.2,0.3,0.0,0.5,1.2,4.8,
348.0,Olivier-Maxence Prosper,23.0,MEM,PF,20.0,0.0,11.3,1.6,3.2,0.484,0.4,1.1,0.318,1.2,2.1,0.571,0.539,1.3,1.4,0.929,0.6,1.7,2.3,0.8,0.2,0.1,0.6,0.8,4.8,
349.0,Mitchell Robinson,27.0,NYK,C,31.0,13.0,19.3,2.1,3.1,0.677,0.0,0.0,,2.1,3.1,0.677,0.677,0.6,1.7,0.377,4.9,4.3,9.1,1.1,0.8,1.2,0.7,2.4,4.8,
350.0,Mike Conley,38.0,MIN,PG,39.0,8.0,18.5,1.4,4.1,0.338,1.0,3.1,0.336,0.4,1.1,0.341,0.463,0.9,1.1,0.881,0.3,1.4,1.7,2.9,0.6,0.2,0.6,1.5,4.7,
351.0,Zeke Nnaji,25.0,DEN,PF,33.0,2.0,13.7,1.7,3.4,0.487,0.3,1.2,0.275,1.3,2.2,0.603,0.535,1.0,1.2,0.825,0.7,2.1,2.8,0.6,0.4,0.5,0.5,1.4,4.7,
352.0,PJ Hall,23.0,2TM,C,15.0,2.0,10.3,1.7,2.9,0.591,0.2,0.3,0.6,1.5,2.6,0.59,0.625,0.9,1.3,0.7,1.5,1.9,3.5,0.5,0.1,0.6,0.7,1.1,4.6,
352.0,PJ Hall,23.0,MEM,C,7.0,0.0,3.9,0.7,1.3,0.556,0.1,0.4,0.333,0.6,0.9,0.667,0.611,0.3,0.4,0.667,0.4,0.9,1.3,0.3,0.0,0.3,0.1,0.4,1.9,
352.0,PJ Hall,23.0,CHO,C,8.0,2.0,15.9,2.6,4.4,0.6,0.3,0.3,1.0,2.4,4.1,0.576,0.629,1.5,2.1,0.706,2.5,2.9,5.4,0.6,0.1,0.9,1.3,1.6,7.0,
353.0,Ochai Agbaji,25.0,TOR,SG,38.0,13.0,16.5,1.8,4.4,0.422,0.3,1.7,0.188,1.5,2.7,0.569,0.458,0.6,0.7,0.889,0.8,1.6,2.4,0.8,0.4,0.3,0.4,1.9,4.6,
354.0,Nicolas Batum,37.0,LAC,PF,43.0,4.0,20.1,1.5,3.8,0.393,1.4,3.6,0.394,0.1,0.2,0.375,0.58,0.2,0.3,0.818,0.4,2.2,2.6,0.8,0.8,0.4,0.6,1.7,4.6,
355.0,Thomas Bryant,28.0,CLE,C,31.0,0.0,9.1,1.6,3.2,0.52,0.5,1.5,0.34,1.1,1.6,0.686,0.602,0.8,0.9,0.828,0.7,1.8,2.5,0.4,0.2,0.4,0.3,1.1,4.6,
356.0,Mouhamed Gueye,23.0,ATL,PF,45.0,4.0,16.0,1.8,4.2,0.439,0.5,1.8,0.272,1.3,2.4,0.566,0.497,0.5,0.9,0.59,1.1,2.4,3.5,1.0,0.8,0.6,0.6,1.7,4.6,
357.0,DaRon Holmes,23.0,DEN,PF,12.0,6.0,14.1,1.4,3.4,0.415,1.2,2.8,0.412,0.3,0.6,0.429,0.585,0.5,0.7,0.75,0.4,1.6,2.0,1.3,0.0,0.3,0.4,1.3,4.5,
358.0,DeAndre Jordan,37.0,NOP,C,2.0,1.0,11.5,2.0,2.5,0.8,0.0,0.0,,2.0,2.5,0.8,0.8,0.5,1.0,0.5,2.0,3.0,5.0,0.0,0.0,0.0,0.5,0.5,4.5,
359.0,A.J. Lawson,25.0,TOR,SG,11.0,0.0,9.6,1.5,3.7,0.39,0.7,2.0,0.364,0.7,1.7,0.421,0.488,0.8,0.8,1.0,0.6,1.4,2.0,0.3,0.4,0.3,0.4,1.4,4.5,
360.0,Terrence Shannon Jr.,25.0,MIN,SG,22.0,0.0,12.8,1.5,3.7,0.395,0.7,1.7,0.405,0.8,2.0,0.386,0.488,1.0,1.2,0.778,0.3,1.0,1.3,0.6,0.3,0.0,0.7,1.3,4.5,
361.0,Javon Small,23.0,MEM,PG,15.0,0.0,12.3,1.4,3.9,0.362,0.7,2.1,0.344,0.7,1.7,0.385,0.457,0.9,1.1,0.824,0.3,1.0,1.3,3.2,0.3,0.1,1.3,1.3,4.5,
362.0,Julian Strawther,23.0,DEN,SG,23.0,1.0,10.4,1.4,3.7,0.384,0.3,1.6,0.216,1.1,2.1,0.51,0.43,1.3,1.6,0.784,0.1,1.3,1.4,0.8,0.2,0.0,0.4,1.0,4.5,
363.0,Josh Green,25.0,CHO,SG,21.0,0.0,15.9,1.6,3.6,0.434,1.1,2.7,0.404,0.5,0.9,0.526,0.586,0.2,0.3,0.667,1.0,1.1,2.1,1.0,0.6,0.1,0.5,1.0,4.4,
364.0,Ethan Thompson,26.0,IND,SG,19.0,5.0,16.1,1.5,4.3,0.358,0.8,2.9,0.286,0.7,1.3,0.52,0.457,0.5,0.8,0.667,0.6,1.3,1.8,1.4,0.5,0.3,0.6,1.9,4.4,
365.0,RayJ Dennis,24.0,3TM,PG,15.0,0.0,11.8,1.5,4.9,0.301,0.8,2.6,0.308,0.7,2.3,0.294,0.384,0.5,0.6,0.889,0.5,1.0,1.5,2.0,0.3,0.3,1.0,1.1,4.3,
365.0,RayJ Dennis,24.0,IND,PG,13.0,0.0,12.9,1.7,5.5,0.306,0.9,2.9,0.316,0.8,2.6,0.294,0.389,0.6,0.7,0.889,0.6,1.0,1.6,2.0,0.2,0.3,1.1,1.2,4.9,
365.0,RayJ Dennis,24.0,LAC,PG,1.0,0.0,4.0,0.0,0.0,,0.0,0.0,,0.0,0.0,,,0.0,0.0,,0.0,2.0,2.0,0.0,0.0,0.0,1.0,0.0,0.0,
365.0,RayJ Dennis,24.0,ATL,PG,1.0,0.0,5.0,0.0,1.0,0.0,0.0,1.0,0.0,0.0,0.0,,0.0,0.0,0.0,,0.0,0.0,0.0,4.0,1.0,0.0,0.0,1.0,0.0,
366.0,Jordan Hawkins,23.0,NOP,SG,35.0,0.0,14.1,1.5,4.8,0.32,0.8,2.7,0.301,0.7,2.2,0.342,0.402,0.4,0.5,0.778,0.4,1.4,1.8,0.7,0.2,0.2,0.6,0.6,4.3,
367.0,Trayce Jackson-Davis,25.0,GSW,C,32.0,1.0,11.9,1.8,2.9,0.596,0.0,0.0,1.0,1.7,2.9,0.591,0.601,0.8,1.4,0.565,1.4,1.9,3.3,0.9,0.3,0.6,0.4,1.1,4.3,
368.0,Dereck Lively II,21.0,DAL,C,7.0,4.0,16.4,1.6,2.6,0.611,0.0,0.0,,1.6,2.6,0.611,0.611,1.1,1.4,0.8,2.0,3.3,5.3,1.9,0.6,1.6,1.4,3.0,4.3,
369.0,Liam McNeeley,20.0,CHO,SF,27.0,0.0,12.4,1.3,3.2,0.395,0.8,2.1,0.379,0.4,1.0,0.429,0.523,0.9,1.1,0.806,0.4,1.8,2.2,0.9,0.2,0.1,0.4,1.3,4.3,
370.0,Jeremy Sochan,22.0,SAS,PF,27.0,0.0,13.1,1.7,3.6,0.48,0.3,1.3,0.257,1.4,2.3,0.603,0.526,0.4,0.6,0.688,1.0,1.7,2.7,1.0,0.4,0.1,0.7,1.9,4.2,
371.0,Keaton Wallace,26.0,ATL,PG,36.0,2.0,12.2,1.6,3.7,0.421,0.9,2.3,0.402,0.6,1.4,0.451,0.545,0.2,0.3,0.545,0.1,1.2,1.3,2.2,0.6,0.1,0.6,1.0,4.2,
372.0,Adem Bona,22.0,PHI,C,34.0,3.0,16.8,1.4,2.4,0.593,0.1,0.1,0.4,1.4,2.2,0.605,0.605,1.2,1.8,0.672,1.8,2.2,4.0,0.3,0.3,1.4,0.8,2.0,4.1,
373.0,Malaki Branham,22.0,WAS,SG,24.0,0.0,9.6,1.4,3.0,0.458,0.3,1.1,0.296,1.0,1.9,0.556,0.514,1.0,1.3,0.833,0.4,1.2,1.6,0.9,0.4,0.1,0.5,0.7,4.1,
374.0,Jaylen Clark,24.0,MIN,SG,42.0,0.0,14.0,1.5,3.4,0.433,0.4,1.4,0.288,1.0,2.0,0.537,0.493,0.8,1.2,0.647,0.9,1.0,2.0,0.6,0.8,0.2,0.3,1.5,4.1,
375.0,Hugo GonzÃ¡lez,19.0,BOS,SF,39.0,2.0,14.9,1.7,3.3,0.512,0.5,1.4,0.382,1.1,1.8,0.611,0.594,0.2,0.4,0.529,0.9,2.5,3.4,0.6,0.6,0.3,0.6,1.9,4.1,
376.0,Tony Bradley,28.0,IND,C,38.0,3.0,10.9,1.6,2.8,0.557,0.0,0.1,0.5,1.5,2.7,0.558,0.561,0.8,1.1,0.744,1.5,1.3,2.8,0.5,0.2,0.2,0.4,1.6,4.0,
377.0,Brandon Clarke,29.0,MEM,PF,2.0,2.0,10.0,1.5,4.5,0.333,0.0,0.0,,1.5,4.5,0.333,0.333,1.0,2.0,0.5,2.0,1.0,3.0,0.5,1.0,0.0,0.0,2.5,4.0,
378.0,Ousmane Dieng,22.0,OKC,C,22.0,0.0,11.0,1.5,3.4,0.446,0.8,1.8,0.436,0.7,1.6,0.457,0.561,0.3,0.3,1.0,0.3,1.3,1.6,0.9,0.0,0.3,0.3,0.9,4.0,
379.0,Moussa Cisse,23.0,DAL,C,26.0,1.0,11.6,1.5,2.3,0.639,0.0,0.0,,1.5,2.3,0.639,0.639,0.9,1.9,0.46,1.9,2.7,4.5,0.2,0.3,1.2,0.8,1.8,3.9,
380.0,Kasparas JakuÄionis,19.0,MIA,PG,19.0,3.0,14.5,1.1,3.5,0.313,0.9,2.2,0.429,0.2,1.3,0.12,0.448,0.7,0.8,0.875,0.7,1.3,2.0,1.8,0.5,0.0,0.8,1.6,3.9,
381.0,Jabari Walker,23.0,PHI,PF,40.0,6.0,12.7,1.4,3.3,0.417,0.4,1.4,0.246,1.0,1.9,0.547,0.47,0.8,1.1,0.727,1.3,2.1,3.3,0.5,0.3,0.3,0.4,1.8,3.9,
382.0,Cam Christie,20.0,LAC,SG,29.0,0.0,10.1,1.2,2.9,0.4,0.3,1.2,0.278,0.8,1.7,0.49,0.459,1.0,1.3,0.744,0.3,1.4,1.8,0.6,0.3,0.1,0.4,0.5,3.7,
383.0,Gui Santos,23.0,GSW,PF,35.0,3.0,11.5,1.3,2.8,0.465,0.7,1.8,0.359,0.7,1.0,0.657,0.581,0.5,0.7,0.667,0.7,1.6,2.3,1.0,0.4,0.2,0.7,1.3,3.7,
384.0,Drew Timme,25.0,LAL,PF,10.0,0.0,8.3,1.6,2.6,0.615,0.5,0.9,0.556,1.1,1.7,0.647,0.712,0.0,0.1,0.0,0.4,0.9,1.3,1.0,0.3,0.0,0.3,0.8,3.7,
385.0,Clint Capela,31.0,HOU,C,37.0,1.0,11.6,1.6,3.1,0.531,0.0,0.0,,1.6,3.1,0.531,0.531,0.4,0.8,0.5,2.4,2.2,4.6,0.5,0.5,0.7,0.5,0.9,3.6,
386.0,Rob Dillingham,21.0,MIN,PG,32.0,0.0,9.8,1.4,4.2,0.338,0.3,1.0,0.355,1.1,3.2,0.333,0.38,0.5,0.6,0.75,0.2,1.1,1.2,1.8,0.5,0.1,1.0,1.1,3.6,
387.0,Yanic Konan NiederhÃ¤user,22.0,LAC,C,24.0,0.0,8.8,1.4,2.1,0.647,0.0,0.1,0.0,1.4,2.0,0.673,0.647,0.8,1.3,0.645,0.8,1.3,2.2,0.3,0.1,0.5,0.5,1.2,3.6,
388.0,Charles Bassey,25.0,MEM,C,2.0,0.0,15.5,1.5,4.0,0.375,0.0,0.0,,1.5,4.0,0.375,0.375,0.5,1.5,0.333,3.5,4.0,7.5,1.0,0.5,0.5,0.5,2.5,3.5,
389.0,Jamison Battle,24.0,TOR,SF,34.0,2.0,8.8,1.3,2.4,0.549,0.6,1.4,0.458,0.7,1.0,0.676,0.683,0.2,0.3,0.667,0.3,1.2,1.5,0.4,0.1,0.1,0.4,0.8,3.5,
390.0,Larry Nance Jr.,33.0,CLE,PF,19.0,2.0,14.3,1.4,3.9,0.365,0.6,2.1,0.308,0.8,1.8,0.429,0.446,0.1,0.2,0.333,0.8,1.8,2.7,1.1,0.6,0.2,0.5,2.3,3.5,
391.0,Kelly Olynyk,34.0,SAS,C,28.0,0.0,9.5,1.2,2.6,0.472,0.3,1.4,0.237,0.9,1.2,0.735,0.535,0.7,1.1,0.667,0.6,1.3,1.9,1.3,0.5,0.0,0.6,1.2,3.5,
392.0,Doug McDermott,34.0,SAC,SF,7.0,0.0,10.0,1.1,3.3,0.348,1.1,3.3,0.348,0.0,0.0,,0.522,0.0,0.0,,0.0,0.7,0.7,0.3,0.0,0.1,0.4,0.7,3.4,
393.0,Myron Gardner,24.0,MIA,SF,17.0,0.0,6.9,1.2,2.5,0.476,0.6,1.5,0.385,0.6,0.9,0.625,0.595,0.4,0.4,0.857,0.6,1.1,1.7,0.6,0.4,0.1,0.1,1.3,3.3,
394.0,Chaz Lanier,24.0,DET,SG,16.0,0.0,9.6,1.1,3.0,0.354,0.9,2.6,0.341,0.2,0.4,0.429,0.5,0.3,0.3,1.0,0.4,0.6,0.9,0.8,0.3,0.0,0.1,0.3,3.3,
395.0,Dwight Powell,34.0,DAL,C,31.0,6.0,14.6,1.0,1.5,0.681,0.0,0.0,,1.0,1.5,0.681,0.681,1.2,1.9,0.655,1.3,2.5,3.8,1.0,0.5,0.4,0.5,2.0,3.3,
396.0,James Wiseman,24.0,IND,C,4.0,1.0,14.5,1.5,2.5,0.6,0.0,0.0,,1.5,2.5,0.6,0.6,0.3,0.5,0.5,1.3,0.8,2.0,0.8,0.0,0.3,1.3,2.5,3.3,
397.0,Devin Carter,23.0,SAC,PG,12.0,0.0,8.4,1.1,3.2,0.342,0.4,1.7,0.25,0.7,1.5,0.444,0.408,0.6,0.6,1.0,0.4,0.8,1.2,1.1,0.5,0.2,0.7,0.8,3.2,
398.0,Dorian Finney-Smith,32.0,HOU,PF,13.0,0.0,15.5,1.1,3.4,0.318,0.8,2.7,0.286,0.3,0.7,0.444,0.432,0.2,0.2,1.0,1.0,1.7,2.7,0.5,0.2,0.2,0.5,1.7,3.2,
399.0,Miles Kelly,23.0,DAL,PG,9.0,0.0,8.6,1.2,3.1,0.393,0.8,2.4,0.318,0.4,0.7,0.667,0.518,0.0,0.0,,0.4,0.9,1.3,0.6,0.2,0.0,0.3,0.9,3.2,
400.0,Nick Richards,28.0,PHO,C,28.0,2.0,9.1,1.3,2.5,0.493,0.0,0.0,,1.3,2.5,0.493,0.493,0.7,1.0,0.679,1.3,2.0,3.3,0.3,0.1,0.5,0.9,1.4,3.2,
401.0,Tyus Jones,29.0,ORL,PG,43.0,8.0,16.1,1.2,3.5,0.336,0.6,2.3,0.278,0.5,1.2,0.442,0.426,0.1,0.1,1.0,0.2,0.9,1.1,2.3,0.7,0.1,0.3,0.6,3.1,
402.0,Mark Sears,23.0,MIL,PG,7.0,0.0,3.7,0.9,1.9,0.462,0.6,1.1,0.5,0.3,0.7,0.4,0.615,0.9,1.1,0.75,0.1,0.1,0.3,0.3,0.0,0.0,0.6,0.6,3.1,
403.0,Dalen Terry,23.0,CHI,SG,28.0,0.0,10.1,1.2,2.8,0.436,0.5,1.2,0.382,0.8,1.6,0.477,0.519,0.2,0.4,0.545,0.5,1.2,1.7,1.1,0.6,0.3,0.6,1.0,3.1,
404.0,Joan Beringer,19.0,MIN,PF,19.0,0.0,6.7,1.4,2.0,0.711,0.0,0.0,,1.4,2.0,0.711,0.711,0.2,0.2,0.75,0.9,1.1,2.1,0.3,0.2,0.4,0.3,1.0,3.0,
405.0,Kobe Bufkin,22.0,LAL,SG,4.0,0.0,11.3,1.0,2.8,0.364,0.5,1.8,0.286,0.5,1.0,0.5,0.455,0.5,0.5,1.0,0.3,1.0,1.3,0.5,0.3,0.8,0.3,0.8,3.0,
406.0,Pat Connaughton,33.0,CHO,SG,21.0,0.0,7.0,1.0,2.1,0.489,0.5,1.3,0.407,0.5,0.9,0.611,0.611,0.4,0.6,0.615,0.2,1.1,1.3,0.6,0.2,0.0,0.1,0.2,3.0,
407.0,Chris Livingston,22.0,CLE,SF,3.0,0.0,5.7,1.3,2.3,0.571,0.0,1.0,0.0,1.3,1.3,1.0,0.571,0.3,0.3,1.0,0.0,1.0,1.0,0.3,0.3,0.0,0.0,1.3,3.0,
408.0,Alijah Martin,24.0,TOR,SG,10.0,0.0,8.8,0.9,2.6,0.346,0.2,1.1,0.182,0.7,1.5,0.467,0.385,1.0,1.2,0.833,0.6,0.6,1.2,0.8,0.5,0.3,0.3,0.9,3.0,
409.0,Emanuel Miller,25.0,CHI,PF,5.0,0.0,6.6,1.2,2.6,0.462,0.4,1.2,0.333,0.8,1.4,0.571,0.538,0.2,0.4,0.5,0.2,0.4,0.6,0.8,0.4,0.0,0.0,0.4,3.0,
410.0,Riley Minix,25.0,SAS,SF,3.0,0.0,2.7,1.3,2.0,0.667,0.3,1.0,0.333,1.0,1.0,1.0,0.75,0.0,0.0,,0.3,0.3,0.7,0.3,0.3,0.0,0.0,0.3,3.0,
411.0,Monte Morris,30.0,IND,PG,6.0,0.0,10.8,1.2,3.3,0.35,0.3,1.3,0.25,0.8,2.0,0.417,0.4,0.3,0.7,0.5,0.2,1.0,1.2,1.5,0.2,0.2,0.3,0.5,3.0,
412.0,Antonio Reeves,25.0,CHO,SG,7.0,0.0,8.0,1.1,2.3,0.5,0.7,1.4,0.5,0.4,0.9,0.5,0.656,0.0,0.0,,0.1,0.6,0.7,0.3,0.1,0.0,0.0,0.4,3.0,
413.0,Baylor Scheierman,25.0,BOS,SG,39.0,3.0,12.9,1.1,2.3,0.462,0.8,1.8,0.423,0.3,0.5,0.6,0.626,0.1,0.1,0.8,0.3,1.6,1.9,0.8,0.6,0.1,0.4,1.4,3.0,
414.0,Jamir Watkins,24.0,WAS,SG,18.0,2.0,13.7,1.0,2.2,0.462,0.3,1.3,0.261,0.7,0.9,0.75,0.538,0.7,0.9,0.75,0.6,2.3,2.9,0.5,0.4,0.3,0.4,2.2,3.0,
415.0,Kobe Brown,26.0,LAC,PF,28.0,0.0,9.4,0.9,2.6,0.361,0.4,1.5,0.233,0.6,1.0,0.552,0.431,0.6,0.8,0.818,0.6,1.1,1.8,0.9,0.3,0.1,0.4,0.5,2.9,
416.0,Keshad Johnson,24.0,MIA,SF,18.0,0.0,7.9,1.1,2.8,0.373,0.3,1.1,0.25,0.8,1.7,0.452,0.422,0.5,0.7,0.692,0.7,1.2,1.9,0.1,0.3,0.2,0.3,0.7,2.9,
417.0,David Jones GarcÃ­a,24.0,SAS,SF,11.0,0.0,6.2,1.2,2.3,0.52,0.3,0.5,0.6,0.9,1.8,0.5,0.58,0.3,0.5,0.5,0.4,0.8,1.2,1.6,0.5,0.1,0.5,0.5,2.9,
418.0,John Konchar,29.0,MEM,SG,27.0,1.0,13.6,1.1,2.3,0.492,0.4,1.2,0.303,0.7,1.0,0.714,0.574,0.3,0.5,0.615,0.6,2.4,2.9,1.3,1.0,0.4,0.4,1.0,2.9,
419.0,Pete Nance,25.0,MIL,PF,14.0,0.0,7.4,1.1,2.1,0.552,0.6,1.3,0.5,0.5,0.8,0.636,0.707,0.0,0.0,,0.4,0.9,1.3,0.4,0.4,0.2,0.4,0.3,2.9,
420.0,Chris Paul,40.0,LAC,PG,16.0,0.0,14.3,1.1,3.5,0.321,0.6,1.9,0.333,0.5,1.6,0.308,0.411,0.1,0.1,0.5,0.4,1.4,1.8,3.3,0.7,0.0,1.0,1.4,2.9,
421.0,Duop Reath,29.0,POR,C,32.0,0.0,8.1,1.0,2.3,0.446,0.7,1.7,0.418,0.3,0.6,0.526,0.601,0.2,0.2,0.833,0.3,0.9,1.2,0.3,0.2,0.3,0.2,0.9,2.9,
422.0,Jericho Sims,27.0,MIL,C,31.0,4.0,14.0,1.3,1.6,0.837,0.0,0.0,,1.3,1.6,0.837,0.837,0.3,0.4,0.615,1.3,2.4,3.6,0.6,0.2,0.2,1.0,1.6,2.9,
423.0,Guerschon Yabusele,30.0,NYK,C,37.0,0.0,9.4,1.1,2.8,0.392,0.5,1.8,0.308,0.5,1.0,0.541,0.49,0.2,0.3,0.667,0.6,1.6,2.1,0.5,0.1,0.1,0.4,0.9,2.9,
424.0,Trey Alexander,22.0,NOP,SG,5.0,0.0,8.4,1.2,1.8,0.667,0.4,0.6,0.667,0.8,1.2,0.667,0.778,0.0,0.0,,0.0,0.8,0.8,1.0,0.2,0.2,0.2,0.8,2.8,
425.0,Gary Harris,31.0,MIL,SG,34.0,2.0,14.9,1.0,2.0,0.485,0.6,1.2,0.476,0.4,0.8,0.5,0.632,0.2,0.3,0.889,0.4,1.1,1.5,1.1,0.6,0.1,0.4,1.2,2.8,
426.0,Jonathan Isaac,28.0,ORL,PF,36.0,0.0,10.0,1.0,2.2,0.443,0.2,0.9,0.194,0.8,1.3,0.604,0.481,0.7,1.2,0.605,0.8,1.8,2.6,0.3,0.4,0.5,0.3,0.8,2.8,
427.0,Bobi Klintman,22.0,DET,SF,6.0,0.0,8.8,1.2,3.5,0.333,0.5,1.8,0.273,0.7,1.7,0.4,0.405,0.0,0.5,0.0,0.8,1.8,2.7,0.7,0.3,0.0,0.8,1.5,2.8,
428.0,Julian Phillips,22.0,CHI,SF,30.0,2.0,9.7,1.1,2.5,0.427,0.5,1.5,0.318,0.6,1.0,0.581,0.52,0.2,0.2,0.833,0.7,0.7,1.3,0.2,0.5,0.2,0.2,1.1,2.8,
429.0,Jamal Cain,26.0,ORL,SF,18.0,0.0,7.0,0.8,2.1,0.378,0.3,1.0,0.278,0.5,1.1,0.474,0.446,0.8,1.0,0.833,0.4,0.3,0.7,0.3,0.2,0.1,0.3,1.2,2.7,
430.0,Kevon Looney,29.0,NOP,C,17.0,6.0,13.9,1.2,2.8,0.426,0.1,0.5,0.111,1.1,2.2,0.5,0.436,0.3,0.5,0.625,2.3,2.8,5.1,1.5,0.4,0.5,0.5,1.8,2.7,
431.0,Jae'Sean Tate,30.0,HOU,SF,26.0,0.0,8.0,1.1,2.2,0.5,0.3,0.7,0.368,0.8,1.5,0.564,0.56,0.2,0.2,0.8,0.7,0.8,1.5,0.5,0.2,0.1,0.3,1.2,2.7,
432.0,Rasheer Fleming,21.0,PHO,PF,24.0,0.0,7.0,1.0,2.8,0.353,0.3,1.6,0.205,0.7,1.2,0.552,0.412,0.3,0.4,0.778,0.7,0.6,1.3,0.2,0.3,0.3,0.2,0.8,2.6,
433.0,Leonard Miller,22.0,MIN,SF,17.0,0.0,5.1,1.1,1.9,0.563,0.1,0.6,0.091,1.0,1.2,0.81,0.578,0.4,0.6,0.636,0.4,1.0,1.4,0.3,0.2,0.0,0.4,0.6,2.6,
434.0,Rayan Rupert,21.0,POR,SG,39.0,0.0,11.8,1.0,2.9,0.354,0.4,1.4,0.264,0.7,1.5,0.433,0.416,0.2,0.3,0.583,0.4,1.2,1.7,0.7,0.5,0.1,0.4,1.2,2.6,
435.0,Carter Bryant,20.0,SAS,PF,35.0,0.0,8.2,0.9,2.6,0.348,0.3,1.4,0.25,0.6,1.3,0.455,0.413,0.3,0.3,0.833,0.4,1.3,1.7,0.2,0.2,0.1,0.3,0.8,2.5,
436.0,Christian Koloko,25.0,3TM,C,15.0,2.0,14.9,1.1,2.7,0.425,0.1,0.1,0.5,1.1,2.5,0.421,0.438,0.1,0.3,0.25,1.3,1.9,3.1,0.7,0.7,1.1,0.7,1.7,2.4,
436.0,Christian Koloko,25.0,LAL,C,2.0,0.0,3.0,0.0,0.0,,0.0,0.0,,0.0,0.0,,,0.0,0.0,,0.0,0.5,0.5,0.0,0.0,0.0,0.0,0.5,0.0,
436.0,Christian Koloko,25.0,MEM,C,11.0,2.0,17.7,1.3,3.2,0.4,0.0,0.1,0.0,1.3,3.1,0.412,0.4,0.1,0.4,0.25,1.7,2.3,4.0,0.9,0.9,1.2,0.6,1.8,2.6,
436.0,Christian Koloko,25.0,ATL,C,2.0,0.0,11.5,1.5,2.5,0.6,0.5,0.5,1.0,1.0,2.0,0.5,0.7,0.0,0.0,,0.0,1.0,1.0,0.0,0.5,1.5,1.5,2.5,3.5,
437.0,Elijah Harkless,25.0,UTA,SG,7.0,0.0,9.4,0.6,1.6,0.364,0.3,1.0,0.286,0.3,0.6,0.5,0.455,1.0,1.3,0.778,0.3,0.6,0.9,0.7,0.6,0.0,0.4,1.4,2.4,
438.0,Caleb Martin,30.0,DAL,SF,38.0,4.0,11.8,1.0,2.3,0.43,0.1,0.6,0.208,0.8,1.6,0.516,0.459,0.4,0.6,0.609,0.4,1.4,1.9,1.4,0.6,0.2,0.6,1.4,2.4,
439.0,Xavier Tillman Sr.,27.0,BOS,C,13.0,1.0,8.5,1.1,2.3,0.467,0.2,1.1,0.214,0.8,1.2,0.688,0.517,0.0,0.0,,0.8,1.2,1.9,0.4,0.5,0.2,0.4,0.7,2.4,
440.0,Chris Boucher,33.0,BOS,PF,8.0,0.0,11.4,0.9,2.8,0.318,0.1,1.5,0.083,0.8,1.3,0.6,0.341,0.4,0.5,0.75,0.3,2.0,2.3,0.4,0.6,0.9,0.1,2.0,2.3,
441.0,Yang Hansen,20.0,POR,C,26.0,1.0,8.3,0.8,2.7,0.286,0.2,1.2,0.156,0.6,1.5,0.395,0.321,0.6,0.6,0.938,0.4,1.3,1.7,0.7,0.1,0.3,0.9,1.2,2.3,
442.0,Caleb Houstan,23.0,ATL,SF,10.0,0.0,4.9,0.7,1.5,0.467,0.6,1.2,0.5,0.1,0.3,0.333,0.667,0.3,0.3,1.0,0.4,0.1,0.5,0.2,0.1,0.1,0.4,0.6,2.3,
443.0,Kevin McCullar Jr.,24.0,NYK,SF,12.0,0.0,7.3,0.8,1.9,0.435,0.5,1.2,0.429,0.3,0.8,0.444,0.565,0.2,0.4,0.4,0.7,1.0,1.7,1.3,0.3,0.0,0.7,1.2,2.3,
444.0,Luke Travers,24.0,CLE,SG,12.0,0.0,8.6,0.8,3.0,0.25,0.1,1.3,0.063,0.7,1.7,0.4,0.264,0.8,0.8,1.0,0.8,1.3,2.0,0.8,0.6,0.3,0.3,0.5,2.3,
445.0,Hunter Tyson,25.0,DEN,PF,18.0,2.0,8.0,0.7,2.8,0.26,0.3,1.7,0.194,0.4,1.1,0.368,0.32,0.5,0.6,0.818,0.2,1.5,1.7,0.8,0.1,0.1,0.2,0.7,2.3,
446.0,Jordan McLaughlin,29.0,SAS,PG,19.0,0.0,6.1,0.8,1.8,0.429,0.4,1.0,0.368,0.4,0.8,0.5,0.529,0.2,0.3,0.8,0.2,0.5,0.7,0.8,0.5,0.0,0.4,0.4,2.2,
447.0,Amir Coffey,28.0,MIL,SG,26.0,0.0,8.2,0.7,1.7,0.409,0.2,0.8,0.227,0.5,0.8,0.591,0.466,0.5,0.5,0.929,0.2,0.6,0.8,0.3,0.1,0.1,0.2,0.4,2.1,
448.0,Jeff Green,39.0,HOU,PF,15.0,0.0,4.4,0.8,1.7,0.48,0.5,1.1,0.471,0.3,0.5,0.5,0.64,0.0,0.0,,0.1,0.5,0.5,0.1,0.0,0.1,0.1,0.3,2.1,
449.0,Johnny Juzang,24.0,MIN,SG,17.0,0.0,3.9,0.8,1.9,0.438,0.3,1.2,0.25,0.5,0.7,0.75,0.516,0.2,0.2,0.75,0.3,0.5,0.8,0.4,0.1,0.0,0.2,0.2,2.1,
450.0,Maxi Kleber,34.0,LAL,PF,20.0,1.0,11.5,0.7,2.0,0.325,0.2,0.9,0.235,0.5,1.2,0.391,0.375,0.6,0.7,0.786,0.7,1.2,1.9,0.7,0.3,0.3,0.4,1.6,2.1,
451.0,Lindy Waters III,28.0,SAS,SG,26.0,0.0,7.2,0.7,2.1,0.352,0.6,1.8,0.319,0.2,0.3,0.571,0.491,0.0,0.0,1.0,0.1,0.7,0.8,0.4,0.2,0.0,0.1,0.7,2.1,
452.0,Patrick Baldwin Jr.,23.0,LAC,SF,1.0,0.0,5.0,0.0,1.0,0.0,0.0,1.0,0.0,0.0,0.0,,0.0,2.0,2.0,1.0,0.0,0.0,0.0,0.0,0.0,0.0,0.0,1.0,2.0,
453.0,Koby Brea,23.0,PHO,SG,2.0,0.0,4.0,0.5,1.5,0.333,0.0,1.0,0.0,0.5,0.5,1.0,0.333,1.0,1.0,1.0,0.0,0.5,0.5,1.0,0.0,0.0,0.0,0.0,2.0,
454.0,JD Davison,23.0,HOU,PG,20.0,0.0,7.2,0.7,2.0,0.359,0.3,1.1,0.286,0.4,0.9,0.444,0.436,0.3,0.5,0.556,0.1,0.7,0.8,1.0,0.3,0.2,0.3,0.6,2.0,
455.0,Hunter Dickinson,25.0,NOP,C,1.0,0.0,5.0,1.0,2.0,0.5,0.0,0.0,,1.0,2.0,0.5,0.5,0.0,0.0,,0.0,0.0,0.0,0.0,0.0,1.0,2.0,2.0,2.0,
456.0,Trentyn Flowers,20.0,CHI,SF,2.0,0.0,3.0,1.0,1.5,0.667,0.0,0.5,0.0,1.0,1.0,1.0,0.667,0.0,0.0,,0.5,0.0,0.5,0.5,0.0,0.0,0.5,0.5,2.0,
457.0,Colby Jones,23.0,DET,SG,1.0,0.0,7.0,1.0,3.0,0.333,0.0,2.0,0.0,1.0,1.0,1.0,0.333,0.0,0.0,,0.0,4.0,4.0,2.0,0.0,0.0,0.0,1.0,2.0,
458.0,Isaiah Livers,27.0,PHO,PF,23.0,0.0,10.2,0.7,1.9,0.372,0.4,1.3,0.323,0.3,0.5,0.5,0.488,0.2,0.3,0.833,0.6,1.3,1.9,0.7,0.4,0.3,0.4,1.0,2.0,
459.0,Wendell Moore Jr.,24.0,DET,SG,3.0,0.0,14.3,1.0,2.0,0.5,0.0,0.3,0.0,1.0,1.7,0.6,0.5,0.0,0.0,,0.3,1.0,1.3,1.0,0.7,0.3,0.3,0.3,2.0,
460.0,Daeqwon Plowden,27.0,SAC,SG,1.0,0.0,14.0,1.0,5.0,0.2,0.0,3.0,0.0,1.0,2.0,0.5,0.2,0.0,0.0,,2.0,0.0,2.0,0.0,0.0,0.0,0.0,0.0,2.0,
461.0,Oscar Tshiebwe,26.0,UTA,C,1.0,0.0,15.0,1.0,4.0,0.25,0.0,0.0,,1.0,4.0,0.25,0.25,0.0,1.0,0.0,2.0,4.0,6.0,1.0,1.0,0.0,0.0,2.0,2.0,
462.0,Jahmir Young,25.0,MIA,PG,5.0,0.0,4.8,0.8,2.2,0.364,0.4,1.0,0.4,0.4,1.2,0.333,0.455,0.0,0.0,,0.0,0.4,0.4,0.8,0.2,0.0,0.4,0.6,2.0,
463.0,Javonte Cooke,26.0,POR,SG,9.0,0.0,6.8,0.8,2.9,0.269,0.3,1.7,0.2,0.4,1.2,0.364,0.327,0.0,0.0,,0.2,0.9,1.1,0.8,0.6,0.0,0.6,0.3,1.9,
464.0,Mohamed Diawara,20.0,NYK,SF,36.0,5.0,5.1,0.7,1.8,0.4,0.4,1.0,0.389,0.3,0.8,0.414,0.508,0.1,0.2,0.5,0.3,0.8,1.0,0.5,0.2,0.1,0.3,0.5,1.9,
465.0,Ron Harper Jr.,25.0,BOS,SF,7.0,0.0,5.0,0.7,2.3,0.313,0.4,1.7,0.25,0.3,0.6,0.5,0.406,0.0,0.0,,0.4,0.4,0.9,0.6,0.1,0.4,0.1,0.4,1.9,
466.0,Mason Plumlee,35.0,CHO,C,14.0,2.0,8.9,0.6,0.9,0.75,0.0,0.0,,0.6,0.9,0.75,0.75,0.6,0.9,0.667,0.7,2.1,2.9,1.1,0.4,0.0,0.6,0.7,1.9,
467.0,Andre Jackson Jr.,24.0,MIL,SG,19.0,0.0,6.7,0.5,1.8,0.294,0.3,1.2,0.227,0.3,0.6,0.417,0.368,0.5,0.5,0.9,0.3,0.5,0.8,1.1,0.3,0.1,0.4,1.0,1.8,
468.0,Kam Jones,23.0,IND,SG,12.0,0.0,7.3,0.8,2.3,0.357,0.1,0.8,0.1,0.8,1.5,0.5,0.375,0.0,0.2,0.0,0.3,0.5,0.8,0.9,0.3,0.0,0.3,0.3,1.8,
469.0,E.J. Liddell,25.0,BRK,PF,8.0,0.0,4.4,0.6,1.5,0.417,0.3,1.0,0.25,0.4,0.5,0.75,0.5,0.3,0.4,0.667,0.4,0.8,1.1,0.0,0.0,0.0,0.0,0.5,1.8,
470.0,Cody Martin,30.0,IND,SF,4.0,0.0,13.8,0.5,2.5,0.2,0.0,1.3,0.0,0.5,1.3,0.4,0.2,0.8,1.5,0.5,0.3,3.3,3.5,0.5,1.0,0.5,1.0,1.3,1.8,
471.0,Orlando Robinson,25.0,ORL,C,4.0,1.0,6.3,0.8,1.3,0.6,0.3,0.5,0.5,0.5,0.8,0.667,0.7,0.0,0.0,,0.5,0.5,1.0,0.8,0.3,0.0,0.0,0.8,1.8,
472.0,Chris Youngblood,23.0,OKC,SG,29.0,0.0,5.0,0.6,1.6,0.348,0.5,1.4,0.341,0.1,0.2,0.4,0.5,0.2,0.2,1.0,0.2,0.6,0.8,0.2,0.1,0.0,0.0,0.7,1.8,
473.0,Harrison Ingram,23.0,SAS,SF,3.0,0.0,3.7,0.7,1.0,0.667,0.3,0.3,1.0,0.3,0.7,0.5,0.833,0.0,0.0,,1.0,0.0,1.0,0.0,0.0,0.0,0.0,0.7,1.7,
474.0,AJ Johnson,21.0,WAS,SG,23.0,0.0,7.1,0.7,2.7,0.258,0.2,0.8,0.211,0.5,1.9,0.279,0.29,0.1,0.2,0.75,0.3,0.8,1.1,0.6,0.2,0.0,0.5,0.4,1.7,
475.0,Taelon Peter,23.0,IND,SG,22.0,0.0,6.3,0.5,1.8,0.3,0.5,1.7,0.27,0.1,0.1,0.667,0.425,0.2,0.3,0.667,0.3,0.8,1.0,0.7,0.3,0.1,0.5,0.4,1.7,
476.0,Thanasis Antetokounmpo,33.0,MIL,SF,14.0,0.0,3.1,0.6,1.0,0.571,0.0,0.1,0.0,0.6,0.9,0.615,0.571,0.4,0.6,0.667,0.2,0.2,0.4,0.1,0.4,0.2,0.2,0.6,1.6,
477.0,Anthony Gill,33.0,WAS,PF,20.0,0.0,4.2,0.6,0.9,0.667,0.2,0.3,0.5,0.5,0.6,0.75,0.75,0.2,0.2,1.0,0.3,0.7,1.0,0.0,0.1,0.2,0.3,0.3,1.6,
478.0,Ariel Hukporti,23.0,NYK,C,29.0,4.0,9.1,0.6,1.1,0.515,0.0,0.0,0.0,0.6,1.1,0.531,0.515,0.4,0.7,0.65,1.0,1.7,2.8,0.6,0.2,0.6,0.5,1.2,1.6,
479.0,Jacob Toppin,25.0,ATL,SF,5.0,0.0,3.4,0.8,1.2,0.667,0.0,0.0,,0.8,1.2,0.667,0.667,0.0,0.0,,0.0,0.2,0.2,0.2,0.0,0.2,0.0,0.2,1.6,
480.0,LJ Cryer,24.0,GSW,PG,2.0,0.0,2.5,0.5,1.5,0.333,0.5,1.0,0.5,0.0,0.5,0.0,0.5,0.0,0.0,,0.0,0.0,0.0,0.0,0.0,0.0,0.0,0.5,1.5,
481.0,Tyson Etienne,26.0,BRK,PG,8.0,0.0,4.3,0.5,1.9,0.267,0.5,1.6,0.308,0.0,0.3,0.0,0.4,0.0,0.0,,0.0,0.0,0.0,0.1,0.0,0.0,0.1,0.6,1.5,
482.0,Bronny James,21.0,LAL,SG,24.0,1.0,6.9,0.5,1.7,0.325,0.3,0.9,0.333,0.3,0.8,0.316,0.413,0.1,0.1,1.0,0.2,0.3,0.4,1.1,0.4,0.0,0.5,0.5,1.5,
483.0,Curtis Jones,24.0,DEN,SG,6.0,0.0,5.2,0.7,2.3,0.286,0.2,1.5,0.111,0.5,0.8,0.6,0.321,0.0,0.0,,0.2,0.7,0.8,0.5,0.0,0.0,0.2,0.5,1.5,
484.0,Jonathan Mogbo,24.0,TOR,PF,20.0,0.0,6.8,0.7,1.4,0.519,0.0,0.0,,0.7,1.4,0.519,0.519,0.1,0.3,0.4,0.6,1.3,1.9,0.5,0.1,0.2,0.3,0.7,1.5,
485.0,Johni Broome,23.0,PHI,C,7.0,0.0,5.7,0.6,2.9,0.2,0.0,0.4,0.0,0.6,2.4,0.235,0.2,0.3,0.6,0.5,0.9,1.0,1.9,0.6,0.3,0.0,0.3,0.7,1.4,
486.0,Nigel Hayes-Davis,31.0,PHO,SF,23.0,0.0,7.8,0.7,1.9,0.349,0.1,0.7,0.133,0.6,1.2,0.464,0.372,0.0,0.1,0.5,0.5,0.8,1.3,0.3,0.3,0.0,0.3,0.7,1.4,
487.0,Isaac Jones,25.0,2TM,PF,4.0,1.0,4.5,0.5,1.0,0.5,0.0,0.5,0.0,0.5,0.5,1.0,0.5,0.3,0.5,0.5,0.5,0.0,0.5,0.3,0.0,0.0,0.0,1.0,1.3,
487.0,Isaac Jones,25.0,SAC,PF,3.0,1.0,5.7,0.3,0.7,0.5,0.0,0.3,0.0,0.3,0.3,1.0,0.5,0.3,0.7,0.5,0.7,0.0,0.7,0.3,0.0,0.0,0.0,1.3,1.0,
487.0,Isaac Jones,25.0,DET,PF,1.0,0.0,1.0,1.0,2.0,0.5,0.0,1.0,0.0,1.0,1.0,1.0,0.5,0.0,0.0,,0.0,0.0,0.0,0.0,0.0,0.0,0.0,0.0,2.0,
488.0,Brooks Barnhizer,23.0,OKC,SG,23.0,0.0,7.8,0.5,1.2,0.444,0.0,0.3,0.167,0.5,0.9,0.524,0.463,0.2,0.3,0.667,0.3,1.5,1.8,0.4,0.2,0.1,0.2,0.6,1.3,
489.0,Khaman Maluach,19.0,PHO,C,18.0,0.0,4.7,0.4,1.1,0.4,0.0,0.3,0.0,0.4,0.8,0.533,0.4,0.4,0.4,0.875,0.3,0.7,1.0,0.2,0.1,0.4,0.5,0.8,1.3,
490.0,Adou Thiero,21.0,LAL,SF,15.0,0.0,5.8,0.5,1.2,0.389,0.0,0.1,0.0,0.5,1.1,0.412,0.389,0.4,0.5,0.75,0.5,0.7,1.2,0.3,0.3,0.1,0.3,1.0,1.3,
491.0,Trey Jemison,26.0,NYK,C,6.0,0.0,6.3,0.5,0.5,1.0,0.0,0.0,,0.5,0.5,1.0,1.0,0.2,0.2,1.0,0.8,0.8,1.7,0.2,0.0,0.3,0.5,1.0,1.2,
492.0,Kyle Lowry,39.0,PHI,PG,6.0,0.0,7.5,0.3,1.3,0.25,0.3,1.3,0.25,0.0,0.0,,0.375,0.0,0.0,,0.0,0.5,0.5,1.2,0.2,0.0,0.3,0.5,1.0,
493.0,Hunter Sallis,22.0,PHI,SG,7.0,0.0,3.7,0.4,0.7,0.6,0.0,0.0,,0.4,0.7,0.6,0.6,0.1,0.3,0.5,0.0,0.1,0.1,0.6,0.0,0.1,0.7,0.3,1.0,
494.0,Dario Å ariÄ,31.0,SAC,C,5.0,0.0,8.2,0.2,1.2,0.167,0.2,0.6,0.333,0.0,0.6,0.0,0.25,0.4,0.4,1.0,0.2,1.0,1.2,0.4,0.0,0.0,0.4,0.6,1.0,
495.0,Amari Williams,24.0,BOS,PF,9.0,0.0,5.8,0.2,0.3,0.667,0.0,0.0,,0.2,0.3,0.667,0.667,0.6,0.8,0.714,0.3,0.9,1.2,0.3,0.1,0.6,0.2,0.9,1.0,
496.0,Jahmai Mashack,23.0,MEM,SG,7.0,0.0,3.6,0.3,1.1,0.25,0.3,0.9,0.333,0.0,0.3,0.0,0.375,0.0,0.0,,0.0,0.7,0.7,0.3,0.1,0.0,0.4,0.1,0.9,
497.0,Bismack Biyombo,33.0,SAS,C,11.0,1.0,5.9,0.4,0.5,0.667,0.0,0.0,,0.4,0.5,0.667,0.667,0.1,0.2,0.5,0.2,0.5,0.6,0.3,0.3,0.1,0.3,0.9,0.8,
498.0,N'Faly Dante,24.0,ATL,C,4.0,0.0,3.8,0.3,1.0,0.25,0.0,0.0,,0.3,1.0,0.25,0.25,0.3,0.3,1.0,0.8,1.0,1.8,0.0,0.5,0.0,0.3,0.3,0.8,
499.0,Drew Peterson,26.0,CHO,PF,6.0,0.0,10.7,0.3,2.7,0.125,0.0,2.0,0.0,0.3,0.7,0.5,0.125,0.2,0.3,0.5,0.5,1.0,1.5,0.3,0.5,0.2,0.0,0.5,0.8,
500.0,Joe Ingles,38.0,MIN,SF,13.0,0.0,4.2,0.2,0.4,0.4,0.1,0.3,0.25,0.1,0.1,1.0,0.5,0.2,0.2,1.0,0.0,0.4,0.4,0.8,0.5,0.0,0.4,0.5,0.5,
501.0,Pacome Dadiet,20.0,NYK,SG,18.0,0.0,3.2,0.1,0.5,0.222,0.0,0.3,0.0,0.1,0.2,0.5,0.222,0.2,0.2,1.0,0.1,0.6,0.6,0.4,0.1,0.0,0.0,0.2,0.4,
502.0,Lachlan Olbrich,22.0,CHI,C,10.0,0.0,7.3,0.2,0.9,0.222,0.0,0.4,0.0,0.2,0.5,0.4,0.222,0.0,0.2,0.0,0.7,1.4,2.1,0.9,0.0,0.0,0.4,1.6,0.4,
503.0,Garrett Temple,39.0,TOR,SG,12.0,0.0,2.8,0.1,0.6,0.143,0.1,0.4,0.2,0.0,0.2,0.0,0.214,0.1,0.2,0.5,0.0,0.3,0.3,0.3,0.3,0.1,0.3,0.2,0.3,
504.0,Jahmyl Telfort,24.0,LAC,PF,8.0,0.0,4.0,0.0,0.5,0.0,0.0,0.5,0.0,0.0,0.0,,0.0,0.1,0.5,0.25,0.0,0.4,0.4,0.1,0.1,0.0,0.1,0.6,0.1,
505.0,Mo Bamba,27.0,TOR,C,2.0,0.0,3.0,0.0,1.0,0.0,0.0,0.0,,0.0,1.0,0.0,0.0,0.0,0.0,,0.5,0.5,1.0,0.0,0.0,0.5,0.0,1.0,0.0,
506.0,Sharife Cooper,24.0,WAS,PG,4.0,0.0,2.5,0.0,0.3,0.0,0.0,0.3,0.0,0.0,0.0,,0.0,0.0,0.0,,0.0,0.0,0.0,0.0,0.0,0.0,0.3,0.3,0.0,
507.0,Isaiah Crawford,24.0,HOU,SF,2.0,0.0,2.5,0.0,0.5,0.0,0.0,0.5,0.0,0.0,0.0,,0.0,0.0,0.0,,0.0,0.0,0.0,0.0,0.0,0.0,0.0,0.0,0.0,
508.0,Noa Essengue,19.0,CHI,PF,2.0,0.0,3.0,0.0,1.5,0.0,0.0,1.0,0.0,0.0,0.5,0.0,0.0,0.0,0.0,,0.0,0.0,0.0,0.0,0.5,0.0,0.0,0.5,0.0,
509.0,Tosan Evbuomwan,24.0,NYK,SF,5.0,0.0,1.6,0.0,0.2,0.0,0.0,0.0,,0.0,0.2,0.0,0.0,0.0,0.0,,0.2,0.2,0.4,0.0,0.0,0.0,0.0,0.2,0.0,
510.0,Vladislav Goldin,24.0,MIA,C,1.0,0.0,1.0,0.0,0.0,,0.0,0.0,,0.0,0.0,,,0.0,0.0,,0.0,0.0,0.0,1.0,0.0,0.0,0.0,0.0,0.0,
511.0,Chucky Hepburn,22.0,TOR,PG,2.0,0.0,6.5,0.0,3.0,0.0,0.0,2.5,0.0,0.0,0.5,0.0,0.0,0.0,0.0,,0.0,0.5,0.5,1.0,0.5,0.0,0.5,1.0,0.0,
512.0,Malevy Leons,26.0,GSW,SF,2.0,0.0,2.5,0.0,0.5,0.0,0.0,0.0,,0.0,0.5,0.0,0.0,0.0,0.0,,0.5,1.0,1.5,0.0,0.0,0.0,0.5,0.5,0.0,
513.0,Chris MaÃ±on,24.0,LAL,SG,4.0,0.0,3.5,0.0,0.3,0.0,0.0,0.3,0.0,0.0,0.0,,0.0,0.0,0.0,,0.3,0.5,0.8,0.0,0.3,0.5,0.0,0.8,0.0,
,League Average,,,,,,,,,0.469,,,0.359,,,0.547,0.544,,,0.786,,,,,,,,,,
