Rk,Player,Age,Team,Pos,G,GS,MP,FG,FGA,FG%,3P,3PA,3P%,2P,2PA,2P%,eFG%,FT,FTA,FT%,ORB,DRB,TRB,AST,STL,BLK,TOV,PF,PTS,ORtg,DRtg,Awards
1.0,Tyrese Maxey,25.0,PHI,PG,41.0,41.0,1621.0,13.0,27.6,0.471,4.3,11.0,0.391,8.7,16.6,0.524,0.549,6.6,7.5,0.88,0.4,4.9,5.3,8.3,2.6,1.2,3.0,2.6,36.9,123.0,114.0,
2.0,Amen Thompson,23.0,HOU,PG,43.0,43.0,1606.0,9.5,18.5,0.513,0.5,2.6,0.195,9.0,15.9,0.564,0.527,5.1,6.4,0.797,3.8,6.6,10.3,7.0,1.8,0.7,3.3,3.1,24.6,123.0,114.0,
3.0,Scottie Barnes,24.0,TOR,PF,46.0,46.0,1591.0,10.9,21.6,0.501,1.4,4.5,0.315,9.4,17.2,0.55,0.534,4.7,5.6,0.826,3.0,8.6,11.6,7.8,1.9,2.0,3.7,4.0,27.8,115.0,110.0,
4.0,Toumani Camara,25.0,POR,PF,46.0,46.0,1558.0,6.5,15.0,0.431,3.5,10.0,0.354,2.9,5.0,0.585,0.549,1.8,2.5,0.711,2.4,4.7,7.1,3.8,1.4,0.7,2.8,4.5,18.3,112.0,118.0,
5.0,DeMar DeRozan,36.0,SAC,PF,46.0,46.0,1540.0,9.6,19.1,0.506,1.1,3.0,0.354,8.6,16.1,0.534,0.534,6.7,7.7,0.874,0.7,4.0,4.7,5.7,2.0,0.3,1.6,3.0,27.1,125.0,122.0,
6.0,Dyson Daniels,22.0,ATL,SG,45.0,45.0,1537.0,7.0,14.2,0.498,0.2,2.0,0.109,6.8,12.2,0.56,0.505,1.6,2.5,0.622,3.1,6.1,9.2,8.5,2.5,0.6,2.9,3.0,15.9,113.0,115.0,
7.0,Trey Murphy III,25.0,NOP,SF,43.0,43.0,1535.0,10.4,21.1,0.494,4.1,10.9,0.381,6.3,10.2,0.614,0.592,4.8,5.3,0.906,1.5,6.5,8.0,4.8,2.1,0.4,2.6,2.9,29.8,125.0,120.0,
8.0,Jalen Johnson,24.0,ATL,SF,43.0,43.0,1532.0,11.4,22.2,0.512,2.1,6.0,0.357,9.2,16.2,0.569,0.56,5.6,7.2,0.78,2.0,11.8,13.8,10.5,1.6,0.6,4.6,2.7,30.5,117.0,113.0,
9.0,Brandon Ingram,28.0,TOR,SF,45.0,45.0,1531.0,11.6,24.6,0.471,2.6,7.1,0.362,9.0,17.4,0.516,0.523,5.4,6.5,0.834,1.2,7.3,8.5,5.4,1.1,1.1,3.9,2.8,31.2,109.0,114.0,
10.0,Mikal Bridges,29.0,NYK,SF,44.0,43.0,1526.0,8.9,17.7,0.504,3.2,7.9,0.399,5.8,9.8,0.588,0.593,1.2,1.5,0.787,1.6,4.7,6.3,5.9,2.2,1.2,1.4,2.7,22.2,129.0,115.0,
11.0,Keyonte George,22.0,UTA,PG,44.0,44.0,1514.0,10.5,22.8,0.459,3.6,9.4,0.383,6.9,13.4,0.513,0.538,8.8,9.8,0.904,0.7,4.8,5.4,9.1,1.5,0.4,4.7,3.2,33.4,118.0,125.0,
12.0,Julius Randle,31.0,MIN,PF,45.0,45.0,1513.0,11.1,22.4,0.494,2.3,6.7,0.34,8.8,15.7,0.559,0.544,7.6,9.4,0.811,2.4,7.6,9.9,7.7,1.5,0.3,3.7,3.9,32.0,122.0,114.0,
13.0,Kevin Durant,37.0,HOU,SF,41.0,41.0,1511.0,12.5,24.3,0.516,3.1,7.7,0.406,9.4,16.6,0.567,0.58,7.4,8.4,0.885,0.6,6.8,7.4,6.2,1.0,1.3,4.2,2.9,35.6,125.0,115.0,
14.0,Pascal Siakam,31.0,IND,PF,44.0,44.0,1492.0,12.6,26.0,0.483,2.6,6.8,0.385,9.9,19.2,0.517,0.533,5.7,8.4,0.677,2.3,7.4,9.8,5.6,1.6,0.6,3.1,3.6,33.4,112.0,117.0,
15.0,Nickeil Alexander-Walker,27.0,ATL,SG,45.0,38.0,1482.0,9.9,22.3,0.442,4.4,11.5,0.379,5.5,10.8,0.509,0.54,4.8,5.5,0.873,0.9,4.2,5.0,5.0,1.6,0.9,2.9,2.9,28.9,112.0,118.0,
16.0,Jabari Smith Jr.,22.0,HOU,PF,42.0,42.0,1470.0,7.9,18.4,0.431,3.1,9.0,0.346,4.8,9.3,0.515,0.517,2.9,3.8,0.743,2.3,7.5,9.8,2.7,1.1,1.2,1.9,3.9,21.8,118.0,115.0,
17.0,Shai Gilgeous-Alexander,27.0,OKC,PG,44.0,44.0,1469.0,15.9,28.6,0.557,2.7,6.9,0.396,13.2,21.7,0.608,0.605,11.9,13.3,0.894,0.7,5.6,6.3,9.0,1.9,1.1,2.8,2.9,46.4,136.0,108.0,
18.0,Deni Avdija,25.0,POR,SF,42.0,42.0,1464.0,10.8,23.0,0.471,3.1,8.8,0.356,7.7,14.2,0.542,0.539,10.8,13.3,0.807,1.4,8.3,9.7,9.4,1.1,0.8,5.3,3.7,35.5,121.0,116.0,
19.0,James Harden,36.0,LAC,PG,41.0,41.0,1463.0,10.5,25.0,0.419,4.3,12.5,0.342,6.2,12.5,0.497,0.505,10.9,12.1,0.899,0.9,5.9,6.8,11.3,1.8,0.5,5.2,2.7,36.2,119.0,119.0,
20.0,Desmond Bane,27.0,ORL,SG,43.0,43.0,1455.0,9.8,21.7,0.452,2.4,7.0,0.34,7.4,14.7,0.506,0.507,4.9,5.3,0.931,1.9,4.6,6.5,6.4,1.1,0.8,3.1,4.3,26.9,114.0,118.0,
21.0,Jamal Murray,28.0,DEN,PG,41.0,41.0,1453.0,12.8,26.2,0.49,4.7,10.4,0.448,8.2,15.8,0.518,0.579,5.6,6.3,0.892,0.6,5.4,6.0,10.1,1.4,0.5,3.3,2.2,35.9,125.0,119.0,
22.0,Miles Bridges,27.0,CHO,PF,44.0,44.0,1444.0,9.9,22.4,0.443,3.3,10.0,0.332,6.6,12.3,0.533,0.517,4.8,5.7,0.839,1.5,7.8,9.4,5.2,0.7,0.7,2.1,2.7,27.9,119.0,118.0,
23.0,Onyeka Okongwu,25.0,ATL,C,45.0,34.0,1443.0,8.9,18.4,0.484,2.9,7.9,0.369,6.0,10.5,0.571,0.564,3.2,4.0,0.782,2.8,8.7,11.5,4.9,1.8,1.4,2.9,5.2,23.9,114.0,114.0,
24.0,Donte DiVincenzo,29.0,MIN,SG,45.0,45.0,1435.0,6.6,16.1,0.414,4.6,12.1,0.375,2.1,3.9,0.534,0.556,1.9,2.4,0.767,1.5,5.3,6.8,6.4,2.0,0.7,2.1,3.7,19.7,120.0,114.0,
25.0,Immanuel Quickley,26.0,TOR,PG,44.0,44.0,1433.0,8.8,20.1,0.439,3.8,10.5,0.36,5.0,9.6,0.525,0.533,4.0,4.9,0.814,0.8,5.5,6.4,9.4,1.8,0.2,2.5,3.0,25.4,119.0,115.0,
26.0,Derrick White,31.0,BOS,SG,42.0,42.0,1432.0,8.9,22.8,0.391,4.3,13.4,0.323,4.6,9.4,0.489,0.486,3.8,4.3,0.886,1.4,5.3,6.7,7.9,1.9,2.2,2.7,2.5,25.9,117.0,114.0,
27.0,Donovan Mitchell,29.0,CLE,SG,42.0,42.0,1431.0,13.9,28.9,0.482,5.3,13.9,0.383,8.6,15.0,0.573,0.573,7.2,8.5,0.84,1.2,5.5,6.7,8.0,2.1,0.3,4.3,3.4,40.3,120.0,116.0,
28.0,Cooper Flagg,19.0,DAL,SF,42.0,42.0,1421.0,10.0,21.0,0.477,1.4,4.8,0.283,8.7,16.2,0.535,0.509,4.8,6.1,0.798,1.6,7.3,8.9,5.7,1.8,1.1,3.2,3.2,26.3,110.0,113.0,
29.0,Kon Knueppel,20.0,CHO,SF,44.0,43.0,1417.0,10.0,20.8,0.482,5.0,11.9,0.423,5.0,8.9,0.56,0.603,3.7,4.1,0.9,1.8,6.5,8.4,5.4,1.0,0.3,3.4,3.5,28.8,123.0,119.0,
30.0,Payton Pritchard,28.0,BOS,PG,43.0,43.0,1413.0,9.6,21.4,0.451,3.9,11.3,0.344,5.8,10.1,0.57,0.542,2.6,2.9,0.867,1.5,5.2,6.8,8.2,1.3,0.2,1.7,2.3,25.7,127.0,118.0,
31.0,Jaylen Brown,29.0,BOS,SF,41.0,41.0,1411.0,15.8,32.8,0.483,3.2,8.8,0.366,12.6,24.0,0.526,0.532,8.5,10.9,0.781,1.9,7.9,9.8,7.2,1.5,0.6,5.4,4.3,43.4,115.0,115.0,
32.0,VJ Edgecombe,20.0,PHI,SG,39.0,39.0,1399.0,7.9,18.3,0.429,2.9,7.9,0.368,4.9,10.4,0.475,0.509,2.5,3.3,0.766,2.3,4.9,7.2,5.6,2.1,0.7,2.5,4.4,21.1,112.0,115.0,
33.0,Devin Booker,29.0,PHO,SG,41.0,41.0,1394.0,12.0,26.4,0.456,2.4,7.8,0.313,9.6,18.5,0.517,0.503,10.0,11.5,0.864,1.2,4.6,5.8,8.9,1.3,0.4,4.8,3.8,36.5,118.0,117.0,
34.0,Ryan Rollins,23.0,MIL,PG,44.0,39.0,1390.0,9.5,20.8,0.459,3.5,9.0,0.392,6.0,11.8,0.509,0.543,2.4,3.1,0.764,1.3,5.6,6.9,8.4,2.4,0.6,3.5,4.4,24.9,111.0,116.0,
35.0,Jaden McDaniels,25.0,MIN,PF,43.0,43.0,1386.0,8.5,16.4,0.516,2.1,5.0,0.417,6.4,11.5,0.559,0.579,3.3,3.9,0.842,1.7,5.0,6.7,4.3,1.6,1.4,2.5,5.0,22.3,120.0,114.0,
36.0,Russell Westbrook,37.0,SAC,SF,46.0,40.0,1367.0,9.2,21.2,0.435,3.3,9.4,0.351,5.9,11.8,0.503,0.513,3.3,4.7,0.696,2.3,7.5,9.9,11.0,2.3,0.3,5.4,4.0,25.0,105.0,119.0,
37.0,Rudy Gobert,33.0,MIN,C,43.0,43.0,1363.0,6.8,9.5,0.716,0.0,0.0,0.0,6.8,9.5,0.719,0.716,2.9,5.7,0.506,5.8,11.2,17.1,2.7,1.1,2.6,2.0,4.3,16.5,135.0,110.0,
38.0,Jalen Brunson,29.0,NYK,PG,39.0,38.0,1341.0,14.2,29.7,0.478,4.1,10.9,0.379,10.1,18.8,0.535,0.547,7.1,8.4,0.852,0.7,3.8,4.5,8.7,0.9,0.1,3.2,3.5,39.6,124.0,120.0,
39.0,Evan Mobley,24.0,CLE,PF,40.0,38.0,1332.0,9.9,19.2,0.517,1.6,5.3,0.309,8.3,13.8,0.596,0.559,4.2,6.6,0.636,3.3,9.2,12.5,5.9,1.4,2.8,3.0,3.6,25.6,118.0,112.0,
40.0,Nikola VuÄeviÄ,35.0,CHI,C,43.0,43.0,1321.0,10.7,21.2,0.504,2.7,7.2,0.373,8.0,14.0,0.571,0.567,1.8,2.3,0.81,3.3,10.7,14.0,5.8,1.0,1.0,2.1,3.0,25.9,120.0,117.0,
41.0,Royce O'Neale,32.0,PHO,SF,45.0,40.0,1319.0,6.0,13.9,0.431,4.8,11.4,0.417,1.2,2.5,0.493,0.602,0.4,0.7,0.632,1.1,7.1,8.2,4.9,2.0,0.5,2.6,3.6,17.2,116.0,113.0,
42.0,Cade Cunningham,24.0,DET,PG,37.0,37.0,1314.0,11.8,26.2,0.451,2.6,7.9,0.321,9.3,18.2,0.508,0.5,7.9,9.7,0.823,1.3,6.5,7.8,13.1,2.0,1.1,5.3,4.4,34.1,117.0,110.0,
43.0,Karl-Anthony Towns,30.0,NYK,C,41.0,40.0,1313.0,10.4,22.1,0.469,2.6,7.2,0.363,7.7,14.9,0.52,0.528,8.5,9.8,0.86,4.5,13.1,17.6,4.5,1.4,1.0,4.0,5.5,31.8,121.0,112.0,
44.0,Anthony Black,22.0,ORL,PG,43.0,23.0,1312.0,8.9,19.3,0.459,2.5,7.2,0.354,6.3,12.2,0.521,0.525,4.4,6.0,0.726,1.2,5.2,6.4,6.3,2.0,1.0,3.8,4.3,24.7,108.0,115.0,
45.0,Naji Marshall,28.0,DAL,SF,45.0,22.0,1306.0,8.7,15.8,0.548,1.5,4.7,0.313,7.2,11.1,0.648,0.595,4.8,6.1,0.792,1.3,6.4,7.7,4.9,1.7,0.1,2.2,3.2,23.6,124.0,114.0,
46.0,Andrew Wiggins,30.0,MIA,SF,41.0,41.0,1294.0,8.9,18.9,0.471,2.8,7.0,0.398,6.1,11.9,0.513,0.544,2.6,3.3,0.783,2.6,4.6,7.2,4.1,1.7,1.5,2.6,3.5,23.2,112.0,114.0,
47.0,Julian Champagnie,24.0,SAS,SF,45.0,31.0,1290.0,6.3,14.8,0.427,4.3,11.4,0.379,2.0,3.4,0.587,0.573,2.6,3.2,0.826,1.6,8.7,10.4,2.5,1.5,0.7,1.7,2.6,19.6,120.0,112.0,
48.0,Peyton Watson,23.0,DEN,SF,43.0,33.0,1287.0,8.5,16.7,0.508,2.4,5.8,0.421,6.1,10.9,0.554,0.581,4.3,5.8,0.742,1.5,6.8,8.3,3.0,1.8,1.8,2.7,4.1,23.7,115.0,116.0,
49.0,Luka DonÄiÄ,26.0,LAL,PG,35.0,35.0,1273.0,14.1,30.3,0.465,4.6,13.8,0.333,9.5,16.5,0.575,0.541,12.0,15.3,0.785,1.2,9.3,10.4,11.6,2.1,0.7,5.8,3.6,44.7,119.0,115.0,
50.0,Collin Gillespie,26.0,PHO,PG,45.0,26.0,1272.0,8.1,18.3,0.444,5.0,11.8,0.424,3.1,6.4,0.482,0.582,1.9,2.3,0.847,1.7,5.4,7.1,8.3,2.5,0.5,3.0,2.6,23.2,123.0,114.0,
51.0,Harrison Barnes,33.0,SAS,PF,45.0,45.0,1271.0,6.3,14.5,0.432,3.1,8.8,0.358,3.1,5.7,0.546,0.54,2.5,2.9,0.87,1.4,3.7,5.1,3.6,1.2,0.3,1.6,2.2,18.2,118.0,116.0,
52.0,CJ McCollum,34.0,2TM,PG,42.0,36.0,1269.0,10.7,23.8,0.45,4.0,10.6,0.376,6.7,13.2,0.51,0.534,3.8,4.9,0.771,1.0,4.3,5.3,5.6,1.1,0.5,2.6,3.1,29.1,112.0,124.0,
52.0,CJ McCollum,34.0,WAS,SG,35.0,35.0,1082.0,10.6,23.3,0.454,4.2,10.7,0.393,6.3,12.5,0.505,0.544,3.6,4.5,0.804,1.0,4.4,5.5,5.5,1.1,0.4,2.6,3.2,28.9,115.0,125.0,
52.0,CJ McCollum,34.0,ATL,PG,7.0,1.0,187.0,11.5,26.6,0.434,2.5,9.5,0.263,9.0,17.1,0.529,0.481,4.8,7.3,0.655,1.0,3.5,4.5,6.0,1.3,1.3,2.8,2.8,30.3,102.0,118.0,
53.0,Quentin Grimes,25.0,PHI,SG,41.0,7.0,1267.0,6.7,15.5,0.433,3.2,9.0,0.353,3.6,6.5,0.544,0.536,4.5,5.2,0.861,1.0,5.0,6.1,5.8,1.6,0.7,3.2,3.2,21.1,116.0,116.0,
54.0,Anthony Edwards,24.0,MIN,SG,36.0,36.0,1266.0,13.9,28.0,0.495,4.7,11.6,0.406,9.2,16.4,0.557,0.579,7.7,9.7,0.795,0.8,6.0,6.9,5.0,1.7,1.1,3.5,2.7,40.2,120.0,114.0,
55.0,Shaedon Sharpe,22.0,POR,SG,42.0,36.0,1265.0,13.0,28.6,0.455,3.3,9.7,0.339,9.7,18.9,0.515,0.513,5.2,6.7,0.777,1.8,5.6,7.3,4.2,2.4,0.2,4.8,3.2,34.5,105.0,116.0,
56.0,Jaren Jackson Jr.,26.0,MEM,C,41.0,41.0,1252.0,10.8,22.6,0.479,2.6,7.2,0.363,8.2,15.4,0.533,0.537,5.1,6.5,0.779,1.4,7.4,8.8,2.9,1.4,2.4,3.6,5.9,29.3,107.0,113.0,
57.0,Jeremiah Fears,19.0,NOP,PG,47.0,44.0,1238.0,9.5,21.8,0.435,1.9,5.8,0.325,7.6,16.0,0.475,0.478,4.2,5.2,0.809,1.4,5.4,6.7,5.7,2.2,0.5,4.1,3.2,25.1,102.0,121.0,
58.0,Noah Clowney,21.0,BRK,PF,43.0,36.0,1237.0,6.9,17.9,0.388,3.6,11.4,0.319,3.3,6.5,0.509,0.49,5.2,6.5,0.802,1.7,5.6,7.4,3.2,1.3,1.4,3.1,4.8,22.7,106.0,119.0,
59.0,Brandin Podziemski,22.0,GSW,SG,46.0,14.0,1233.0,7.8,16.8,0.463,3.2,8.2,0.393,4.6,8.6,0.529,0.559,3.0,4.1,0.736,1.2,6.8,8.0,6.0,2.0,0.3,2.5,3.4,21.9,117.0,114.0,
60.0,Wendell Carter Jr.,26.0,ORL,C,41.0,41.0,1233.0,6.9,13.7,0.509,1.9,5.4,0.353,5.0,8.2,0.611,0.579,3.8,5.0,0.766,3.7,8.3,12.1,3.5,1.1,1.2,2.0,5.9,19.6,125.0,115.0,
61.0,Alperen ÅengÃ¼n,23.0,HOU,C,36.0,36.0,1232.0,12.0,23.7,0.508,0.9,3.1,0.299,11.1,20.5,0.54,0.527,6.0,8.7,0.693,4.1,9.0,13.1,9.3,2.2,1.5,4.9,4.7,31.0,118.0,111.0,
62.0,Bub Carrington,20.0,WAS,PG,43.0,16.0,1227.0,5.6,14.1,0.398,3.4,8.4,0.403,2.2,5.7,0.392,0.518,1.7,2.2,0.754,0.7,5.7,6.4,7.6,1.0,0.4,3.9,4.0,16.3,103.0,124.0,
63.0,Matas Buzelis,21.0,CHI,PF,44.0,44.0,1226.0,9.1,19.0,0.478,3.1,8.8,0.357,6.0,10.3,0.581,0.56,4.0,5.1,0.78,1.9,6.9,8.8,3.2,1.2,2.4,2.8,4.3,25.3,112.0,116.0,
64.0,Tim Hardaway Jr.,33.0,DEN,SG,45.0,5.0,1223.0,8.1,18.3,0.443,5.0,12.7,0.392,3.1,5.6,0.557,0.579,3.6,4.0,0.9,0.3,4.0,4.3,2.5,0.9,0.3,0.9,2.2,24.8,124.0,122.0,
65.0,Nic Claxton,26.0,BRK,C,41.0,39.0,1222.0,8.6,14.8,0.584,0.1,0.5,0.167,8.6,14.3,0.598,0.587,4.0,6.1,0.647,4.4,8.2,12.6,6.7,1.2,2.3,2.4,3.8,21.3,127.0,117.0,
66.0,Kris Dunn,31.0,LAC,PG,44.0,38.0,1211.0,5.4,11.1,0.487,2.0,5.3,0.372,3.4,5.8,0.593,0.576,1.6,2.0,0.792,1.4,3.9,5.3,5.7,2.7,0.3,2.4,4.4,14.4,118.0,118.0,
67.0,Norman Powell,32.0,MIA,SG,39.0,39.0,1204.0,11.8,24.4,0.484,4.4,11.0,0.406,7.4,13.4,0.549,0.575,7.1,8.4,0.845,0.5,4.9,5.4,3.9,1.8,0.3,2.9,3.3,35.1,119.0,115.0,
68.0,Dillon Brooks,30.0,PHO,SF,39.0,39.0,1203.0,11.7,26.8,0.435,3.8,11.2,0.344,7.8,15.6,0.5,0.507,4.8,5.6,0.855,1.1,4.4,5.5,2.7,1.7,0.2,3.0,5.3,32.0,108.0,116.0,
69.0,Max Christie,22.0,DAL,SG,41.0,32.0,1199.0,7.2,14.8,0.485,4.2,9.1,0.457,3.0,5.6,0.531,0.627,2.6,3.0,0.855,0.4,5.3,5.7,3.5,0.8,0.6,1.8,2.4,21.0,123.0,117.0,
70.0,Derik Queen,21.0,NOP,C,46.0,34.0,1196.0,8.8,17.9,0.49,0.3,1.7,0.19,8.5,16.3,0.521,0.499,4.8,6.2,0.786,3.2,10.5,13.7,8.1,2.0,1.7,4.6,5.2,22.7,109.0,116.0,
71.0,Saddiq Bey,26.0,NOP,SF,40.0,32.0,1195.0,8.7,19.3,0.45,2.7,8.1,0.335,6.0,11.2,0.534,0.521,5.0,6.0,0.828,2.6,6.3,8.9,3.6,1.5,0.1,1.0,1.8,25.1,125.0,122.0,
72.0,Myles Turner,29.0,MIL,C,42.0,42.0,1190.0,7.0,16.4,0.426,3.8,9.8,0.388,3.2,6.5,0.484,0.543,3.5,4.6,0.761,2.1,7.2,9.3,2.7,1.1,2.7,1.7,4.6,21.3,115.0,115.0,
73.0,Ivica Zubac,28.0,LAC,C,38.0,37.0,1187.0,10.2,16.9,0.603,0.0,0.0,,10.2,16.9,0.603,0.603,3.5,4.7,0.732,5.9,11.8,17.7,3.7,0.6,1.4,3.1,3.9,23.8,124.0,116.0,
74.0,Lauri Markkanen,28.0,UTA,PF,33.0,33.0,1187.0,12.5,25.8,0.483,3.8,10.4,0.365,8.7,15.4,0.563,0.557,7.9,8.9,0.884,2.6,6.8,9.4,2.8,1.4,0.6,2.1,2.6,36.6,123.0,124.0,
75.0,Duncan Robinson,31.0,DET,SF,41.0,41.0,1183.0,6.7,15.3,0.438,4.9,12.1,0.403,1.8,3.2,0.57,0.597,1.9,2.6,0.734,0.6,4.0,4.6,3.1,1.2,0.6,1.2,3.6,20.1,126.0,114.0,
76.0,Jimmy Butler,36.0,GSW,SF,38.0,38.0,1182.0,9.8,18.8,0.519,1.3,3.5,0.376,8.5,15.3,0.552,0.554,10.1,11.7,0.864,3.6,5.0,8.6,7.5,2.2,0.3,2.4,1.9,30.9,136.0,115.0,
77.0,Naz Reid,26.0,MIN,C,45.0,2.0,1181.0,9.9,21.0,0.474,4.5,11.4,0.392,5.5,9.5,0.572,0.581,2.2,2.8,0.783,2.1,9.2,11.3,4.5,1.7,1.6,2.8,4.6,26.5,116.0,112.0,
78.0,A.J. Green,26.0,MIL,SG,40.0,40.0,1181.0,5.7,12.7,0.445,5.0,11.5,0.437,0.6,1.2,0.517,0.643,1.0,1.2,0.8,0.3,4.0,4.3,3.3,1.0,0.1,1.5,4.1,17.4,121.0,121.0,
79.0,Cason Wallace,22.0,OKC,SG,44.0,35.0,1171.0,5.0,12.1,0.412,2.5,6.8,0.365,2.5,5.2,0.472,0.515,0.9,1.2,0.733,1.4,4.1,5.6,3.8,3.8,0.4,1.6,3.7,13.3,109.0,106.0,
80.0,De'Aaron Fox,28.0,SAS,PG,36.0,36.0,1171.0,11.1,23.2,0.479,3.2,8.9,0.355,8.0,14.3,0.556,0.547,4.8,6.1,0.797,1.0,5.1,6.2,8.8,1.9,0.4,3.6,3.4,30.2,117.0,114.0,
81.0,Jake LaRavia,24.0,LAL,PF,43.0,22.0,1170.0,6.1,13.1,0.462,2.1,6.2,0.345,4.0,7.0,0.565,0.543,2.7,3.5,0.753,2.7,4.8,7.5,3.6,2.4,0.8,1.9,3.9,16.9,119.0,117.0,
82.0,Chet Holmgren,23.0,OKC,PF,40.0,40.0,1168.0,11.1,19.4,0.572,2.3,6.0,0.384,8.8,13.4,0.656,0.631,5.1,6.6,0.77,2.9,11.2,14.1,2.7,0.9,3.3,2.8,4.5,29.6,125.0,104.0,
83.0,Davion Mitchell,27.0,MIA,PG,40.0,40.0,1167.0,5.7,12.0,0.47,1.8,4.5,0.4,3.8,7.5,0.513,0.546,1.1,1.7,0.651,0.6,3.4,4.1,11.4,1.9,0.2,2.6,4.3,14.2,119.0,116.0,
84.0,Michael Porter Jr.,27.0,BRK,SF,35.0,34.0,1162.0,13.5,28.0,0.481,5.7,14.4,0.394,7.8,13.6,0.572,0.582,5.5,6.5,0.849,2.0,9.1,11.1,4.8,1.5,0.3,3.8,3.1,38.1,116.0,118.0,
85.0,Jaylen Wells,22.0,MEM,SG,43.0,43.0,1161.0,7.1,17.6,0.405,3.0,9.1,0.326,4.2,8.5,0.49,0.49,3.5,4.6,0.777,1.7,4.4,6.1,3.0,1.5,0.1,2.0,3.6,20.8,107.0,117.0,
86.0,Andrew Nembhard,26.0,IND,PG,36.0,36.0,1153.0,9.2,20.5,0.451,2.8,7.6,0.364,6.5,12.9,0.502,0.518,5.1,6.2,0.815,0.7,3.5,4.1,10.8,1.3,0.2,3.5,3.3,26.3,115.0,120.0,
87.0,Donovan Clingan,21.0,POR,C,42.0,42.0,1151.0,7.5,14.0,0.535,1.6,5.0,0.311,5.9,9.0,0.661,0.591,2.9,4.4,0.67,7.6,11.3,19.0,3.3,0.9,2.1,1.7,4.1,19.5,134.0,113.0,
88.0,Jaime Jaquez Jr.,24.0,MIA,SF,40.0,1.0,1151.0,9.9,19.2,0.517,0.8,2.8,0.271,9.2,16.4,0.559,0.536,4.0,5.3,0.744,2.1,6.3,8.4,7.5,1.3,0.3,3.6,3.2,24.6,113.0,116.0,
89.0,Santi Aldama,25.0,MEM,PF,41.0,9.0,1147.0,9.0,18.7,0.478,2.8,7.9,0.349,6.2,10.8,0.573,0.552,3.0,4.4,0.673,2.6,8.7,11.3,5.1,1.5,1.2,2.2,2.7,23.6,117.0,113.0,
90.0,Bam Adebayo,28.0,MIA,C,37.0,37.0,1144.0,9.6,21.2,0.45,2.3,6.5,0.35,7.3,14.8,0.493,0.503,4.9,6.3,0.776,2.9,11.4,14.3,4.2,1.5,1.1,2.7,2.5,26.2,111.0,111.0,
91.0,Stephen Curry,37.0,GSW,PG,36.0,36.0,1141.0,13.8,29.3,0.47,6.9,17.6,0.392,6.9,11.7,0.586,0.588,7.0,7.6,0.928,0.6,5.0,5.6,7.5,1.6,0.6,4.2,3.0,41.5,120.0,116.0,
92.0,Jaylon Tyson,23.0,CLE,SG,41.0,26.0,1134.0,8.9,17.4,0.512,3.5,7.6,0.459,5.4,9.8,0.553,0.612,2.0,2.8,0.742,3.6,5.9,9.4,3.7,1.6,0.8,2.6,4.9,23.3,122.0,116.0,
93.0,Sion James,23.0,CHO,SG,45.0,18.0,1131.0,3.6,9.5,0.384,2.0,5.6,0.362,1.6,3.9,0.416,0.491,2.7,3.1,0.873,1.1,5.5,6.7,3.9,1.2,0.7,1.5,3.6,12.0,119.0,119.0,
94.0,Ajay Mitchell,23.0,OKC,SG,43.0,9.0,1129.0,9.4,19.4,0.487,2.0,5.8,0.35,7.4,13.6,0.545,0.539,4.8,5.6,0.87,1.2,5.1,6.3,6.7,2.6,0.6,2.9,4.0,25.8,117.0,108.0,
95.0,John Collins,28.0,LAC,PF,41.0,32.0,1128.0,9.3,16.7,0.559,2.5,5.8,0.427,6.8,10.9,0.629,0.633,3.0,3.7,0.807,2.4,6.4,8.8,1.5,1.6,1.6,2.5,4.8,24.1,121.0,118.0,
96.0,Bruce Brown,29.0,DEN,SG,46.0,2.0,1121.0,5.7,12.6,0.453,0.9,2.8,0.323,4.8,9.7,0.491,0.49,2.1,2.7,0.774,2.4,5.9,8.3,4.5,2.0,0.5,2.1,4.8,14.4,111.0,117.0,
97.0,Stephon Castle,21.0,SAS,PG,36.0,36.0,1117.0,8.7,19.3,0.451,1.7,6.1,0.282,7.0,13.2,0.529,0.496,7.0,9.7,0.721,1.8,6.0,7.8,10.9,2.0,0.4,5.5,5.4,26.2,110.0,113.0,
98.0,Paolo Banchero,23.0,ORL,PF,33.0,33.0,1115.0,10.1,22.3,0.453,1.5,5.3,0.276,8.6,17.0,0.509,0.486,8.2,10.8,0.76,1.5,10.9,12.4,7.1,1.0,0.9,4.1,3.0,29.9,110.0,114.0,
99.0,OG Anunoby,28.0,NYK,PF,34.0,33.0,1111.0,8.0,17.6,0.453,2.8,8.2,0.339,5.2,9.4,0.551,0.531,4.5,5.6,0.803,2.1,6.1,8.2,3.3,2.5,1.1,3.1,3.8,23.2,113.0,114.0,
100.0,Nikola JokiÄ,30.0,DEN,C,32.0,32.0,1106.0,15.0,24.8,0.605,3.0,6.8,0.435,12.1,18.0,0.67,0.665,9.0,10.6,0.853,4.3,13.0,17.3,15.6,2.0,1.1,5.0,3.9,42.0,140.0,112.0,
101.0,Kyle Kuzma,30.0,MIL,PF,42.0,18.0,1102.0,8.8,17.8,0.493,1.7,5.4,0.314,7.1,12.5,0.569,0.54,3.9,5.4,0.73,1.7,7.0,8.6,4.1,1.2,0.9,2.8,4.1,23.2,110.0,118.0,
102.0,Deandre Ayton,27.0,LAL,C,38.0,38.0,1096.0,10.6,15.6,0.681,0.0,0.0,,10.6,15.6,0.681,0.681,1.9,2.9,0.636,4.2,10.5,14.7,1.4,1.2,1.6,2.6,3.9,23.1,125.0,116.0,
103.0,Zach LaVine,30.0,SAC,SG,34.0,33.0,1096.0,10.3,21.1,0.486,4.0,10.0,0.399,6.3,11.1,0.565,0.581,4.5,5.2,0.866,0.3,3.9,4.1,3.5,1.0,0.4,2.9,3.2,29.0,114.0,124.0,
104.0,De'Andre Hunter,28.0,CLE,SF,41.0,23.0,1081.0,8.3,19.8,0.42,3.0,9.7,0.306,5.4,10.1,0.53,0.496,5.1,5.8,0.879,1.2,6.5,7.7,3.8,1.1,0.3,3.0,4.6,24.7,109.0,118.0,
105.0,Keldon Johnson,26.0,SAS,SF,45.0,0.0,1079.0,10.1,18.2,0.556,2.5,6.1,0.406,7.7,12.1,0.632,0.624,4.1,5.3,0.788,3.8,8.3,12.1,2.7,1.5,0.3,1.9,3.9,26.9,131.0,113.0,
106.0,Anfernee Simons,26.0,BOS,SG,44.0,0.0,1078.0,10.1,23.2,0.433,5.3,13.4,0.394,4.8,9.9,0.486,0.546,2.8,3.2,0.884,1.1,3.9,5.0,5.0,1.0,0.2,2.3,3.4,28.2,119.0,119.0,
107.0,Jarace Walker,22.0,IND,PF,46.0,14.0,1075.0,6.6,17.2,0.381,3.2,8.9,0.363,3.3,8.3,0.401,0.476,3.2,4.2,0.768,0.8,7.8,8.6,3.9,1.4,0.7,3.1,3.5,19.6,98.0,117.0,
108.0,Moses Moody,23.0,GSW,SG,44.0,33.0,1073.0,7.1,16.6,0.43,4.3,11.0,0.394,2.8,5.6,0.5,0.561,2.5,3.1,0.797,1.6,4.4,6.0,3.0,1.8,1.2,1.7,3.9,21.1,117.0,115.0,
109.0,Reed Sheppard,21.0,HOU,SG,43.0,4.0,1073.0,9.6,21.9,0.44,5.1,12.5,0.407,4.6,9.4,0.485,0.556,1.9,2.4,0.769,0.7,4.3,4.9,6.3,2.8,1.0,2.4,4.0,26.2,123.0,113.0,
110.0,Cedric Coward,22.0,MEM,SG,40.0,27.0,1065.0,9.0,19.1,0.473,2.8,8.2,0.348,6.2,10.9,0.567,0.548,4.0,4.8,0.85,2.6,8.8,11.4,5.1,1.0,0.7,3.0,3.6,24.9,116.0,115.0,
111.0,Kyshawn George,22.0,WAS,SF,34.0,34.0,1065.0,8.6,18.7,0.459,3.4,8.4,0.397,5.2,10.2,0.511,0.549,3.2,4.1,0.772,1.5,7.2,8.8,7.6,1.6,1.3,4.6,6.3,23.7,108.0,121.0,
112.0,Jamal Shead,23.0,TOR,PG,47.0,7.0,1049.0,5.3,14.4,0.366,2.6,7.8,0.333,2.7,6.6,0.404,0.456,2.6,3.3,0.789,0.8,3.3,4.1,12.3,2.2,0.3,2.9,4.7,15.7,113.0,115.0,
113.0,Neemias Queta,26.0,BOS,C,42.0,42.0,1047.0,8.7,13.3,0.657,0.0,0.2,0.0,8.7,13.1,0.667,0.657,3.2,4.9,0.657,6.0,10.4,16.4,2.7,1.8,2.6,1.9,5.8,20.7,138.0,110.0,
114.0,Bobby Portis,30.0,MIL,PF,44.0,6.0,1042.0,10.8,22.2,0.486,4.1,8.8,0.465,6.7,13.4,0.5,0.578,1.4,1.9,0.75,2.5,10.8,13.3,3.0,1.1,0.3,2.1,3.5,27.0,113.0,116.0,
115.0,Kawhi Leonard,34.0,LAC,SF,31.0,31.0,1039.0,14.5,29.2,0.497,4.3,10.8,0.4,10.2,18.4,0.554,0.571,8.6,9.2,0.942,1.3,7.9,9.3,5.2,3.3,0.9,3.2,2.1,42.0,124.0,114.0,
116.0,Kel'el Ware,21.0,MIA,C,43.0,27.0,1023.0,8.9,16.5,0.54,2.3,5.5,0.415,6.6,11.0,0.602,0.609,2.4,2.9,0.815,6.2,12.7,18.9,1.1,1.7,2.2,1.9,3.1,22.5,126.0,108.0,
117.0,Tre Jones,26.0,CHI,PG,38.0,20.0,1020.0,7.7,14.0,0.55,1.0,3.0,0.328,6.7,11.0,0.609,0.584,5.4,6.4,0.848,1.1,4.1,5.2,10.3,2.3,0.3,2.4,2.5,21.8,134.0,118.0,
118.0,Devin Vassell,25.0,SAS,SG,32.0,32.0,1020.0,7.9,18.7,0.422,4.0,10.5,0.379,3.9,8.2,0.477,0.529,2.8,3.2,0.868,0.7,5.4,6.1,3.6,1.4,0.7,1.4,3.1,22.6,116.0,114.0,
119.0,Jalen Duren,22.0,DET,C,36.0,36.0,1019.0,11.8,18.9,0.627,0.0,0.0,,11.8,18.9,0.627,0.627,6.5,9.0,0.723,6.6,11.6,18.2,3.0,1.5,1.5,3.6,5.2,30.2,127.0,107.0,
120.0,Draymond Green,35.0,GSW,PF,38.0,38.0,1014.0,5.7,13.4,0.426,2.6,7.9,0.331,3.1,5.5,0.56,0.523,1.6,2.3,0.694,1.4,9.0,10.4,9.4,1.6,1.3,5.1,5.7,15.6,102.0,113.0,
121.0,Ausar Thompson,23.0,DET,SF,39.0,38.0,1012.0,8.2,16.0,0.51,0.2,0.9,0.263,8.0,15.2,0.525,0.518,3.5,6.1,0.574,4.0,7.1,11.1,4.8,3.1,1.5,2.8,5.4,20.1,112.0,107.0,
122.0,Rui Hachimura,27.0,LAL,PF,33.0,27.0,1010.0,7.5,14.9,0.502,2.7,6.6,0.419,4.7,8.3,0.566,0.594,1.4,1.8,0.763,1.2,4.3,5.5,1.4,0.9,0.4,1.3,2.8,19.1,118.0,122.0,
123.0,Josh Giddey,23.0,CHI,PG,31.0,30.0,1010.0,9.7,20.7,0.468,2.6,6.9,0.378,7.1,13.8,0.514,0.532,6.0,7.9,0.762,1.6,11.2,12.8,12.9,1.4,0.5,5.1,2.5,28.0,115.0,116.0,
124.0,Sam Hauser,28.0,BOS,PF,43.0,15.0,1008.0,6.7,16.0,0.421,5.7,14.1,0.406,1.0,1.9,0.526,0.6,0.4,0.5,0.9,1.4,6.6,8.0,3.0,1.2,0.6,1.3,2.9,19.6,126.0,117.0,
125.0,Cam Spencer,25.0,MEM,SG,42.0,11.0,1001.0,7.8,16.0,0.484,4.6,9.9,0.464,3.2,6.1,0.515,0.627,3.7,4.1,0.919,0.9,4.5,5.4,11.0,1.4,0.1,2.9,3.2,23.8,132.0,118.0,
126.0,Josh Hart,30.0,NYK,SF,33.0,18.0,1001.0,7.3,14.6,0.498,2.5,6.3,0.4,4.7,8.3,0.574,0.585,2.2,2.8,0.789,2.5,9.8,12.4,8.3,2.0,0.5,3.5,4.2,19.3,122.0,114.0,
127.0,Moussa DiabatÃ©,24.0,CHO,C,41.0,15.0,999.0,6.1,9.8,0.625,0.0,0.0,,6.1,9.8,0.625,0.625,3.8,5.9,0.65,7.3,9.2,16.5,2.9,1.5,2.1,1.8,5.3,16.1,138.0,114.0,
128.0,P.J. Washington,27.0,DAL,PF,32.0,31.0,995.0,8.2,18.2,0.454,2.0,6.3,0.318,6.3,11.9,0.526,0.509,3.5,5.1,0.685,2.2,9.0,11.1,2.9,1.6,2.2,3.2,3.5,22.0,102.0,111.0,
129.0,Sandro Mamukelashvili,26.0,TOR,C,45.0,10.0,993.0,9.4,17.8,0.53,2.9,7.8,0.38,6.5,10.0,0.647,0.613,2.8,3.8,0.744,3.4,7.9,11.3,4.4,1.5,1.3,1.8,4.0,24.7,127.0,112.0,
130.0,Vit Krejci,25.0,ATL,PG,43.0,7.0,989.0,6.5,14.1,0.461,4.7,11.0,0.425,1.8,3.0,0.594,0.628,1.3,1.7,0.75,0.9,3.5,4.4,3.2,1.7,0.6,1.4,4.9,19.0,121.0,118.0,
131.0,Ayo Dosunmu,26.0,CHI,SG,38.0,7.0,989.0,9.7,18.9,0.511,3.5,7.6,0.459,6.2,11.3,0.547,0.604,3.4,4.0,0.857,1.2,3.7,4.9,6.5,1.3,0.5,2.1,3.1,26.2,126.0,120.0,
132.0,Kyle Filipowski,22.0,UTA,C,44.0,15.0,985.0,7.3,15.8,0.462,1.7,5.6,0.31,5.6,10.3,0.544,0.517,3.3,4.6,0.708,3.4,9.6,13.0,4.3,1.4,1.0,2.6,5.9,19.6,112.0,121.0,
133.0,Luguentz Dort,26.0,OKC,SF,36.0,36.0,978.0,5.3,13.4,0.393,3.3,9.7,0.338,2.0,3.6,0.541,0.517,1.1,1.2,0.88,1.4,5.1,6.5,2.0,1.6,1.0,1.3,5.4,14.9,108.0,109.0,
134.0,Marcus Smart,31.0,LAL,SG,34.0,27.0,968.0,5.6,13.7,0.407,2.8,8.7,0.324,2.8,5.0,0.55,0.509,3.1,3.5,0.886,1.1,4.1,5.2,4.9,2.4,0.6,3.0,4.8,17.1,109.0,118.0,
135.0,Gary Trent Jr.,27.0,MIL,SG,40.0,17.0,967.0,5.7,15.1,0.378,3.9,10.9,0.356,1.8,4.2,0.434,0.507,1.4,1.7,0.818,0.3,2.2,2.5,3.2,1.3,0.1,1.2,2.8,16.7,106.0,121.0,
136.0,Terance Mann,29.0,BRK,SG,38.0,35.0,966.0,5.5,12.2,0.447,1.7,4.9,0.337,3.8,7.3,0.521,0.515,2.4,2.9,0.821,2.5,4.1,6.6,7.3,1.5,0.5,2.1,5.2,15.0,121.0,121.0,
137.0,Spencer Jones,24.0,DEN,SF,41.0,29.0,963.0,4.7,9.1,0.514,2.1,5.3,0.394,2.6,3.8,0.68,0.628,1.3,2.1,0.634,2.4,4.1,6.5,1.8,1.9,0.9,1.2,5.9,12.8,126.0,118.0,
138.0,LaMelo Ball,24.0,CHO,PG,35.0,32.0,956.0,12.1,29.9,0.407,6.0,16.5,0.362,6.1,13.3,0.462,0.507,4.3,4.9,0.884,1.6,7.4,9.1,13.5,2.1,0.5,5.6,4.9,34.6,113.0,116.0,
139.0,Mark Williams,24.0,PHO,C,40.0,36.0,955.0,9.5,14.6,0.652,0.1,0.1,1.0,9.5,14.6,0.65,0.653,5.4,6.8,0.784,6.5,10.3,16.8,2.1,2.2,2.0,2.3,4.6,24.5,138.0,109.0,
140.0,Alex Sarr,20.0,WAS,C,34.0,34.0,955.0,11.7,23.2,0.502,1.6,4.6,0.344,10.1,18.6,0.542,0.536,4.2,5.9,0.706,3.6,9.0,12.6,4.7,1.3,3.6,2.9,3.3,29.1,114.0,118.0,
141.0,Dennis SchrÃ¶der,32.0,SAC,PG,36.0,12.0,953.0,7.9,19.0,0.414,2.6,7.5,0.345,5.3,11.6,0.459,0.481,4.9,6.0,0.815,1.0,4.7,5.7,9.8,1.4,0.3,3.4,3.1,23.2,111.0,123.0,
142.0,Jock Landale,30.0,MEM,C,41.0,21.0,949.0,9.3,17.6,0.525,2.3,5.9,0.398,6.9,11.8,0.589,0.592,2.8,4.2,0.671,6.3,7.0,13.3,3.5,1.1,1.0,2.0,4.8,23.7,126.0,115.0,
143.0,Klay Thompson,35.0,DAL,SF,42.0,8.0,931.0,8.9,22.9,0.389,6.3,16.6,0.379,2.6,6.3,0.416,0.527,1.2,1.6,0.742,0.6,4.7,5.3,3.1,1.0,0.8,1.9,2.1,25.3,104.0,116.0,
144.0,Ace Bailey,19.0,UTA,SF,38.0,27.0,930.0,8.4,18.6,0.452,2.8,8.0,0.35,5.6,10.6,0.529,0.527,1.3,1.8,0.722,3.0,3.8,6.7,3.1,1.3,0.8,2.5,4.8,20.9,107.0,125.0,
145.0,Egor DÑmin,19.0,BRK,PG,38.0,30.0,930.0,7.1,17.5,0.404,4.9,12.3,0.4,2.1,5.2,0.412,0.544,1.7,2.0,0.838,1.0,5.1,6.1,6.9,1.8,0.6,3.5,3.8,20.7,108.0,119.0,
146.0,Svi Mykhailiuk,28.0,UTA,SF,38.0,38.0,927.0,6.4,13.6,0.472,3.5,9.0,0.386,3.0,4.6,0.637,0.599,1.0,1.1,0.905,1.4,3.5,4.9,3.8,1.0,0.2,1.5,2.5,17.2,121.0,127.0,
147.0,Kevin Huerter,27.0,CHI,SF,39.0,10.0,926.0,8.6,18.7,0.459,3.2,10.3,0.313,5.4,8.4,0.636,0.545,2.0,2.7,0.769,1.0,6.2,7.2,5.1,1.6,1.2,2.3,3.9,22.4,111.0,117.0,
148.0,Miles McBride,25.0,NYK,SG,33.0,14.0,925.0,7.9,18.0,0.441,5.3,12.1,0.437,2.6,5.9,0.45,0.588,1.7,2.1,0.846,1.2,3.5,4.7,4.8,1.4,0.3,1.4,3.1,22.9,128.0,119.0,
149.0,Jarrett Allen,27.0,CLE,C,34.0,34.0,923.0,9.1,15.4,0.59,0.1,0.4,0.143,9.0,15.1,0.601,0.592,5.4,7.0,0.772,3.9,10.0,13.9,3.4,1.7,1.4,2.6,3.2,23.6,126.0,113.0,
150.0,Jusuf NurkiÄ,31.0,UTA,C,35.0,30.0,922.0,8.0,15.9,0.503,1.1,3.1,0.344,6.9,12.7,0.542,0.537,2.8,4.9,0.563,4.7,13.6,18.3,8.5,2.4,0.8,4.2,5.9,19.8,111.0,117.0,
151.0,Isaiah Stewart,24.0,DET,C,39.0,11.0,918.0,8.0,14.9,0.535,1.7,5.0,0.347,6.3,10.0,0.628,0.593,3.1,4.1,0.747,3.6,7.8,11.4,2.5,0.5,4.0,2.6,6.2,20.8,120.0,109.0,
152.0,Oso Ighodaro,23.0,PHO,PF,45.0,7.0,904.0,5.9,9.5,0.616,0.0,0.1,0.0,5.9,9.5,0.619,0.616,1.6,3.1,0.5,3.4,7.2,10.6,4.3,2.4,1.3,3.0,6.2,13.3,115.0,111.0,
153.0,Jordan Goodwin,27.0,PHO,PG,42.0,2.0,903.0,7.6,18.8,0.405,3.3,9.7,0.344,4.3,9.1,0.47,0.494,1.3,1.8,0.735,4.2,6.3,10.5,5.2,3.2,0.5,2.4,3.9,19.9,112.0,111.0,
154.0,Tre Johnson,19.0,WAS,SG,36.0,18.0,900.0,8.7,19.5,0.448,4.0,10.1,0.393,4.8,9.4,0.508,0.55,2.5,2.9,0.889,1.0,4.4,5.4,3.9,1.3,0.6,2.9,3.5,24.0,110.0,124.0,
155.0,Isaac Okoro,25.0,CHI,SG,36.0,36.0,900.0,5.9,12.6,0.471,1.9,5.8,0.333,4.0,6.8,0.589,0.548,2.2,2.8,0.778,2.2,3.2,5.3,2.7,1.2,0.9,1.2,5.0,16.0,120.0,121.0,
156.0,Jay Huff,27.0,IND,C,46.0,26.0,899.0,7.6,16.2,0.469,3.3,10.4,0.316,4.3,5.8,0.743,0.57,2.1,2.5,0.833,2.4,6.7,9.1,3.1,1.1,5.0,2.0,5.9,20.6,115.0,113.0,
157.0,Zion Williamson,25.0,NOP,PF,31.0,24.0,897.0,13.5,23.2,0.58,0.0,0.2,0.0,13.5,23.1,0.584,0.58,9.3,13.4,0.694,3.6,6.1,9.7,5.6,1.9,1.0,3.8,3.7,36.3,122.0,120.0,
158.0,Victor Wembanyama,22.0,SAS,C,31.0,22.0,894.0,14.1,27.6,0.51,3.1,8.0,0.389,11.0,19.6,0.559,0.566,9.5,11.2,0.846,3.3,14.9,18.2,4.8,1.4,4.4,4.5,4.6,40.7,119.0,104.0,
159.0,Sidy Cissoko,21.0,POR,SF,41.0,20.0,887.0,4.5,11.5,0.391,2.4,7.2,0.326,2.1,4.3,0.5,0.493,2.3,3.2,0.7,2.0,3.1,5.0,3.1,1.4,0.7,2.4,5.9,13.6,107.0,119.0,
160.0,Zaccharie Risacher,20.0,ATL,SF,36.0,36.0,887.0,8.2,17.9,0.462,3.0,8.4,0.358,5.2,9.5,0.553,0.546,1.8,2.8,0.642,1.8,4.5,6.3,2.7,1.7,1.0,1.7,4.2,21.3,109.0,117.0,
161.0,Jerami Grant,31.0,POR,PF,30.0,14.0,883.0,9.3,21.4,0.432,3.8,10.0,0.378,5.5,11.5,0.479,0.52,8.8,10.3,0.853,1.7,4.4,6.0,4.1,1.2,1.1,3.5,4.6,31.1,119.0,118.0,
162.0,Kentavious Caldwell-Pope,32.0,MEM,SG,42.0,13.0,882.0,6.3,15.8,0.401,2.7,8.0,0.336,3.6,7.8,0.469,0.486,3.1,3.3,0.935,0.9,4.7,5.5,6.5,1.8,0.4,2.7,2.4,18.5,109.0,116.0,
163.0,Brice Sensabaugh,22.0,UTA,SF,42.0,9.0,878.0,9.1,20.4,0.449,3.6,11.2,0.322,5.5,9.2,0.602,0.537,4.0,4.6,0.872,1.9,4.9,6.8,3.4,1.6,0.3,2.7,3.9,25.9,111.0,125.0,
164.0,Giannis Antetokounmpo,31.0,MIL,PF,30.0,30.0,876.0,17.5,27.1,0.645,0.8,2.1,0.395,16.7,25.0,0.666,0.66,10.9,16.6,0.658,4.7,12.1,16.8,9.4,1.5,1.2,5.6,4.3,46.8,127.0,113.0,
165.0,Luke Kornet,30.0,SAS,C,36.0,22.0,874.0,6.4,9.6,0.667,0.0,0.0,,6.4,9.6,0.667,0.667,3.5,4.3,0.821,6.0,7.5,13.5,3.9,0.9,2.6,0.9,4.1,16.3,155.0,112.0,
166.0,Kris Murray,25.0,POR,SF,34.0,11.0,874.0,4.2,9.5,0.446,1.1,4.2,0.256,3.2,5.3,0.598,0.503,1.7,2.3,0.738,3.3,4.1,7.4,2.3,2.2,0.8,1.7,3.7,11.3,114.0,117.0,
167.0,Maxime Raynaud,22.0,SAC,C,38.0,24.0,873.0,8.7,16.1,0.541,0.5,1.7,0.3,8.2,14.4,0.569,0.557,2.5,3.5,0.714,3.7,9.8,13.4,2.4,0.9,1.0,2.0,5.3,20.4,115.0,120.0,
168.0,Tristan Da Silva,24.0,ORL,SF,38.0,14.0,872.0,7.4,16.8,0.439,3.2,8.4,0.379,4.2,8.4,0.5,0.534,1.8,2.1,0.842,1.7,5.8,7.5,2.4,1.8,0.4,1.9,2.7,19.8,110.0,116.0,
169.0,LeBron James,41.0,LAL,SF,26.0,26.0,865.0,12.2,23.9,0.508,2.3,7.0,0.331,9.8,16.9,0.581,0.556,6.3,8.5,0.742,1.0,7.7,8.7,10.1,1.6,1.0,4.2,2.0,32.9,118.0,117.0,
170.0,Nicolas Batum,37.0,LAC,PF,43.0,4.0,864.0,3.7,9.4,0.393,3.5,9.0,0.394,0.2,0.5,0.375,0.58,0.5,0.6,0.818,1.0,5.4,6.4,2.0,2.0,1.0,1.6,4.2,11.5,111.0,118.0,
171.0,Brandon Williams,26.0,DAL,PG,39.0,11.0,864.0,9.2,20.1,0.455,1.0,5.4,0.192,8.1,14.7,0.552,0.481,6.7,8.5,0.787,1.2,5.0,6.2,7.8,2.3,0.5,4.2,3.7,26.0,107.0,113.0,
172.0,Jordan Clarkson,33.0,NYK,SG,44.0,0.0,859.0,8.9,20.9,0.425,3.3,10.0,0.33,5.6,10.9,0.513,0.504,2.8,3.6,0.778,2.0,2.6,4.6,3.3,1.2,0.3,2.7,4.7,23.8,108.0,120.0,
173.0,Ron Holland,20.0,DET,SF,41.0,5.0,857.0,7.0,16.7,0.418,1.5,6.0,0.243,5.5,10.7,0.516,0.462,3.7,4.8,0.776,2.5,7.5,10.0,3.2,3.2,0.8,3.2,5.0,19.1,103.0,107.0,
174.0,Isaiah Collier,21.0,UTA,PG,37.0,5.0,857.0,6.7,13.2,0.508,1.0,2.9,0.34,5.7,10.3,0.556,0.546,3.6,5.6,0.653,0.8,4.0,4.7,13.4,1.5,0.7,4.7,4.6,18.0,113.0,125.0,
175.0,Pelle Larsson,24.0,MIA,SG,37.0,24.0,857.0,6.7,14.2,0.473,1.8,5.7,0.311,5.0,8.5,0.582,0.536,3.5,4.7,0.739,1.5,4.2,5.7,6.6,1.1,0.4,1.8,3.8,18.7,121.0,117.0,
176.0,Cameron Johnson,29.0,DEN,SF,28.0,28.0,857.0,6.5,14.0,0.461,3.1,7.2,0.429,3.4,6.8,0.496,0.571,2.7,3.3,0.81,1.1,4.6,5.7,3.8,1.0,0.5,1.5,3.6,18.7,121.0,121.0,
177.0,Josh Okogie,27.0,HOU,SG,43.0,27.0,855.0,4.9,11.0,0.444,2.3,5.9,0.396,2.6,5.1,0.5,0.55,1.8,2.8,0.646,2.8,4.0,6.8,2.3,2.5,0.5,1.9,4.0,14.0,119.0,115.0,
178.0,Franz Wagner,24.0,ORL,SF,26.0,26.0,854.0,11.2,23.2,0.482,2.2,6.0,0.368,9.0,17.2,0.521,0.529,8.0,9.7,0.826,2.3,6.7,9.0,5.2,1.6,0.5,2.6,3.3,32.5,121.0,116.0,
179.0,Malik Monk,27.0,SAC,SG,38.0,0.0,851.0,9.5,21.4,0.444,4.3,10.2,0.422,5.2,11.2,0.465,0.545,3.1,3.6,0.859,0.6,3.7,4.4,5.4,1.4,0.7,3.1,3.4,26.4,110.0,123.0,
180.0,Caleb Love,24.0,POR,SG,38.0,1.0,850.0,8.8,22.4,0.394,4.5,13.6,0.333,4.3,8.8,0.487,0.495,1.8,2.4,0.744,1.2,4.6,5.8,5.5,1.2,0.2,2.8,2.5,24.0,107.0,119.0,
181.0,Dean Wade,29.0,CLE,PF,37.0,16.0,842.0,3.9,10.0,0.393,2.4,7.5,0.323,1.5,2.5,0.6,0.514,1.4,1.8,0.75,1.7,6.9,8.6,3.3,1.5,0.8,0.6,3.4,11.7,124.0,116.0,
182.0,Brandon Miller,23.0,CHO,SF,28.0,28.0,841.0,11.5,27.3,0.42,4.7,13.1,0.356,6.8,14.2,0.48,0.505,5.0,5.9,0.843,1.6,5.2,6.8,5.5,1.6,1.6,4.3,4.7,32.6,108.0,117.0,
183.0,Luke Kennard,29.0,ATL,SG,41.0,0.0,838.0,6.3,12.0,0.528,3.6,7.6,0.481,2.7,4.4,0.608,0.68,1.6,1.7,0.933,1.0,3.8,4.8,5.1,1.8,0.1,1.7,2.7,17.9,131.0,118.0,
184.0,Collin Sexton,27.0,CHO,SG,36.0,12.0,836.0,10.7,21.6,0.493,2.8,7.1,0.385,7.9,14.5,0.547,0.557,7.4,8.4,0.875,0.9,3.2,4.2,8.4,1.7,0.3,4.7,3.7,31.5,120.0,119.0,
185.0,Javonte Green,32.0,DET,SG,43.0,4.0,829.0,6.1,13.7,0.447,2.8,7.6,0.366,3.4,6.1,0.547,0.549,2.8,3.8,0.754,1.8,5.0,6.8,1.9,3.4,0.9,1.6,3.8,17.9,118.0,108.0,
186.0,Grayson Allen,30.0,PHO,SG,28.0,19.0,825.0,9.1,21.6,0.422,5.5,14.7,0.375,3.6,6.9,0.521,0.549,3.2,3.8,0.831,1.1,3.8,4.8,6.2,2.6,0.5,2.7,3.9,26.9,118.0,114.0,
187.0,Quinten Post,25.0,GSW,PF,46.0,31.0,817.0,8.1,18.4,0.441,4.2,12.0,0.348,3.9,6.4,0.615,0.554,1.1,1.4,0.792,2.6,8.1,10.7,3.8,1.2,1.4,2.1,5.4,21.5,113.0,114.0,
188.0,Precious Achiuwa,26.0,SAC,C,39.0,25.0,815.0,7.2,14.0,0.515,0.9,2.7,0.333,6.3,11.3,0.557,0.546,2.2,4.1,0.529,4.4,8.6,12.9,2.8,1.8,1.3,1.4,3.8,17.5,117.0,118.0,
189.0,Austin Reaves,27.0,LAL,SG,23.0,22.0,812.0,11.3,22.4,0.507,3.7,10.2,0.365,7.6,12.2,0.626,0.59,10.3,11.8,0.873,1.0,6.2,7.2,8.6,1.3,0.3,4.5,3.1,36.7,127.0,120.0,
190.0,Ryan Kalkbrenner,24.0,CHO,C,33.0,26.0,807.0,7.4,9.6,0.772,0.0,0.1,0.0,7.4,9.5,0.782,0.772,2.6,3.6,0.717,5.0,7.6,12.6,1.3,1.2,3.0,2.1,3.5,17.4,140.0,114.0,
191.0,Dominick Barlow,22.0,PHI,PF,33.0,29.0,797.0,6.5,11.8,0.552,0.8,3.0,0.26,5.7,8.7,0.653,0.585,2.6,3.3,0.778,4.4,5.9,10.3,2.7,1.8,1.4,1.9,4.4,16.3,126.0,115.0,
192.0,Collin Murray-Boyles,20.0,TOR,PF,37.0,13.0,796.0,7.3,13.6,0.536,0.9,2.6,0.349,6.4,11.0,0.581,0.57,2.1,3.2,0.642,5.8,5.8,11.6,4.5,2.0,1.6,2.5,5.9,17.6,120.0,112.0,
193.0,Darius Garland,26.0,CLE,PG,26.0,26.0,792.0,10.2,22.6,0.451,3.5,9.8,0.36,6.6,12.8,0.521,0.529,4.1,4.7,0.861,0.7,3.1,3.8,10.8,1.3,0.2,4.4,2.9,28.0,114.0,120.0,
194.0,Ryan Dunn,23.0,PHO,SF,38.0,11.0,791.0,6.0,13.4,0.452,1.9,6.1,0.313,4.1,7.3,0.568,0.523,1.1,1.6,0.692,3.8,6.7,10.5,3.9,2.2,1.1,2.4,5.5,15.1,113.0,113.0,
195.0,Ben Sheppard,24.0,IND,SG,35.0,12.0,787.0,4.7,12.5,0.377,2.5,7.9,0.323,2.2,4.7,0.468,0.478,1.6,2.1,0.765,1.3,5.6,6.9,3.8,1.2,0.2,1.0,3.9,13.6,110.0,119.0,
196.0,Will Richard,23.0,GSW,SG,41.0,15.0,784.0,6.2,12.8,0.486,2.8,7.7,0.365,3.4,5.0,0.671,0.596,2.1,2.6,0.814,2.4,3.8,6.2,3.4,2.7,0.3,1.9,4.7,17.4,122.0,115.0,
197.0,Nique Clifford,23.0,SAC,SG,42.0,3.0,779.0,5.2,13.1,0.401,1.7,5.9,0.292,3.5,7.2,0.491,0.467,1.4,2.1,0.676,1.7,5.8,7.5,3.3,1.4,0.7,2.8,5.0,13.6,94.0,121.0,
198.0,Jose Alvarado,27.0,NOP,PG,35.0,0.0,776.0,6.2,14.7,0.424,3.4,9.5,0.361,2.8,5.1,0.542,0.542,1.2,1.4,0.826,0.8,5.2,6.0,7.0,2.2,0.2,2.8,4.4,17.1,112.0,121.0,
199.0,Gradey Dick,22.0,TOR,SG,47.0,1.0,774.0,6.9,16.3,0.425,2.7,8.8,0.309,4.2,7.6,0.558,0.508,3.2,3.7,0.847,1.8,4.6,6.4,2.0,2.0,0.3,1.6,4.3,19.7,111.0,115.0,
200.0,Kevin Porter Jr.,25.0,MIL,PG,23.0,22.0,773.0,8.4,19.0,0.443,2.4,6.7,0.358,6.0,12.3,0.49,0.507,5.2,6.1,0.845,1.1,6.3,7.3,10.8,3.1,0.6,4.7,3.1,24.4,111.0,114.0,
201.0,Bennedict Mathurin,23.0,IND,SF,24.0,24.0,772.0,8.3,19.6,0.423,3.3,9.0,0.366,5.0,10.6,0.471,0.506,6.5,7.5,0.876,1.2,7.0,8.2,3.2,1.0,0.2,3.5,4.3,26.4,107.0,119.0,
202.0,Tobias Harris,33.0,DET,PF,28.0,28.0,768.0,8.5,18.7,0.455,2.3,7.0,0.327,6.2,11.6,0.532,0.517,3.9,4.6,0.849,1.7,6.2,7.9,4.2,1.4,0.4,1.9,3.6,23.1,118.0,112.0,
203.0,Aaron Nesmith,26.0,IND,SF,25.0,22.0,761.0,6.8,19.1,0.359,3.8,10.8,0.349,3.1,8.3,0.371,0.457,3.4,4.2,0.806,2.4,5.7,8.1,3.4,1.1,0.9,2.3,4.5,20.8,102.0,118.0,
204.0,Justin Champagnie,24.0,WAS,SF,41.0,10.0,758.0,7.1,14.1,0.502,1.6,5.0,0.313,5.5,9.1,0.607,0.558,2.4,3.3,0.736,5.3,9.1,14.4,2.8,1.9,1.4,1.4,4.2,18.2,125.0,118.0,
205.0,Dylan Harper,19.0,SAS,SG,35.0,0.0,745.0,9.3,21.3,0.436,1.4,5.9,0.242,7.9,15.4,0.51,0.47,3.4,4.6,0.746,1.6,5.5,7.2,8.0,2.1,0.6,3.2,4.3,23.4,107.0,113.0,
206.0,Kobe Sanders,23.0,LAC,SG,36.0,8.0,744.0,5.9,13.3,0.442,2.5,6.4,0.389,3.4,6.9,0.49,0.536,2.2,2.5,0.865,1.1,4.7,5.8,3.6,1.5,0.3,3.2,5.1,16.3,104.0,120.0,
207.0,Day'Ron Sharpe,24.0,BRK,C,41.0,3.0,742.0,8.3,13.7,0.603,0.4,2.0,0.2,7.9,11.7,0.672,0.618,4.6,6.9,0.676,6.7,10.5,17.1,6.4,2.6,1.2,4.3,6.1,21.6,123.0,113.0,
208.0,Jordan Walsh,21.0,BOS,PF,39.0,20.0,741.0,5.9,10.6,0.558,2.0,4.5,0.433,3.9,6.0,0.652,0.651,1.7,2.1,0.806,3.5,8.3,11.9,2.3,2.3,1.2,1.4,6.1,15.4,138.0,112.0,
209.0,Walter Clayton,22.0,UTA,PG,40.0,0.0,739.0,6.1,14.9,0.408,2.6,8.4,0.305,3.5,6.5,0.539,0.494,3.5,3.7,0.948,0.8,4.3,5.2,8.6,1.4,0.5,3.1,4.5,18.2,113.0,125.0,
210.0,Dru Smith,28.0,MIA,SG,44.0,1.0,735.0,5.6,13.7,0.408,1.8,5.8,0.315,3.8,7.9,0.476,0.475,3.6,4.5,0.817,2.1,4.5,6.5,7.0,4.0,0.9,2.6,4.2,16.6,113.0,110.0,
211.0,Patrick Williams,24.0,CHI,PF,40.0,1.0,735.0,5.8,15.3,0.378,3.3,8.2,0.402,2.5,7.1,0.351,0.485,1.8,2.6,0.683,1.6,6.0,7.6,3.0,1.8,0.6,2.3,3.1,16.7,100.0,118.0,
212.0,Isaiah Joe,26.0,OKC,SG,37.0,1.0,735.0,7.1,16.1,0.437,5.2,13.1,0.398,1.8,3.0,0.609,0.599,3.6,4.2,0.859,1.1,5.0,6.1,3.1,1.2,0.4,1.5,4.2,22.9,125.0,111.0,
213.0,Yves Missi,21.0,NOP,C,39.0,7.0,734.0,6.1,11.3,0.543,0.0,0.1,0.0,6.1,11.2,0.547,0.543,1.9,3.2,0.592,7.5,6.5,14.1,3.0,0.8,3.3,2.0,4.3,14.1,124.0,120.0,
214.0,Khris Middleton,34.0,WAS,SF,30.0,30.0,734.0,7.1,16.7,0.422,1.8,5.6,0.314,5.3,11.2,0.477,0.475,3.2,3.8,0.831,1.9,5.8,7.7,6.3,1.5,0.5,3.0,5.3,19.1,107.0,123.0,
215.0,Steven Adams,32.0,HOU,C,32.0,11.0,730.0,4.8,9.5,0.504,0.0,0.0,,4.8,9.5,0.504,0.504,3.2,5.5,0.58,9.9,9.0,18.9,3.3,1.5,1.4,2.4,3.8,12.8,125.0,113.0,
216.0,Ziaire Williams,24.0,BRK,SF,32.0,4.0,729.0,6.6,16.1,0.407,3.5,11.4,0.305,3.1,4.7,0.652,0.515,4.2,4.8,0.871,1.2,4.3,5.5,1.4,2.5,1.2,2.2,4.4,20.8,108.0,117.0,
217.0,Craig Porter Jr.,25.0,CLE,PG,41.0,2.0,728.0,5.2,11.2,0.465,1.6,3.9,0.4,3.6,7.3,0.5,0.535,1.0,1.7,0.577,3.9,5.7,9.6,8.1,2.5,1.7,2.5,3.1,13.0,122.0,113.0,
218.0,Joel Embiid,31.0,PHI,C,24.0,24.0,727.0,13.2,27.5,0.479,1.7,6.3,0.263,11.5,21.2,0.544,0.51,11.2,13.0,0.862,3.3,8.3,11.7,5.7,1.0,1.8,4.9,3.3,39.2,116.0,114.0,
219.0,Paul George,35.0,PHI,PF,24.0,24.0,723.0,8.6,20.6,0.419,3.7,10.1,0.371,4.9,10.5,0.465,0.51,4.1,4.8,0.859,0.9,7.6,8.4,5.9,2.3,0.9,2.7,3.6,25.1,113.0,113.0,
220.0,Mike Conley,38.0,MIN,PG,39.0,8.0,721.0,3.6,10.6,0.338,2.6,7.9,0.336,0.9,2.7,0.341,0.463,2.4,2.8,0.881,0.9,3.6,4.5,7.5,1.5,0.5,1.6,3.9,12.2,121.0,117.0,
221.0,RJ Barrett,25.0,TOR,SF,24.0,24.0,720.0,11.7,23.6,0.494,3.0,8.7,0.341,8.7,14.8,0.584,0.557,4.9,7.2,0.682,1.3,7.0,8.3,5.9,1.3,0.3,2.6,3.9,31.2,116.0,115.0,
222.0,Mouhamed Gueye,23.0,ATL,PF,45.0,4.0,719.0,5.3,12.2,0.439,1.4,5.3,0.272,3.9,6.9,0.566,0.497,1.5,2.5,0.59,3.3,7.0,10.4,2.9,2.3,1.6,1.7,5.1,13.6,108.0,113.0,
223.0,Aaron Wiggins,27.0,OKC,SG,31.0,11.0,718.0,8.2,18.0,0.454,3.8,9.8,0.39,4.3,8.2,0.528,0.559,1.4,1.9,0.724,1.2,5.8,7.0,3.5,1.7,1.3,2.2,3.1,21.5,110.0,108.0,
224.0,Jalen Smith,25.0,CHI,C,37.0,7.0,717.0,8.5,18.3,0.466,3.6,10.0,0.358,4.9,8.3,0.595,0.563,3.0,4.0,0.738,4.7,11.9,16.6,3.2,1.1,2.2,2.2,4.8,23.5,119.0,114.0,
225.0,Jalen Williams,24.0,OKC,SG,24.0,24.0,711.0,10.7,22.7,0.47,1.2,4.1,0.3,9.5,18.6,0.507,0.497,4.7,5.7,0.833,1.1,6.6,7.7,9.1,2.2,0.6,3.2,3.4,27.3,112.0,108.0,
226.0,Jordan Poole,26.0,NOP,PG,28.0,6.0,710.0,8.4,22.7,0.37,4.8,14.2,0.336,3.6,8.5,0.425,0.475,5.7,6.5,0.876,0.4,3.0,3.4,5.8,1.3,0.6,3.6,4.5,27.3,107.0,124.0,
227.0,Simone Fontecchio,30.0,MIA,SF,42.0,1.0,701.0,7.6,18.9,0.404,4.9,13.2,0.373,2.7,5.7,0.477,0.535,3.4,4.1,0.81,2.0,6.4,8.4,3.9,1.3,0.4,2.4,4.0,23.6,113.0,115.0,
228.0,Andre Drummond,32.0,PHI,C,35.0,16.0,701.0,6.6,13.3,0.497,1.2,3.2,0.362,5.5,10.1,0.541,0.541,2.6,4.0,0.655,8.3,13.4,21.7,1.9,1.3,2.1,2.1,4.9,17.1,124.0,110.0,
229.0,Marvin Bagley III,26.0,WAS,PF,36.0,7.0,696.0,9.8,15.8,0.619,0.5,1.2,0.389,9.3,14.6,0.638,0.634,4.5,6.4,0.71,6.4,7.6,13.9,3.6,1.3,1.8,2.9,5.1,24.5,128.0,120.0,
230.0,Tyus Jones,29.0,ORL,PG,43.0,8.0,691.0,3.5,10.4,0.336,1.9,6.8,0.278,1.6,3.6,0.442,0.426,0.4,0.4,1.0,0.6,2.8,3.3,7.0,2.2,0.2,0.8,1.7,9.3,113.0,117.0,
231.0,Keegan Murray,25.0,SAC,PF,19.0,18.0,683.0,7.8,18.2,0.429,1.8,6.5,0.272,6.1,11.8,0.515,0.477,2.1,2.7,0.789,2.1,6.1,8.2,2.0,1.6,2.1,1.5,2.6,19.5,103.0,119.0,
232.0,Kelly Oubre Jr.,30.0,PHI,SF,21.0,16.0,679.0,8.1,16.5,0.489,2.9,7.4,0.385,5.2,9.1,0.575,0.576,2.9,3.9,0.745,1.4,5.3,6.8,2.1,1.7,1.1,2.1,4.0,21.9,116.0,115.0,
233.0,Herbert Jones,27.0,NOP,SF,24.0,24.0,676.0,5.7,14.6,0.388,2.3,7.0,0.323,3.4,7.6,0.449,0.466,1.8,2.3,0.813,1.8,4.2,5.9,4.0,2.8,0.6,2.3,5.5,15.4,103.0,120.0,
234.0,Keon Ellis,26.0,SAC,SG,39.0,5.0,675.0,5.1,13.2,0.384,3.2,9.0,0.357,1.9,4.2,0.441,0.505,1.4,2.1,0.633,1.0,2.7,3.7,1.6,3.1,1.4,1.4,4.5,14.7,103.0,119.0,
235.0,Jarred Vanderbilt,26.0,LAL,PF,34.0,3.0,675.0,4.6,9.5,0.485,1.2,3.9,0.315,3.4,5.6,0.603,0.549,1.6,2.2,0.71,4.0,8.5,12.5,3.2,2.2,0.9,2.7,4.8,12.0,113.0,115.0,
236.0,Bilal Coulibaly,21.0,WAS,SG,25.0,25.0,664.0,5.9,15.0,0.392,1.7,6.3,0.273,4.2,8.7,0.479,0.45,4.7,6.1,0.765,1.6,6.7,8.4,4.4,2.6,1.6,2.9,5.2,18.1,104.0,118.0,
237.0,Buddy Hield,33.0,GSW,SG,39.0,3.0,661.0,8.2,18.6,0.441,4.4,12.4,0.357,3.8,6.2,0.612,0.561,1.9,2.0,0.929,1.8,5.0,6.8,3.9,2.4,0.5,2.6,3.4,22.8,112.0,114.0,
238.0,Coby White,25.0,CHI,SG,23.0,20.0,657.0,10.1,22.2,0.455,4.1,11.7,0.352,6.0,10.5,0.568,0.547,6.7,8.5,0.788,0.5,5.4,5.9,7.6,1.2,0.1,5.0,3.7,30.9,109.0,120.0,
239.0,Tyrese Martin,26.0,BRK,SG,34.0,6.0,656.0,7.4,18.1,0.408,3.8,10.7,0.355,3.6,7.4,0.485,0.513,1.4,2.0,0.731,2.4,5.0,7.4,5.1,1.7,0.3,2.4,2.3,20.0,108.0,120.0,
240.0,Ja'Kobe Walter,21.0,TOR,SG,37.0,9.0,654.0,5.8,13.5,0.431,3.3,9.0,0.367,2.5,4.5,0.557,0.552,2.0,2.7,0.75,1.9,3.9,5.8,2.4,2.4,0.4,1.4,5.4,16.9,116.0,114.0,
241.0,Goga Bitadze,26.0,ORL,C,39.0,1.0,652.0,7.2,10.4,0.688,0.1,0.7,0.2,7.0,9.7,0.725,0.695,2.8,3.8,0.731,6.2,8.8,15.0,3.6,2.2,3.5,1.6,6.3,17.3,145.0,109.0,
242.0,Ryan Nembhard,22.0,DAL,PG,32.0,17.0,650.0,7.2,15.9,0.452,2.2,5.7,0.397,4.9,10.2,0.482,0.523,0.6,0.8,0.727,0.5,4.0,4.5,12.0,0.6,0.0,3.6,3.4,17.2,110.0,119.0,
243.0,Isaiah Hartenstein,27.0,OKC,C,24.0,24.0,645.0,8.6,13.4,0.644,0.0,0.3,0.0,8.6,13.1,0.659,0.644,2.8,4.2,0.649,6.0,12.5,18.5,5.3,2.0,1.3,3.7,5.1,20.0,125.0,103.0,
244.0,Aaron Gordon,30.0,DEN,PF,23.0,20.0,642.0,10.6,20.9,0.509,3.2,8.0,0.4,7.4,12.8,0.577,0.586,6.6,8.3,0.789,2.3,8.6,10.8,4.4,1.2,0.3,1.8,2.9,31.0,128.0,118.0,
245.0,Nikola JoviÄ,22.0,MIA,PF,34.0,1.0,641.0,6.5,17.6,0.371,2.7,9.4,0.285,3.9,8.3,0.47,0.447,4.0,5.6,0.705,1.3,7.8,9.1,6.6,1.6,0.9,4.1,4.0,19.7,97.0,113.0,
246.0,Lonzo Ball,28.0,CLE,PG,30.0,3.0,636.0,3.7,12.0,0.304,2.7,9.9,0.271,1.0,2.1,0.464,0.416,1.0,1.5,0.7,1.9,6.9,8.7,9.2,2.8,0.6,3.4,2.8,11.0,102.0,113.0,
247.0,Micah Peavy,24.0,NOP,SG,39.0,1.0,627.0,6.1,15.2,0.4,1.4,5.6,0.257,4.6,9.6,0.484,0.448,0.8,1.1,0.733,2.8,3.9,6.7,3.4,2.2,0.5,0.9,5.1,14.5,108.0,122.0,
248.0,Ochai Agbaji,25.0,TOR,SG,38.0,13.0,627.0,5.4,12.9,0.422,0.9,5.0,0.188,4.5,7.9,0.569,0.458,1.9,2.1,0.889,2.3,4.7,7.0,2.3,1.3,0.9,1.3,5.6,13.7,106.0,115.0,
249.0,Brook Lopez,37.0,LAC,C,37.0,7.0,627.0,6.4,17.6,0.362,4.2,12.9,0.327,2.2,4.7,0.458,0.482,1.8,2.1,0.846,1.0,6.5,7.6,2.6,1.4,2.9,2.4,4.8,18.8,99.0,116.0,
250.0,Anthony Davis,32.0,DAL,PF,20.0,20.0,626.0,12.7,25.2,0.506,0.8,2.8,0.27,12.0,22.4,0.535,0.521,4.4,6.1,0.728,4.7,12.0,16.7,4.2,1.7,2.5,3.1,3.2,30.7,111.0,108.0,
251.0,Vince Williams Jr.,25.0,MEM,PG,29.0,11.0,625.0,5.7,16.4,0.346,3.0,9.9,0.298,2.7,6.5,0.419,0.435,2.2,2.6,0.829,1.7,7.0,8.7,10.1,1.6,1.0,4.2,4.5,16.5,100.0,114.0,
252.0,Sam Merrill,29.0,CLE,SG,24.0,15.0,619.0,8.3,17.6,0.47,6.5,14.3,0.455,1.8,3.3,0.535,0.654,2.3,2.6,0.882,1.2,3.1,4.4,4.3,1.3,0.2,1.7,5.2,25.4,132.0,119.0,
253.0,Jaxson Hayes,25.0,LAL,C,35.0,4.0,615.0,7.1,9.3,0.769,0.1,0.1,1.0,7.0,9.2,0.767,0.774,3.2,5.1,0.625,4.0,7.0,11.1,2.2,0.9,1.7,1.6,5.7,17.5,145.0,118.0,
254.0,Drake Powell,20.0,BRK,SG,32.0,6.0,614.0,5.9,13.2,0.451,2.0,6.5,0.313,3.9,6.7,0.585,0.528,2.7,3.0,0.892,0.5,3.6,4.1,4.5,1.6,0.4,2.4,3.8,16.6,110.0,121.0,
255.0,Caris LeVert,31.0,DET,SG,31.0,0.0,612.0,6.9,16.0,0.431,2.7,7.8,0.34,4.2,8.1,0.519,0.515,2.8,4.1,0.679,0.6,3.8,4.4,6.9,2.2,1.6,3.4,3.5,19.3,108.0,111.0,
256.0,Daniel Gafford,27.0,DAL,C,29.0,20.0,602.0,6.9,11.0,0.629,0.0,0.0,,6.9,11.0,0.629,0.629,4.0,5.3,0.761,4.5,10.2,14.7,1.9,1.8,3.0,3.1,5.9,17.8,121.0,108.0,
257.0,Luka Garza,27.0,BOS,C,36.0,1.0,597.0,8.4,14.3,0.588,2.1,4.5,0.472,6.3,9.8,0.641,0.662,4.4,5.4,0.813,7.3,5.6,13.0,2.9,1.2,1.5,1.3,7.9,23.3,151.0,116.0,
258.0,Mitchell Robinson,27.0,NYK,C,31.0,13.0,597.0,5.3,7.9,0.677,0.0,0.0,,5.3,7.9,0.677,0.677,1.6,4.3,0.377,12.4,10.8,23.2,2.7,2.1,3.0,1.8,6.0,12.3,144.0,110.0,
259.0,Jaylen Clark,24.0,MIN,SG,42.0,0.0,590.0,4.9,11.4,0.433,1.4,4.8,0.288,3.6,6.6,0.537,0.493,2.7,4.1,0.647,3.2,3.6,6.7,2.0,2.6,0.6,1.1,5.0,13.9,116.0,114.0,
260.0,Jalen Pickett,26.0,DEN,SG,31.0,13.0,586.0,6.2,14.2,0.435,3.1,7.5,0.411,3.1,6.7,0.463,0.544,0.8,0.9,0.909,1.3,6.2,7.5,7.5,1.0,0.3,2.2,2.7,16.3,117.0,120.0,
261.0,Jalen Suggs,24.0,ORL,PG,23.0,23.0,584.0,10.0,21.2,0.471,3.6,11.0,0.331,6.3,10.2,0.621,0.556,4.9,5.8,0.857,1.4,5.5,6.9,8.8,3.5,1.0,5.0,5.7,28.5,113.0,111.0,
262.0,Hugo GonzÃ¡lez,19.0,BOS,SF,39.0,2.0,583.0,5.6,10.9,0.512,1.8,4.7,0.382,3.8,6.2,0.611,0.594,0.8,1.5,0.529,3.0,8.4,11.5,2.0,2.0,0.9,2.1,6.5,13.8,116.0,113.0,
263.0,Alex Caruso,31.0,OKC,SG,32.0,0.0,582.0,5.8,13.9,0.417,2.6,8.5,0.301,3.2,5.4,0.6,0.509,1.9,2.3,0.821,1.5,6.0,7.5,5.6,3.7,1.0,2.1,3.3,16.0,112.0,104.0,
264.0,Daniss Jenkins,24.0,DET,PG,35.0,7.0,572.0,8.1,18.9,0.429,3.0,7.6,0.396,5.1,11.3,0.452,0.509,3.5,4.4,0.792,1.6,3.5,5.1,9.7,2.8,0.5,4.3,3.7,22.8,112.0,111.0,
265.0,Adem Bona,22.0,PHI,C,34.0,3.0,571.0,4.1,6.9,0.593,0.2,0.4,0.4,3.9,6.4,0.605,0.605,3.5,5.2,0.672,5.2,6.3,11.4,0.8,0.9,4.0,2.2,5.8,11.8,123.0,113.0,
266.0,Isaiah Jackson,24.0,IND,C,33.0,14.0,569.0,7.4,12.7,0.583,0.0,0.1,0.0,7.4,12.6,0.587,0.583,3.9,5.4,0.708,6.5,9.0,15.5,2.1,1.8,2.0,3.3,7.9,18.6,117.0,113.0,
267.0,Ja Morant,26.0,MEM,PG,20.0,20.0,569.0,11.0,26.8,0.41,1.7,7.1,0.235,9.3,19.7,0.473,0.441,8.7,9.7,0.897,0.7,4.7,5.4,13.4,1.7,0.5,5.9,3.3,32.3,107.0,116.0,
268.0,T.J. McConnell,33.0,IND,PG,33.0,0.0,568.0,12.3,23.3,0.529,0.9,2.9,0.314,11.4,20.4,0.56,0.549,1.0,1.1,0.923,1.3,5.0,6.2,13.5,3.3,0.6,3.4,3.4,26.6,117.0,114.0,
269.0,Bryce McGowens,23.0,NOP,SG,29.0,11.0,563.0,6.2,13.0,0.477,2.0,4.7,0.436,4.2,8.3,0.5,0.556,4.3,5.7,0.761,0.8,4.2,5.0,3.2,1.4,0.3,1.3,4.6,18.8,125.0,123.0,
270.0,Nae'Qwan Tomlin,25.0,CLE,PF,35.0,2.0,561.0,7.3,15.3,0.475,1.2,5.5,0.215,6.1,9.8,0.621,0.514,2.4,3.3,0.718,4.2,5.2,9.5,2.4,2.1,2.0,0.9,5.8,18.1,121.0,114.0,
271.0,Jaylin Williams,23.0,OKC,PF,31.0,4.0,558.0,4.6,12.7,0.365,3.0,9.9,0.304,1.6,2.8,0.576,0.483,2.6,3.5,0.732,1.4,11.0,12.4,6.5,1.5,1.4,2.6,5.2,14.9,109.0,105.0,
272.0,Cody Williams,21.0,UTA,SG,32.0,9.0,557.0,6.4,13.9,0.463,1.1,4.8,0.228,5.3,9.1,0.589,0.503,1.0,1.8,0.571,2.1,3.8,5.9,2.3,1.0,0.8,1.4,4.5,15.0,106.0,126.0,
273.0,Danny Wolf,21.0,BRK,PF,29.0,4.0,553.0,7.1,17.8,0.399,3.0,8.1,0.367,4.1,9.7,0.426,0.482,2.5,3.1,0.824,2.6,8.4,11.0,4.6,1.6,1.0,2.6,4.5,19.7,106.0,117.0,
274.0,Gary Payton II,33.0,GSW,SG,43.0,1.0,549.0,8.4,15.5,0.542,1.2,4.2,0.292,7.2,11.3,0.636,0.582,0.7,1.2,0.571,4.2,7.8,12.0,5.9,2.0,1.2,3.3,5.6,18.7,115.0,112.0,
275.0,Tari Eason,24.0,HOU,PF,23.0,9.0,546.0,9.4,19.9,0.475,4.4,9.4,0.466,5.0,10.4,0.482,0.585,1.5,2.4,0.615,4.1,8.7,12.8,3.3,2.7,1.3,3.5,4.3,24.7,117.0,110.0,
276.0,Jakob Poeltl,30.0,TOR,C,21.0,21.0,531.0,8.1,11.7,0.693,0.0,0.0,,8.1,11.7,0.693,0.693,2.6,4.3,0.596,5.2,9.6,14.9,4.1,1.5,1.0,3.0,6.1,18.7,126.0,111.0,
277.0,Jared McCain,21.0,PHI,SG,31.0,1.0,519.0,6.4,18.2,0.354,2.8,8.7,0.323,3.6,9.5,0.382,0.431,2.1,2.3,0.88,0.4,5.8,6.2,4.5,2.1,0.1,2.1,3.4,17.7,98.0,116.0,
278.0,Jrue Holiday,35.0,POR,PG,18.0,16.0,519.0,9.5,21.2,0.45,3.9,10.9,0.361,5.6,10.3,0.545,0.543,2.4,2.9,0.813,1.9,5.7,7.6,11.7,2.1,0.3,3.9,2.7,25.4,120.0,116.0,
279.0,Tyler Kolek,24.0,NYK,PG,39.0,1.0,518.0,7.3,16.9,0.43,2.4,7.2,0.329,4.9,9.7,0.505,0.5,1.0,1.5,0.688,1.2,5.8,7.0,10.1,1.6,0.3,3.7,5.2,17.9,110.0,117.0,
280.0,Josh Minott,23.0,BOS,PF,29.0,10.0,510.0,6.5,12.9,0.504,3.2,7.2,0.438,3.3,5.7,0.586,0.626,2.0,2.6,0.769,3.8,7.5,11.3,3.2,2.4,1.1,1.8,4.8,18.1,133.0,113.0,
281.0,Jabari Walker,23.0,PHI,PF,40.0,6.0,509.0,5.2,12.6,0.417,1.3,5.4,0.246,3.9,7.1,0.547,0.47,3.0,4.2,0.727,4.8,7.8,12.6,1.9,1.2,1.0,1.6,6.7,14.8,115.0,115.0,
282.0,Al Horford,39.0,GSW,C,26.0,1.0,509.0,6.0,15.2,0.391,3.8,10.8,0.351,2.2,4.4,0.489,0.516,1.0,1.0,1.0,2.3,9.9,12.2,5.0,1.9,2.6,2.4,2.9,16.7,110.0,110.0,
283.0,Gary Harris,31.0,MIL,SG,34.0,2.0,505.0,3.2,6.6,0.485,1.9,4.1,0.476,1.3,2.5,0.5,0.632,0.8,0.9,0.889,1.2,3.8,4.9,3.5,2.0,0.5,1.4,4.1,9.1,125.0,118.0,
284.0,Baylor Scheierman,25.0,BOS,SG,39.0,3.0,503.0,4.2,9.1,0.462,3.0,7.1,0.423,1.2,2.0,0.6,0.626,0.4,0.5,0.8,1.2,6.3,7.5,3.0,2.3,0.2,1.7,5.4,11.8,122.0,115.0,
285.0,Johnny Furphy,21.0,IND,SG,28.0,14.0,500.0,5.5,11.3,0.492,2.0,5.4,0.368,3.5,5.8,0.607,0.581,1.2,2.7,0.464,2.6,8.7,11.3,2.3,1.5,0.6,2.2,4.7,14.3,108.0,116.0,
286.0,Robert Williams,28.0,POR,C,31.0,1.0,497.0,7.8,10.8,0.726,0.3,1.1,0.25,7.6,9.7,0.782,0.739,1.7,2.3,0.75,5.9,12.7,18.7,2.9,1.8,3.9,1.8,3.5,17.7,145.0,108.0,
287.0,D'Angelo Russell,29.0,DAL,PG,26.0,3.0,495.0,9.0,22.1,0.405,3.1,10.7,0.295,5.8,11.4,0.508,0.476,4.1,5.7,0.717,0.8,5.1,5.8,9.9,1.1,0.2,4.7,2.9,25.2,102.0,116.0,
288.0,Corey Kispert,26.0,2TM,SF,26.0,5.0,494.0,7.5,16.0,0.467,3.8,10.2,0.377,3.6,5.9,0.623,0.587,3.5,4.4,0.783,1.0,4.8,5.8,3.9,1.2,0.3,2.0,2.5,22.3,120.0,123.0,
288.0,Corey Kispert,26.0,WAS,SF,19.0,2.0,370.0,7.6,15.3,0.496,3.9,9.8,0.395,3.7,5.5,0.674,0.622,3.3,4.4,0.765,0.8,4.9,5.7,4.1,1.0,0.4,1.8,2.6,22.4,126.0,125.0,
288.0,Corey Kispert,26.0,ATL,SF,7.0,3.0,124.0,7.2,18.2,0.396,3.8,11.3,0.333,3.4,6.8,0.5,0.5,3.8,4.5,0.833,1.5,4.5,6.1,3.4,1.9,0.0,2.6,2.3,21.9,105.0,118.0,
289.0,Jordan Hawkins,23.0,NOP,SG,35.0,0.0,493.0,5.2,16.4,0.32,2.7,9.0,0.301,2.5,7.4,0.342,0.402,1.4,1.7,0.778,1.4,4.7,6.0,2.5,0.8,0.7,2.1,2.1,14.5,90.0,124.0,
290.0,Bones Hyland,25.0,MIN,PG,36.0,3.0,491.0,8.2,18.3,0.447,4.0,11.3,0.353,4.2,7.0,0.597,0.556,2.2,3.1,0.719,0.7,4.0,4.7,8.7,1.7,0.9,2.6,5.5,22.5,119.0,115.0,
291.0,Will Riley,19.0,WAS,SF,35.0,0.0,489.0,6.5,16.0,0.409,1.6,6.1,0.254,5.0,9.8,0.505,0.457,3.5,4.4,0.8,2.5,4.4,6.9,3.8,1.5,0.4,2.8,2.5,18.1,103.0,124.0,
292.0,Cam Thomas,24.0,BRK,SG,20.0,8.0,486.0,10.8,27.3,0.395,3.4,10.2,0.333,7.4,17.1,0.431,0.457,8.2,9.6,0.851,0.7,2.9,3.6,6.4,0.4,0.2,3.8,3.0,33.1,106.0,124.0,
293.0,Jonathan Kuminga,23.0,GSW,PF,20.0,13.0,476.0,8.9,19.6,0.454,1.7,5.4,0.321,7.2,14.2,0.504,0.497,5.0,6.7,0.742,2.9,8.9,11.8,5.1,0.8,0.6,4.6,3.3,24.4,103.0,115.0,
294.0,Tidjane SalaÃ¼n,20.0,CHO,PF,29.0,0.0,475.0,7.1,13.8,0.515,3.1,7.0,0.441,4.0,6.8,0.591,0.627,2.2,3.1,0.7,2.3,10.7,13.0,2.7,1.1,0.7,2.2,4.8,19.5,123.0,116.0,
295.0,Jaden Ivey,23.0,DET,SG,28.0,2.0,475.0,8.7,18.9,0.46,3.4,9.4,0.366,5.2,9.5,0.553,0.551,2.8,3.6,0.778,1.5,4.4,6.0,4.7,1.3,1.1,2.9,3.8,23.6,114.0,113.0,
296.0,Justin Edwards,22.0,PHI,SF,33.0,5.0,474.0,5.7,14.9,0.384,3.3,9.8,0.333,2.5,5.1,0.48,0.493,1.5,1.7,0.882,1.5,3.6,5.1,3.9,2.1,0.8,2.1,5.1,16.2,107.0,116.0,
297.0,Tre Mann,24.0,CHO,PG,28.0,1.0,473.0,8.6,23.1,0.372,3.8,11.9,0.322,4.8,11.2,0.426,0.455,1.6,1.8,0.882,2.0,5.1,7.0,6.5,1.4,0.3,3.9,5.3,22.6,99.0,119.0,
298.0,Cole Anthony,25.0,MIL,PG,31.0,0.0,468.0,9.4,21.0,0.448,2.1,6.5,0.323,7.3,14.5,0.504,0.498,1.4,2.3,0.591,1.4,6.9,8.2,11.6,2.0,1.0,6.3,6.8,22.2,98.0,116.0,
299.0,Taylor Hendricks,22.0,UTA,PF,31.0,6.0,466.0,5.6,11.8,0.47,2.3,6.4,0.365,3.2,5.5,0.593,0.568,2.3,3.0,0.767,2.8,6.8,9.6,2.1,1.3,0.8,1.7,3.9,15.8,118.0,124.0,
300.0,Jonas ValanÄiÅ«nas,33.0,DEN,C,34.0,2.0,460.0,12.9,22.1,0.585,0.3,1.4,0.231,12.6,20.7,0.608,0.592,5.4,6.9,0.785,5.1,12.3,17.4,4.6,0.7,2.1,3.9,7.7,31.6,120.0,114.0,
301.0,Rayan Rupert,21.0,POR,SG,39.0,0.0,459.0,4.1,11.7,0.354,1.5,5.5,0.264,2.7,6.2,0.433,0.416,0.7,1.2,0.583,1.8,5.0,6.7,2.9,2.2,0.2,1.6,4.7,10.5,97.0,117.0,
302.0,Gabe Vincent,29.0,LAL,PG,23.0,7.0,455.0,3.9,11.4,0.336,3.3,9.0,0.369,0.5,2.5,0.217,0.481,1.1,1.2,0.909,0.6,1.5,2.1,3.1,1.0,0.1,1.0,5.4,12.1,110.0,123.0,
303.0,Dwight Powell,34.0,DAL,C,31.0,6.0,454.0,3.3,4.9,0.681,0.0,0.0,,3.3,4.9,0.681,0.681,3.9,6.0,0.655,4.2,8.0,12.2,3.2,1.7,1.1,1.7,6.4,10.6,138.0,112.0,
304.0,Domantas Sabonis,29.0,SAC,C,15.0,11.0,454.0,9.9,18.6,0.528,0.5,2.5,0.208,9.3,16.1,0.579,0.543,5.2,7.0,0.742,4.8,13.8,18.5,6.0,1.6,0.3,4.4,5.8,25.4,112.0,116.0,
305.0,Zeke Nnaji,25.0,DEN,PF,33.0,2.0,453.0,6.0,12.2,0.487,1.2,4.3,0.275,4.8,7.9,0.603,0.535,3.6,4.3,0.825,2.5,7.6,10.1,2.1,1.4,1.8,1.7,5.1,16.7,118.0,116.0,
306.0,Dalton Knecht,24.0,LAL,SF,36.0,1.0,450.0,7.1,16.3,0.437,3.1,9.8,0.319,4.0,6.5,0.617,0.533,1.2,1.7,0.688,1.2,4.9,6.1,1.4,0.9,1.0,1.7,4.0,18.6,105.0,121.0,
307.0,Caleb Martin,30.0,DAL,SF,38.0,4.0,449.0,3.9,9.0,0.43,0.5,2.5,0.208,3.4,6.5,0.516,0.459,1.5,2.4,0.609,1.8,5.8,7.6,5.6,2.4,0.7,2.5,5.7,9.8,101.0,112.0,
308.0,Keaton Wallace,26.0,ATL,PG,36.0,2.0,440.0,6.0,14.2,0.421,3.5,8.7,0.402,2.5,5.4,0.451,0.545,0.6,1.2,0.545,0.3,4.6,4.9,8.4,2.2,0.5,2.3,3.9,16.1,112.0,116.0,
309.0,Karlo MatkoviÄ,24.0,NOP,PF,34.0,2.0,436.0,8.0,12.8,0.624,1.8,4.2,0.421,6.2,8.7,0.722,0.692,0.9,1.6,0.533,3.1,8.9,11.9,2.6,1.0,2.7,1.9,5.9,18.6,129.0,118.0,
310.0,Jericho Sims,27.0,MIL,C,31.0,4.0,434.0,4.6,5.5,0.837,0.0,0.0,,4.6,5.5,0.837,0.837,0.9,1.5,0.615,4.4,8.3,12.7,2.1,0.7,0.6,3.4,5.7,10.1,121.0,118.0,
311.0,Kevin Love,37.0,UTA,PF,25.0,4.0,433.0,6.2,15.6,0.399,3.9,10.9,0.36,2.3,4.7,0.488,0.524,2.9,3.6,0.818,4.6,10.7,15.2,5.0,0.9,0.9,2.2,4.8,19.3,120.0,122.0,
312.0,Clint Capela,31.0,HOU,C,37.0,1.0,430.0,7.0,13.1,0.531,0.0,0.0,,7.0,13.1,0.531,0.531,1.7,3.5,0.5,10.3,9.3,19.6,2.2,2.2,3.1,2.0,3.8,15.7,125.0,109.0,
313.0,Nolan TraorÃ©,19.0,BRK,PG,23.0,0.0,427.0,5.4,15.6,0.343,2.5,7.6,0.323,2.9,8.1,0.362,0.422,2.5,3.0,0.808,0.4,2.9,3.3,7.1,1.3,0.7,3.5,4.4,15.6,95.0,122.0,
314.0,Jordan Miller,26.0,LAC,SF,23.0,0.0,422.0,7.7,14.9,0.516,2.3,5.7,0.396,5.5,9.2,0.59,0.591,5.2,6.3,0.83,2.3,5.8,8.1,4.3,1.9,0.5,2.6,2.7,22.9,125.0,119.0,
315.0,Drew Eubanks,28.0,SAC,C,30.0,11.0,420.0,7.6,12.6,0.6,0.1,0.5,0.25,7.4,12.1,0.613,0.605,2.7,4.9,0.558,2.9,6.5,9.4,0.9,1.4,2.2,2.9,4.7,18.0,107.0,119.0,
316.0,Aaron Holiday,29.0,HOU,PG,30.0,1.0,420.0,6.9,17.3,0.4,4.5,11.9,0.38,2.4,5.4,0.444,0.531,3.0,3.5,0.862,0.5,2.5,3.0,3.6,1.5,0.5,2.5,4.9,21.3,117.0,118.0,
317.0,De'Anthony Melton,27.0,GSW,PG,20.0,0.0,417.0,9.3,21.6,0.433,3.1,10.3,0.303,6.2,11.3,0.551,0.505,4.3,5.4,0.787,1.4,4.8,6.2,4.6,3.2,1.3,3.3,5.3,26.1,106.0,112.0,
318.0,Tony Bradley,28.0,IND,C,38.0,3.0,416.0,6.8,12.2,0.557,0.1,0.2,0.5,6.7,11.9,0.558,0.561,3.7,4.9,0.744,6.4,5.8,12.3,2.3,0.7,0.8,1.9,6.9,17.3,125.0,119.0,
319.0,Kristaps PorziÅÄ£is,30.0,ATL,C,17.0,12.0,413.0,10.9,23.8,0.457,3.5,9.8,0.36,7.4,14.1,0.524,0.531,7.7,9.2,0.84,2.4,7.5,9.9,5.2,1.0,2.5,1.8,6.1,33.0,122.0,115.0,
320.0,Pat Spencer,29.0,GSW,PG,30.0,3.0,411.0,7.3,17.8,0.408,2.0,5.5,0.362,5.3,12.3,0.429,0.464,2.5,2.8,0.875,2.2,4.7,6.9,10.4,2.1,0.1,3.2,3.9,19.0,112.0,116.0,
321.0,Derrick Jones Jr.,28.0,LAC,SF,17.0,13.0,411.0,7.9,14.2,0.556,2.7,6.7,0.4,5.2,7.5,0.694,0.65,2.9,3.8,0.774,1.8,3.7,5.5,2.4,1.6,2.2,1.7,4.3,21.4,129.0,119.0,
322.0,Christian Braun,24.0,DEN,SG,14.0,14.0,404.0,6.2,13.5,0.459,0.8,4.0,0.212,5.3,9.5,0.564,0.491,2.9,3.9,0.75,2.4,4.7,7.2,4.2,1.1,0.7,2.1,3.5,16.1,112.0,120.0,
323.0,Gui Santos,23.0,GSW,PF,35.0,3.0,403.0,5.5,11.8,0.465,2.7,7.6,0.359,2.7,4.2,0.657,0.581,1.9,2.9,0.667,3.1,6.7,9.8,4.2,1.8,0.8,3.1,5.5,15.6,113.0,114.0,
324.0,Jalen Wilson,25.0,BRK,PF,29.0,0.0,398.0,5.8,15.3,0.377,3.4,9.6,0.351,2.4,5.6,0.422,0.488,3.5,4.6,0.757,0.5,3.9,4.4,2.0,1.1,0.3,1.8,4.3,18.4,104.0,122.0,
325.0,Noah Penda,21.0,ORL,SF,28.0,2.0,394.0,6.5,14.2,0.457,2.6,5.7,0.447,3.9,8.4,0.464,0.547,2.4,4.0,0.606,5.4,8.3,13.7,4.3,2.0,1.6,2.6,4.6,18.0,117.0,112.0,
326.0,Kenrich Williams,31.0,OKC,PF,26.0,0.0,384.0,8.0,15.4,0.52,2.8,7.5,0.367,5.3,7.9,0.667,0.61,1.0,2.1,0.471,2.6,7.6,10.3,5.1,1.9,0.5,1.8,3.6,19.8,124.0,108.0,
327.0,Landry Shamet,28.0,NYK,SG,19.0,6.0,383.0,6.8,14.7,0.461,4.7,10.8,0.435,2.0,3.8,0.533,0.622,4.0,5.1,0.775,0.9,3.3,4.2,2.7,1.3,0.6,1.0,2.9,22.2,135.0,119.0,
328.0,Jaden Hardy,23.0,DAL,SG,31.0,4.0,381.0,8.9,22.4,0.398,5.3,14.4,0.371,3.6,8.0,0.446,0.517,3.5,4.3,0.8,1.4,3.8,5.2,3.1,0.9,0.2,3.2,4.8,26.6,103.0,118.0,
329.0,Trayce Jackson-Davis,25.0,GSW,C,32.0,1.0,380.0,7.1,11.9,0.596,0.1,0.1,1.0,7.0,11.8,0.591,0.601,3.3,5.8,0.565,5.7,7.8,13.5,3.7,1.3,2.3,1.8,4.6,17.6,129.0,113.0,
330.0,Paul Reed,26.0,DET,C,31.0,6.0,378.0,9.8,16.5,0.592,0.9,2.5,0.35,8.9,13.9,0.636,0.619,2.3,4.1,0.563,7.5,9.5,17.0,4.8,3.5,2.4,4.1,6.2,22.7,120.0,103.0,
331.0,Jase Richardson,20.0,ORL,SG,30.0,0.0,374.0,8.6,17.2,0.5,2.8,6.8,0.415,5.8,10.4,0.556,0.582,2.7,3.9,0.7,2.1,3.7,5.8,5.0,1.0,0.3,2.4,4.4,22.8,118.0,119.0,
332.0,John Konchar,29.0,MEM,SG,27.0,1.0,368.0,3.9,7.8,0.492,1.3,4.2,0.303,2.6,3.6,0.714,0.574,1.0,1.7,0.615,1.9,8.2,10.2,4.4,3.5,1.4,1.4,3.5,10.0,122.0,109.0,
333.0,Dylan Cardwell,24.0,SAC,C,19.0,1.0,364.0,5.2,9.2,0.557,0.0,0.1,0.0,5.2,9.1,0.565,0.557,1.8,3.4,0.538,7.1,10.3,17.4,2.6,2.0,4.1,1.7,9.8,12.2,125.0,113.0,
334.0,Jonathan Isaac,28.0,ORL,PF,36.0,0.0,361.0,4.7,10.5,0.443,0.8,4.1,0.194,3.9,6.4,0.604,0.481,3.5,5.7,0.605,3.9,8.8,12.7,1.5,1.7,2.5,1.6,3.6,13.6,111.0,112.0,
335.0,GG Jackson II,21.0,MEM,PF,23.0,3.0,361.0,8.0,17.2,0.466,2.5,8.3,0.302,5.5,8.9,0.618,0.538,3.1,4.2,0.75,1.2,7.3,8.5,2.1,2.1,1.6,2.9,4.7,21.6,104.0,112.0,
336.0,Bogdan BogdanoviÄ,33.0,LAC,SG,16.0,3.0,360.0,6.1,16.3,0.376,3.3,10.0,0.333,2.8,6.3,0.444,0.479,2.2,2.6,0.842,0.7,5.7,6.4,6.0,1.1,0.1,2.6,5.6,17.8,105.0,121.0,
337.0,Jeremiah Robinson-Earl,25.0,2TM,PF,21.0,3.0,358.0,4.9,13.3,0.37,1.3,5.5,0.244,3.6,7.8,0.458,0.42,2.3,2.4,0.944,4.8,8.8,13.6,2.0,1.2,0.1,1.5,3.5,13.4,106.0,117.0,
337.0,Jeremiah Robinson-Earl,25.0,IND,PF,17.0,3.0,300.0,4.6,13.2,0.349,1.3,5.2,0.242,3.3,7.9,0.42,0.398,2.1,2.2,0.929,5.1,8.9,14.0,1.9,1.1,0.2,1.6,3.7,12.6,103.0,117.0,
337.0,Jeremiah Robinson-Earl,25.0,DAL,PF,4.0,0.0,58.0,6.5,13.8,0.471,1.6,6.5,0.25,4.9,7.3,0.667,0.529,3.3,3.3,1.0,3.3,8.1,11.4,2.4,1.6,0.0,0.8,2.4,17.9,127.0,114.0,
338.0,Jeremy Sochan,22.0,SAS,PF,27.0,0.0,354.0,6.4,13.3,0.48,1.2,4.7,0.257,5.2,8.5,0.603,0.526,1.5,2.2,0.688,3.5,6.4,9.9,3.8,1.4,0.5,2.4,6.8,15.5,111.0,114.0,
339.0,Cam Whitmore,21.0,WAS,SF,21.0,0.0,354.0,10.4,22.7,0.456,2.2,7.5,0.286,8.2,15.2,0.54,0.503,3.1,4.2,0.742,2.6,5.2,7.8,2.0,2.0,1.1,2.4,3.4,25.9,104.0,121.0,
340.0,Asa Newell,20.0,ATL,PF,33.0,0.0,351.0,9.0,16.0,0.558,3.3,7.6,0.439,5.6,8.4,0.667,0.663,1.5,2.7,0.55,3.7,4.7,8.4,2.4,1.6,1.5,2.3,7.1,22.7,121.0,116.0,
341.0,Branden Carlson,26.0,OKC,C,32.0,2.0,351.0,9.0,17.2,0.524,2.7,7.8,0.351,6.3,9.4,0.667,0.603,1.2,2.3,0.529,2.5,8.6,11.1,2.6,0.8,2.2,1.6,4.0,22.0,118.0,107.0,
342.0,Trendon Watford,25.0,PHI,PF,22.0,4.0,350.0,7.3,14.0,0.525,1.1,2.8,0.4,6.2,11.2,0.556,0.564,3.3,4.4,0.75,2.5,8.0,10.5,8.7,0.8,0.8,3.3,6.1,19.1,121.0,116.0,
343.0,Tyler Herro,26.0,MIA,SG,11.0,10.0,349.0,11.9,23.9,0.497,3.2,8.9,0.358,8.7,15.1,0.579,0.564,4.9,5.4,0.902,0.8,6.1,6.9,4.0,1.5,0.7,2.2,2.9,31.8,117.0,115.0,
344.0,Guerschon Yabusele,30.0,NYK,C,37.0,0.0,348.0,5.6,14.3,0.392,2.8,9.1,0.308,2.8,5.2,0.541,0.49,1.1,1.7,0.667,3.0,8.1,11.1,2.4,0.6,0.7,2.0,4.9,15.2,107.0,118.0,
345.0,Quenton Jackson,27.0,IND,PG,22.0,9.0,348.0,7.1,16.3,0.437,2.3,6.3,0.37,4.8,10.0,0.479,0.508,5.5,7.0,0.784,1.6,4.2,5.9,5.6,1.9,0.5,3.6,5.1,22.1,109.0,118.0,
346.0,Tristan Vukcevic,22.0,WAS,C,30.0,2.0,342.0,9.7,21.4,0.455,1.7,8.3,0.2,8.1,13.1,0.617,0.494,7.7,10.0,0.764,2.4,7.5,9.9,4.0,1.1,2.8,4.2,5.1,28.8,107.0,120.0,
347.0,Tyrese Proctor,21.0,CLE,PG,32.0,1.0,337.0,7.3,20.0,0.366,4.1,12.7,0.322,3.2,7.3,0.442,0.468,2.7,3.2,0.826,0.8,4.6,5.5,5.3,1.4,0.0,2.4,5.2,21.4,105.0,118.0,
348.0,Liam McNeeley,20.0,CHO,SF,27.0,0.0,336.0,5.0,12.5,0.395,3.2,8.5,0.379,1.7,4.1,0.429,0.523,3.6,4.5,0.806,1.6,7.0,8.6,3.4,0.7,0.4,1.7,5.1,16.8,120.0,119.0,
349.0,Josh Green,25.0,CHO,SG,21.0,0.0,334.0,4.8,11.1,0.434,3.4,8.4,0.404,1.5,2.8,0.526,0.586,0.6,0.9,0.667,3.1,3.4,6.5,3.1,1.9,0.3,1.5,3.1,13.6,125.0,119.0,
350.0,Kyle Anderson,32.0,UTA,SF,16.0,0.0,320.0,7.2,13.9,0.521,0.3,0.6,0.5,6.9,13.3,0.522,0.532,2.9,4.9,0.606,2.4,5.9,8.3,6.8,2.9,1.2,2.2,5.3,17.7,117.0,120.0,
351.0,Rob Dillingham,21.0,MIN,PG,32.0,0.0,312.0,6.9,20.3,0.338,1.7,4.7,0.355,5.2,15.6,0.333,0.38,2.3,3.1,0.75,0.8,5.2,6.0,8.7,2.6,0.5,4.9,5.5,17.7,87.0,113.0,
352.0,Jett Howard,22.0,ORL,SF,28.0,0.0,308.0,7.2,19.2,0.374,4.1,12.2,0.333,3.1,7.0,0.444,0.48,2.7,2.8,0.944,1.6,4.7,6.3,3.8,0.6,0.6,0.9,4.2,21.1,114.0,119.0,
353.0,Ethan Thompson,26.0,IND,SG,19.0,5.0,305.0,4.5,12.7,0.358,2.5,8.8,0.286,2.0,3.9,0.52,0.457,1.6,2.3,0.667,1.7,3.8,5.5,4.1,1.6,0.8,1.9,5.8,13.1,101.0,118.0,
354.0,Moussa Cisse,23.0,DAL,C,26.0,1.0,302.0,6.1,9.5,0.639,0.0,0.0,,6.1,9.5,0.639,0.639,3.6,7.8,0.46,7.7,10.8,18.4,0.9,1.4,4.8,3.3,7.3,15.8,115.0,107.0,
355.0,Nick Smith Jr.,21.0,LAL,SG,23.0,1.0,300.0,8.6,20.1,0.427,4.4,11.0,0.397,4.2,9.1,0.464,0.536,1.1,1.8,0.636,0.3,2.6,2.9,4.4,1.3,0.3,2.9,3.9,22.7,104.0,122.0,
356.0,Jamison Battle,24.0,TOR,SF,34.0,2.0,299.0,7.3,13.4,0.549,3.6,7.8,0.458,3.8,5.5,0.676,0.683,1.0,1.5,0.667,1.6,6.7,8.3,2.3,0.8,0.3,2.1,4.6,19.3,121.0,116.0,
357.0,Cam Christie,20.0,LAC,SG,29.0,0.0,294.0,5.8,14.5,0.4,1.7,6.1,0.278,4.1,8.3,0.49,0.459,4.9,6.6,0.744,1.7,7.1,8.9,2.9,1.4,0.3,2.0,2.4,18.2,108.0,119.0,
358.0,Julian Phillips,22.0,CHI,SF,30.0,2.0,291.0,5.2,12.2,0.427,2.3,7.1,0.318,2.9,5.0,0.581,0.52,0.8,1.0,0.833,3.2,3.2,6.5,1.1,2.4,1.0,1.0,5.2,13.5,113.0,118.0,
359.0,Carter Bryant,20.0,SAS,PF,35.0,0.0,287.0,5.4,15.4,0.348,2.0,8.0,0.25,3.3,7.4,0.455,0.413,1.7,2.0,0.833,2.5,7.5,10.0,1.2,1.0,0.8,2.0,4.5,14.4,93.0,114.0,
360.0,Dalen Terry,23.0,CHI,SG,28.0,0.0,284.0,5.7,13.0,0.436,2.2,5.7,0.382,3.5,7.3,0.477,0.519,1.0,1.8,0.545,2.5,5.5,8.0,5.0,3.0,1.3,2.7,4.7,14.5,106.0,115.0,
361.0,Zach Edey,23.0,MEM,C,11.0,11.0,284.0,10.3,16.3,0.633,0.2,0.8,0.2,10.2,15.5,0.656,0.638,4.2,5.3,0.781,7.2,13.2,20.3,2.0,1.2,3.5,4.3,6.2,25.0,118.0,108.0,
362.0,Thomas Bryant,28.0,CLE,C,31.0,0.0,282.0,8.6,16.5,0.52,2.7,7.9,0.34,5.9,8.6,0.686,0.602,4.0,4.9,0.828,3.9,9.2,13.1,2.2,1.2,2.0,1.7,5.7,23.9,129.0,114.0,
363.0,Terrence Shannon Jr.,25.0,MIN,SG,22.0,0.0,282.0,5.4,13.7,0.395,2.5,6.3,0.405,2.9,7.4,0.386,0.488,3.6,4.6,0.778,1.0,3.7,4.7,2.4,1.2,0.2,2.5,4.9,16.9,104.0,118.0,
364.0,Jamaree Bouyea,26.0,PHO,PG,19.0,0.0,280.0,10.3,18.3,0.562,2.8,6.8,0.41,7.5,11.5,0.652,0.638,1.9,2.8,0.688,1.7,5.0,6.8,5.7,2.1,1.2,1.2,2.4,25.2,136.0,114.0,
365.0,Trae Young,27.0,ATL,PG,10.0,10.0,280.0,9.4,22.6,0.415,3.0,9.9,0.305,6.4,12.7,0.5,0.481,10.6,12.2,0.863,0.0,2.5,2.5,14.9,1.7,0.2,4.4,3.3,32.3,120.0,119.0,
366.0,Kasparas JakuÄionis,19.0,MIA,PG,19.0,3.0,275.0,3.5,11.2,0.313,3.0,7.0,0.429,0.5,4.2,0.12,0.448,2.3,2.7,0.875,2.2,4.2,6.4,5.7,1.5,0.0,2.5,5.0,12.4,107.0,117.0,
367.0,Larry Nance Jr.,33.0,CLE,PF,19.0,2.0,272.0,4.7,12.9,0.365,2.1,6.8,0.308,2.6,6.1,0.429,0.446,0.2,0.5,0.333,2.8,6.1,8.9,3.7,1.9,0.7,1.6,7.5,11.7,102.0,115.0,
368.0,Kelly Olynyk,34.0,SAS,C,28.0,0.0,267.0,6.1,12.9,0.472,1.6,6.8,0.237,4.5,6.1,0.735,0.535,3.6,5.4,0.667,3.2,6.3,9.5,6.3,2.3,0.2,2.9,5.9,17.4,118.0,112.0,
369.0,Ariel Hukporti,23.0,NYK,C,29.0,4.0,263.0,3.2,6.1,0.515,0.0,0.2,0.0,3.2,5.9,0.531,0.515,2.4,3.7,0.65,5.6,9.3,14.9,3.2,0.9,3.2,2.8,6.7,8.7,116.0,113.0,
370.0,Kobe Brown,26.0,LAC,PF,28.0,0.0,262.0,5.0,13.8,0.361,1.9,8.2,0.233,3.1,5.5,0.552,0.431,3.4,4.2,0.818,3.2,6.1,9.4,4.6,1.3,0.4,2.1,2.7,15.3,110.0,120.0,
371.0,Micah Potter,27.0,IND,C,15.0,2.0,262.0,5.5,12.4,0.441,3.1,8.6,0.362,2.4,3.8,0.619,0.566,5.1,5.5,0.933,2.4,8.4,10.7,3.8,0.7,0.7,1.8,4.2,19.1,129.0,118.0,
372.0,Duop Reath,29.0,POR,C,32.0,0.0,258.0,6.1,13.6,0.446,4.2,10.1,0.418,1.8,3.5,0.526,0.601,0.9,1.1,0.833,1.8,5.2,7.0,1.8,0.9,1.5,1.3,5.2,17.3,124.0,118.0,
373.0,Nick Richards,28.0,PHO,C,28.0,2.0,254.0,6.7,13.6,0.493,0.0,0.0,,6.7,13.6,0.493,0.493,3.6,5.4,0.679,6.7,10.7,17.5,1.5,0.8,2.7,4.8,7.5,17.1,100.0,111.0,
374.0,Jamir Watkins,24.0,WAS,SG,18.0,2.0,246.0,3.5,7.5,0.462,1.2,4.4,0.261,2.3,3.1,0.75,0.538,2.3,3.1,0.75,2.1,8.1,10.3,1.7,1.5,1.0,1.5,7.7,10.4,115.0,120.0,
375.0,Ousmane Dieng,22.0,OKC,C,22.0,0.0,243.0,6.5,14.6,0.446,3.4,7.7,0.436,3.2,6.9,0.457,0.561,1.2,1.2,1.0,1.2,5.7,6.9,4.0,0.2,1.4,1.2,3.8,17.6,120.0,112.0,
376.0,Julian Strawther,23.0,DEN,SG,23.0,1.0,240.0,6.7,17.6,0.384,1.6,7.6,0.216,5.1,10.0,0.51,0.43,5.9,7.6,0.784,0.4,6.3,6.7,3.9,1.0,0.2,2.0,4.9,21.1,104.0,120.0,
377.0,Kevon Looney,29.0,NOP,C,17.0,6.0,237.0,4.0,9.5,0.426,0.2,1.8,0.111,3.8,7.7,0.5,0.436,1.0,1.6,0.625,7.9,9.7,17.5,5.0,1.2,1.6,1.6,6.0,9.3,122.0,119.0,
378.0,Isaiah Livers,27.0,PHO,PF,23.0,0.0,234.0,3.3,9.0,0.372,2.1,6.5,0.323,1.2,2.5,0.5,0.488,1.0,1.2,0.833,2.7,6.2,9.0,3.1,2.1,1.2,2.1,4.8,9.8,108.0,113.0,
379.0,Jevon Carter,30.0,CHI,PG,21.0,0.0,233.0,7.5,18.9,0.398,5.9,14.2,0.414,1.6,4.7,0.348,0.554,2.0,2.0,1.0,1.0,3.2,4.3,3.7,2.4,0.0,2.0,3.2,22.9,112.0,119.0,
380.0,Malaki Branham,22.0,WAS,SG,24.0,0.0,230.0,6.8,14.9,0.458,1.7,5.6,0.296,5.2,9.3,0.556,0.514,5.2,6.2,0.833,2.1,5.8,7.9,4.3,2.1,0.6,2.5,3.3,20.5,117.0,121.0,
381.0,Maxi Kleber,34.0,LAL,PF,20.0,1.0,230.0,2.8,8.5,0.325,0.8,3.6,0.235,1.9,4.9,0.391,0.375,2.3,3.0,0.786,3.0,4.9,7.8,3.0,1.3,1.1,1.5,6.6,8.7,106.0,119.0,
382.0,Chris Paul,40.0,LAC,PG,16.0,0.0,228.0,4.0,12.3,0.321,2.2,6.6,0.333,1.8,5.7,0.308,0.411,0.2,0.4,0.5,1.3,4.8,6.1,11.6,2.4,0.0,3.5,5.0,10.3,101.0,119.0,
383.0,Olivier-Maxence Prosper,23.0,MEM,PF,20.0,0.0,226.0,6.5,13.4,0.484,1.5,4.6,0.318,5.0,8.8,0.571,0.539,5.4,5.9,0.929,2.5,6.9,9.4,3.1,0.8,0.2,2.5,3.3,19.9,121.0,117.0,
384.0,Christian Koloko,25.0,3TM,C,15.0,2.0,224.0,3.6,8.4,0.425,0.2,0.4,0.5,3.4,8.0,0.421,0.438,0.2,0.8,0.25,4.0,5.9,9.9,2.1,2.3,3.4,2.1,5.5,7.6,94.0,111.0,
384.0,Christian Koloko,25.0,LAL,C,2.0,0.0,6.0,0.0,0.0,,0.0,0.0,,0.0,0.0,,,0.0,0.0,,0.0,8.1,8.1,0.0,0.0,0.0,0.0,8.1,0.0,,122.0,
384.0,Christian Koloko,25.0,MEM,C,11.0,2.0,195.0,3.4,8.5,0.4,0.0,0.2,0.0,3.4,8.2,0.412,0.4,0.2,1.0,0.25,4.6,6.1,10.7,2.4,2.4,3.2,1.7,4.9,7.0,98.0,110.0,
384.0,Christian Koloko,25.0,ATL,C,2.0,0.0,23.0,6.1,10.2,0.6,2.0,2.0,1.0,4.1,8.2,0.5,0.7,0.0,0.0,,0.0,4.1,4.1,0.0,2.0,6.1,6.1,10.2,14.3,71.0,110.0,
385.0,KJ Simpson,23.0,CHO,PG,14.0,2.0,223.0,6.8,19.5,0.348,2.6,8.6,0.308,4.2,11.0,0.38,0.416,2.2,3.5,0.625,1.1,5.3,6.4,7.7,3.3,0.0,5.3,3.1,18.5,89.0,115.0,
386.0,Yang Hansen,20.0,POR,C,26.0,1.0,217.0,4.4,15.3,0.286,1.1,7.0,0.156,3.3,8.3,0.395,0.321,3.3,3.5,0.938,2.4,7.2,9.6,4.2,0.4,1.8,5.0,6.8,13.1,80.0,117.0,
387.0,Amir Coffey,28.0,MIL,SG,26.0,0.0,212.0,4.1,10.1,0.409,1.2,5.1,0.227,3.0,5.1,0.591,0.466,3.0,3.2,0.929,1.2,3.5,4.6,1.8,0.5,0.5,0.9,2.3,12.4,112.0,122.0,
388.0,Yanic Konan NiederhÃ¤user,22.0,LAC,C,24.0,0.0,211.0,7.8,12.1,0.647,0.0,0.5,0.0,7.8,11.6,0.673,0.647,4.7,7.4,0.645,4.7,7.6,12.3,1.9,0.5,2.6,2.8,6.6,20.4,124.0,118.0,
389.0,Jae'Sean Tate,30.0,HOU,SF,26.0,0.0,208.0,7.0,13.9,0.5,1.7,4.6,0.368,5.3,9.4,0.564,0.56,1.0,1.2,0.8,4.6,4.8,9.4,3.4,1.2,0.7,1.7,7.4,16.6,127.0,116.0,
390.0,Ben Saraf,19.0,BRK,SG,12.0,5.0,203.0,5.4,15.2,0.355,2.2,8.1,0.273,3.2,7.1,0.448,0.427,2.9,3.7,0.8,1.2,3.4,4.7,8.3,2.0,0.7,5.6,3.7,16.0,91.0,120.0,
391.0,Dorian Finney-Smith,32.0,HOU,PF,13.0,0.0,201.0,3.5,10.9,0.318,2.5,8.7,0.286,1.0,2.2,0.444,0.432,0.7,0.7,1.0,3.2,5.5,8.7,1.7,0.7,0.5,1.7,5.5,10.2,105.0,117.0,
392.0,Garrison Mathews,29.0,IND,SG,15.0,1.0,196.0,5.1,12.7,0.404,4.1,11.2,0.37,1.0,1.5,0.667,0.567,4.6,5.6,0.826,0.5,3.7,4.1,2.4,1.5,0.7,0.7,4.6,19.0,129.0,119.0,
393.0,Lindy Waters III,28.0,SAS,SG,26.0,0.0,188.0,4.9,13.8,0.352,3.8,12.0,0.319,1.0,1.8,0.571,0.491,0.3,0.3,1.0,0.5,4.9,5.4,2.8,1.0,0.0,0.8,4.3,13.8,107.0,116.0,
394.0,Javon Small,23.0,MEM,PG,15.0,0.0,184.0,5.4,14.9,0.362,2.8,8.2,0.344,2.6,6.7,0.385,0.457,3.6,4.4,0.824,1.3,3.9,5.1,12.3,1.0,0.5,4.9,4.9,17.2,106.0,118.0,
395.0,Zach Collins,28.0,CHI,C,10.0,0.0,184.0,9.5,16.4,0.578,2.3,5.4,0.429,7.2,11.0,0.651,0.648,3.6,5.1,0.7,4.1,10.3,14.4,3.9,0.5,1.0,2.6,4.6,24.9,127.0,118.0,
396.0,Mohamed Diawara,20.0,NYK,SF,36.0,5.0,183.0,6.9,17.4,0.4,3.7,9.6,0.389,3.2,7.7,0.414,0.508,0.8,1.6,0.5,2.4,7.5,9.9,4.5,2.1,1.1,2.7,4.5,18.4,107.0,114.0,
397.0,Nigel Hayes-Davis,31.0,PHO,SF,23.0,0.0,180.0,4.1,11.6,0.349,0.5,4.1,0.133,3.5,7.6,0.464,0.372,0.3,0.5,0.5,3.0,4.9,7.9,1.9,1.9,0.3,1.9,4.1,8.9,87.0,115.0,
398.0,Brooks Barnhizer,23.0,OKC,SG,23.0,0.0,179.0,3.2,7.2,0.444,0.3,1.6,0.167,3.0,5.6,0.524,0.463,1.1,1.6,0.667,1.9,9.1,11.0,2.4,1.3,0.5,1.1,3.8,7.8,109.0,108.0,
399.0,RayJ Dennis,24.0,3TM,PG,15.0,0.0,177.0,5.9,19.7,0.301,3.2,10.5,0.308,2.7,9.2,0.294,0.384,2.2,2.4,0.889,2.2,4.0,6.2,8.1,1.1,1.1,4.0,4.6,17.3,90.0,119.0,
399.0,RayJ Dennis,24.0,IND,PG,13.0,0.0,168.0,6.2,20.4,0.306,3.4,10.8,0.316,2.8,9.7,0.294,0.389,2.3,2.6,0.889,2.3,3.7,6.0,7.4,0.9,1.1,4.0,4.5,18.2,90.0,120.0,
399.0,RayJ Dennis,24.0,LAC,PG,1.0,0.0,4.0,0.0,0.0,,0.0,0.0,,0.0,0.0,,,0.0,0.0,,0.0,25.0,25.0,0.0,0.0,0.0,12.5,0.0,0.0,0.0,110.0,
399.0,RayJ Dennis,24.0,ATL,PG,1.0,0.0,5.0,0.0,9.4,0.0,0.0,9.4,0.0,0.0,0.0,,0.0,0.0,0.0,,0.0,0.0,0.0,37.5,9.4,0.0,0.0,9.4,0.0,135.0,103.0,
400.0,DaRon Holmes,23.0,DEN,PF,12.0,6.0,169.0,4.9,11.9,0.415,4.1,9.9,0.412,0.9,2.0,0.429,0.585,1.7,2.3,0.75,1.5,5.5,7.0,4.4,0.0,1.2,1.5,4.4,15.7,124.0,121.0,
401.0,Taurean Prince,31.0,MIL,SF,8.0,0.0,169.0,4.9,11.0,0.447,3.5,8.1,0.429,1.4,2.9,0.5,0.605,0.9,0.9,1.0,0.0,3.8,3.8,2.3,1.7,0.6,1.4,5.8,14.2,113.0,119.0,
402.0,Rasheer Fleming,21.0,PHO,PF,24.0,0.0,167.0,7.0,19.8,0.353,2.3,11.4,0.205,4.7,8.5,0.552,0.412,2.0,2.6,0.778,4.7,4.1,8.8,1.2,1.8,1.8,1.2,5.5,18.4,102.0,115.0,
403.0,Bronny James,21.0,LAL,SG,24.0,1.0,165.0,3.8,11.8,0.325,2.1,6.2,0.333,1.8,5.6,0.316,0.413,0.6,0.6,1.0,1.2,1.8,3.0,7.7,2.7,0.3,3.5,3.8,10.3,94.0,119.0,
404.0,AJ Johnson,21.0,WAS,SG,23.0,0.0,163.0,4.7,18.1,0.258,1.2,5.5,0.211,3.5,12.6,0.279,0.29,0.9,1.2,0.75,2.0,5.5,7.6,4.1,1.5,0.0,3.2,2.6,11.4,71.0,124.0,
405.0,Walker Kessler,24.0,UTA,C,5.0,5.0,154.0,8.0,11.3,0.703,1.8,2.4,0.75,6.1,8.9,0.69,0.784,4.3,6.1,0.7,7.0,9.5,16.5,4.6,2.1,2.8,4.9,6.7,22.0,128.0,117.0,
406.0,PJ Hall,23.0,2TM,C,15.0,2.0,154.0,8.2,13.9,0.591,0.9,1.6,0.6,7.3,12.3,0.59,0.625,4.4,6.3,0.7,7.3,9.2,16.4,2.2,0.3,2.8,3.5,5.1,21.8,124.0,115.0,
406.0,PJ Hall,23.0,MEM,C,7.0,0.0,27.0,8.8,15.8,0.556,1.8,5.3,0.333,7.0,10.5,0.667,0.611,3.5,5.3,0.667,5.3,10.5,15.8,3.5,0.0,3.5,1.8,5.3,22.8,129.0,113.0,
406.0,PJ Hall,23.0,CHO,C,8.0,2.0,127.0,8.1,13.5,0.6,0.8,0.8,1.0,7.3,12.7,0.576,0.629,4.6,6.6,0.706,7.7,8.9,16.6,1.9,0.4,2.7,3.9,5.0,21.6,123.0,116.0,
407.0,Chaz Lanier,24.0,DET,SG,16.0,0.0,153.0,5.3,15.0,0.354,4.4,12.8,0.341,0.9,2.2,0.429,0.5,1.6,1.6,1.0,1.9,2.8,4.7,3.8,1.6,0.0,0.3,1.6,16.6,127.0,115.0,
408.0,Pat Connaughton,33.0,CHO,SG,21.0,0.0,147.0,7.3,15.0,0.489,3.7,9.0,0.407,3.7,6.0,0.611,0.611,2.7,4.3,0.615,1.7,7.7,9.3,4.3,1.7,0.3,1.0,1.7,21.0,133.0,117.0,
409.0,Chris Youngblood,23.0,OKC,SG,29.0,0.0,144.0,5.3,15.3,0.348,4.7,13.7,0.341,0.7,1.7,0.4,0.5,2.3,2.3,1.0,2.0,6.0,8.0,2.3,1.0,0.3,0.3,6.3,17.7,120.0,111.0,
410.0,Hunter Tyson,25.0,DEN,PF,18.0,2.0,144.0,4.4,17.0,0.26,2.0,10.6,0.194,2.4,6.5,0.368,0.32,3.1,3.7,0.818,1.4,9.2,10.6,5.1,0.7,0.3,1.4,4.1,14.0,92.0,118.0,
411.0,JD Davison,23.0,HOU,PG,20.0,0.0,143.0,4.9,13.6,0.359,2.1,7.3,0.286,2.8,6.3,0.444,0.436,1.7,3.1,0.556,0.7,4.5,5.2,7.0,1.7,1.4,1.7,3.8,13.6,111.0,115.0,
412.0,Keshad Johnson,24.0,MIA,SF,18.0,0.0,142.0,6.2,16.6,0.373,1.6,6.5,0.25,4.5,10.1,0.452,0.422,2.9,4.2,0.692,4.2,7.1,11.4,0.3,1.6,1.3,1.9,4.2,16.9,97.0,113.0,
413.0,Taelon Peter,23.0,IND,SG,22.0,0.0,139.0,4.1,13.7,0.3,3.4,12.7,0.27,0.7,1.0,0.667,0.425,1.4,2.1,0.667,2.1,5.8,7.9,5.5,2.1,0.7,3.4,3.1,13.0,91.0,116.0,
414.0,Jonathan Mogbo,24.0,TOR,PF,20.0,0.0,136.0,5.0,9.7,0.519,0.0,0.0,,5.0,9.7,0.519,0.519,0.7,1.8,0.4,4.3,9.0,13.3,3.6,0.7,1.4,1.8,4.7,10.8,112.0,113.0,
415.0,Joan Beringer,19.0,MIN,PF,19.0,0.0,128.0,10.1,14.2,0.711,0.0,0.0,,10.1,14.2,0.711,0.711,1.1,1.5,0.75,6.7,7.8,14.5,1.9,1.1,2.6,1.9,7.1,21.2,140.0,112.0,
416.0,Andre Jackson Jr.,24.0,MIL,SG,19.0,0.0,127.0,3.8,13.1,0.294,1.9,8.5,0.227,1.9,4.6,0.417,0.368,3.5,3.8,0.9,1.9,3.8,5.8,7.7,1.9,0.8,3.1,7.3,13.1,100.0,118.0,
417.0,Jamal Cain,26.0,ORL,SF,18.0,0.0,126.0,5.3,14.1,0.378,1.9,6.9,0.278,3.4,7.3,0.474,0.446,5.7,6.9,0.833,2.7,2.3,5.0,1.9,1.5,0.4,2.3,8.4,18.3,109.0,118.0,
418.0,Mason Plumlee,35.0,CHO,C,14.0,2.0,125.0,3.5,4.7,0.75,0.0,0.0,,3.5,4.7,0.75,0.75,3.1,4.7,0.667,3.9,11.8,15.7,6.3,2.4,0.0,3.5,3.9,10.2,127.0,113.0,
419.0,Marcus Sasser,25.0,DET,PG,12.0,0.0,121.0,9.1,20.6,0.442,5.5,13.5,0.412,3.6,7.1,0.5,0.577,4.0,4.4,0.909,0.4,4.8,5.1,9.1,2.8,0.8,3.2,4.8,27.7,126.0,110.0,
420.0,Bradley Beal,32.0,LAC,SG,6.0,6.0,121.0,7.4,19.9,0.375,2.9,7.9,0.368,4.5,12.0,0.379,0.448,2.5,3.3,0.75,0.8,1.2,2.1,4.1,1.2,0.0,3.7,5.8,20.3,92.0,124.0,
421.0,Myron Gardner,24.0,MIA,SF,17.0,0.0,117.0,7.9,16.6,0.476,3.9,10.2,0.385,3.9,6.3,0.625,0.595,2.4,2.8,0.857,4.3,7.1,11.4,3.9,2.8,0.8,0.8,8.7,22.1,135.0,111.0,
422.0,Jordan McLaughlin,29.0,SAS,PG,19.0,0.0,116.0,6.2,14.5,0.429,2.9,7.9,0.368,3.3,6.6,0.5,0.529,1.7,2.1,0.8,1.7,4.1,5.8,6.2,4.1,0.0,3.3,3.3,17.0,108.0,110.0,
423.0,Dereck Lively II,21.0,DAL,C,7.0,4.0,115.0,4.5,7.4,0.611,0.0,0.0,,4.5,7.4,0.611,0.611,3.3,4.1,0.8,5.7,9.4,15.2,5.3,1.6,4.5,4.1,8.6,12.3,119.0,107.0,
424.0,Xavier Tillman Sr.,27.0,BOS,C,13.0,1.0,110.0,6.4,13.7,0.467,1.4,6.4,0.214,5.0,7.3,0.688,0.517,0.0,0.0,,4.6,6.8,11.4,2.3,2.7,0.9,2.3,4.1,14.1,110.0,113.0,
425.0,A.J. Lawson,25.0,TOR,SG,11.0,0.0,106.0,7.4,18.9,0.39,3.7,10.1,0.364,3.7,8.7,0.421,0.488,4.1,4.1,1.0,3.2,6.9,10.1,1.4,1.8,1.4,1.8,6.9,22.5,112.0,112.0,
426.0,Pete Nance,25.0,MIL,PF,14.0,0.0,104.0,7.5,13.6,0.552,4.2,8.5,0.5,3.3,5.2,0.636,0.707,0.0,0.0,,2.3,6.1,8.5,2.3,2.3,1.4,2.8,1.9,19.2,118.0,115.0,
427.0,Luke Travers,24.0,CLE,SG,12.0,0.0,103.0,4.1,16.6,0.25,0.5,7.4,0.063,3.7,9.2,0.4,0.264,4.1,4.1,1.0,4.1,6.9,11.0,4.1,3.2,1.8,1.4,2.8,12.9,95.0,111.0,
428.0,Devin Carter,23.0,SAC,PG,12.0,0.0,101.0,6.2,18.1,0.342,2.4,9.5,0.25,3.8,8.6,0.444,0.408,3.3,3.3,1.0,2.4,4.3,6.7,6.2,2.9,1.0,3.8,4.8,18.1,96.0,119.0,
429.0,Blake Wesley,22.0,POR,SG,6.0,0.0,98.0,6.8,16.5,0.412,1.0,4.9,0.2,5.8,11.6,0.5,0.441,2.9,4.9,0.6,1.0,5.8,6.8,9.2,4.9,0.5,3.4,6.8,17.5,104.0,110.0,
430.0,Chris Boucher,33.0,BOS,PF,8.0,0.0,91.0,3.9,12.1,0.318,0.6,6.6,0.083,3.3,5.5,0.6,0.341,1.7,2.2,0.75,1.1,8.8,9.9,1.7,2.8,3.9,0.6,8.8,9.9,93.0,108.0,
431.0,Alijah Martin,24.0,TOR,SG,10.0,0.0,88.0,5.0,14.4,0.346,1.1,6.1,0.182,3.9,8.3,0.467,0.385,5.5,6.7,0.833,3.3,3.3,6.7,4.4,2.8,1.7,1.7,5.0,16.6,111.0,112.0,
432.0,Adou Thiero,21.0,LAL,SF,15.0,0.0,87.0,3.9,10.1,0.389,0.0,0.6,0.0,3.9,9.5,0.412,0.389,3.4,4.5,0.75,3.9,6.2,10.1,2.8,2.8,0.6,2.2,8.4,11.2,104.0,116.0,
433.0,Kam Jones,23.0,IND,SG,12.0,0.0,87.0,5.5,15.4,0.357,0.5,5.5,0.1,4.9,9.9,0.5,0.375,0.0,1.1,0.0,1.6,3.3,4.9,6.0,1.6,0.0,1.6,2.2,11.5,88.0,120.0,
434.0,Kevin McCullar Jr.,24.0,NYK,SF,12.0,0.0,87.0,5.6,12.9,0.435,3.4,7.9,0.429,2.2,5.1,0.444,0.565,1.1,2.8,0.4,4.5,6.7,11.2,8.4,2.2,0.0,4.5,7.9,15.7,112.0,116.0,
435.0,Leonard Miller,22.0,MIN,SF,17.0,0.0,86.0,10.0,17.8,0.563,0.6,6.1,0.091,9.4,11.6,0.81,0.578,3.9,6.1,0.636,3.3,9.4,12.8,2.8,2.2,0.0,3.9,6.1,24.4,109.0,112.0,
436.0,Anthony Gill,33.0,WAS,PF,20.0,0.0,84.0,6.8,10.2,0.667,1.7,3.4,0.5,5.1,6.8,0.75,0.75,2.3,2.3,1.0,3.4,7.4,10.8,0.0,0.6,1.7,2.8,2.8,17.6,125.0,123.0,
437.0,Khaman Maluach,19.0,PHO,C,18.0,0.0,84.0,4.6,11.6,0.4,0.0,2.9,0.0,4.6,8.7,0.533,0.4,4.1,4.6,0.875,2.9,7.5,10.4,1.7,0.6,4.1,5.2,8.7,13.3,85.0,112.0,
438.0,Grant Williams,27.0,CHO,PF,5.0,0.0,84.0,4.7,14.6,0.32,2.9,12.2,0.238,1.7,2.3,0.75,0.42,2.9,3.5,0.833,2.3,8.2,10.5,3.5,2.3,1.2,1.2,2.9,15.2,111.0,114.0,
439.0,Drew Timme,25.0,LAL,PF,10.0,0.0,83.0,9.4,15.3,0.615,2.9,5.3,0.556,6.5,10.0,0.647,0.712,0.0,0.6,0.0,2.3,5.3,7.6,5.9,1.8,0.0,1.8,4.7,21.7,137.0,119.0,
440.0,Obi Toppin,27.0,IND,PF,3.0,0.0,82.0,8.7,20.9,0.417,1.7,9.9,0.176,7.0,11.1,0.632,0.458,5.2,5.2,1.0,1.7,9.9,11.6,2.9,1.7,0.0,3.5,4.1,24.4,100.0,115.0,
441.0,Miles Kelly,23.0,DAL,PG,9.0,0.0,77.0,6.7,17.2,0.393,4.3,13.5,0.318,2.5,3.7,0.667,0.518,0.0,0.0,,2.5,4.9,7.4,3.1,1.2,0.0,1.8,4.9,17.8,105.0,116.0,
442.0,Eric Gordon,37.0,PHI,SG,6.0,0.0,74.0,7.9,13.7,0.571,5.2,9.2,0.571,2.6,4.6,0.571,0.762,0.7,1.3,0.5,0.7,0.7,1.3,2.0,2.6,0.7,2.0,2.0,21.6,130.0,117.0,
443.0,Lachlan Olbrich,22.0,CHI,C,10.0,0.0,73.0,1.3,5.8,0.222,0.0,2.6,0.0,1.3,3.2,0.4,0.222,0.0,1.3,0.0,4.5,9.1,13.6,5.8,0.0,0.0,2.6,10.4,2.6,87.0,121.0,
444.0,Doug McDermott,34.0,SAC,SF,7.0,0.0,70.0,5.5,15.8,0.348,5.5,15.8,0.348,0.0,0.0,,0.522,0.0,0.0,,0.0,3.4,3.4,1.4,0.0,0.7,2.1,3.4,16.5,94.0,126.0,
445.0,David Jones GarcÃ­a,24.0,SAS,SF,11.0,0.0,68.0,9.2,17.7,0.52,2.1,3.5,0.6,7.1,14.1,0.5,0.58,2.1,4.2,0.5,2.8,6.4,9.2,12.7,4.2,0.7,3.5,4.2,22.6,123.0,107.0,
446.0,Johnny Juzang,24.0,MIN,SG,17.0,0.0,67.0,10.0,22.8,0.438,3.6,14.2,0.25,6.4,8.5,0.75,0.516,2.1,2.8,0.75,3.6,6.4,10.0,4.3,1.4,0.0,2.1,2.1,25.6,113.0,116.0,
447.0,Jeff Green,39.0,HOU,PF,15.0,0.0,66.0,9.1,18.9,0.48,6.1,12.9,0.471,3.0,6.1,0.5,0.64,0.0,0.0,,0.8,5.3,6.1,1.5,0.0,0.8,0.8,3.8,24.2,135.0,119.0,
448.0,Elijah Harkless,25.0,UTA,SG,7.0,0.0,66.0,2.9,7.9,0.364,1.4,5.0,0.286,1.4,2.9,0.5,0.455,5.0,6.4,0.778,1.4,2.9,4.3,3.6,2.9,0.0,2.1,7.1,12.1,114.0,123.0,
449.0,Bismack Biyombo,33.0,SAS,C,11.0,1.0,65.0,3.0,4.4,0.667,0.0,0.0,,3.0,4.4,0.667,0.667,0.7,1.5,0.5,1.5,3.7,5.2,2.2,2.2,0.7,2.2,7.4,6.6,105.0,113.0,
450.0,Monte Morris,30.0,IND,PG,6.0,0.0,65.0,5.1,14.7,0.35,1.5,5.9,0.25,3.7,8.8,0.417,0.4,1.5,2.9,0.5,0.7,4.4,5.1,6.6,0.7,0.7,1.5,2.2,13.2,97.0,120.0,
451.0,Drew Peterson,26.0,CHO,PF,6.0,0.0,64.0,1.5,12.2,0.125,0.0,9.2,0.0,1.5,3.1,0.5,0.125,0.8,1.5,0.5,2.3,4.6,6.9,1.5,2.3,0.8,0.0,2.3,3.8,57.0,117.0,
452.0,Javonte Cooke,26.0,POR,SG,9.0,0.0,61.0,5.5,20.3,0.269,2.3,11.7,0.2,3.1,8.6,0.364,0.327,0.0,0.0,,1.6,6.2,7.8,5.5,3.9,0.0,3.9,2.3,13.3,76.0,112.0,
453.0,James Wiseman,24.0,IND,C,4.0,1.0,58.0,4.9,8.2,0.6,0.0,0.0,,4.9,8.2,0.6,0.6,0.8,1.6,0.5,4.1,2.5,6.6,2.5,0.0,0.8,4.1,8.2,10.7,97.0,123.0,
454.0,Pacome Dadiet,20.0,NYK,SG,18.0,0.0,57.0,1.7,7.7,0.222,0.0,4.3,0.0,1.7,3.4,0.5,0.222,3.4,3.4,1.0,0.9,8.6,9.4,6.9,1.7,0.0,0.0,2.6,6.9,123.0,116.0,
455.0,Antonio Reeves,25.0,CHO,SG,7.0,0.0,56.0,7.0,14.0,0.5,4.4,8.7,0.5,2.6,5.2,0.5,0.656,0.0,0.0,,0.9,3.5,4.4,1.7,0.9,0.0,0.0,2.6,18.4,140.0,122.0,
456.0,Tolu Smith,25.0,DET,PF,5.0,0.0,55.0,6.1,13.1,0.467,0.0,0.0,,6.1,13.1,0.467,0.467,10.5,13.1,0.8,8.7,15.7,24.4,3.5,1.7,4.4,3.5,6.1,22.6,127.0,100.0,
457.0,Cody Martin,30.0,IND,SF,4.0,0.0,55.0,1.7,8.7,0.2,0.0,4.3,0.0,1.7,4.3,0.4,0.2,2.6,5.2,0.5,0.9,11.3,12.1,1.7,3.5,1.7,3.5,4.3,6.1,55.0,109.0,
458.0,Joe Ingles,38.0,MIN,SF,13.0,0.0,54.0,1.8,4.4,0.4,0.9,3.5,0.25,0.9,0.9,1.0,0.5,1.8,1.8,1.0,0.0,4.4,4.4,9.7,5.3,0.0,4.4,5.3,6.2,102.0,108.0,
459.0,Jalen Green,23.0,PHO,SG,4.0,2.0,54.0,14.4,33.4,0.432,7.2,17.1,0.421,7.2,16.2,0.444,0.541,6.3,8.1,0.778,1.8,4.5,6.3,7.2,1.8,0.0,4.5,2.7,42.4,114.0,116.0,
460.0,Bobi Klintman,22.0,DET,SF,6.0,0.0,53.0,6.3,19.0,0.333,2.7,9.9,0.273,3.6,9.0,0.4,0.405,0.0,2.7,0.0,4.5,9.9,14.5,3.6,1.8,0.0,4.5,8.1,15.4,81.0,109.0,
461.0,Amari Williams,24.0,BOS,PF,9.0,0.0,52.0,1.9,2.9,0.667,0.0,0.0,,1.9,2.9,0.667,0.667,4.8,6.8,0.714,2.9,7.7,10.6,2.9,1.0,4.8,1.9,7.7,8.7,137.0,111.0,
462.0,Caleb Houstan,23.0,ATL,SF,10.0,0.0,49.0,6.7,14.4,0.467,5.7,11.5,0.5,1.0,2.9,0.333,0.667,2.9,2.9,1.0,3.8,1.0,4.8,1.9,1.0,1.0,3.8,5.7,22.0,116.0,121.0,
463.0,Matisse Thybulle,28.0,POR,SG,4.0,0.0,49.0,5.8,9.7,0.6,3.9,5.8,0.667,1.9,3.9,0.5,0.8,3.9,3.9,1.0,0.0,3.9,3.9,2.9,9.7,0.0,1.0,6.8,19.4,164.0,101.0,
464.0,Kyle Lowry,39.0,PHI,PG,6.0,0.0,45.0,2.2,8.6,0.25,2.2,8.6,0.25,0.0,0.0,,0.375,0.0,0.0,,0.0,3.2,3.2,7.5,1.1,0.0,2.2,3.2,6.5,94.0,120.0,
465.0,Kobe Bufkin,22.0,LAL,SG,4.0,0.0,45.0,4.3,11.9,0.364,2.2,7.6,0.286,2.2,4.3,0.5,0.455,2.2,2.2,1.0,1.1,4.3,5.4,2.2,1.1,3.2,1.1,3.2,13.0,108.0,118.0,
466.0,Thanasis Antetokounmpo,33.0,MIL,SF,14.0,0.0,43.0,9.1,15.9,0.571,0.0,1.1,0.0,9.1,14.8,0.615,0.571,6.8,10.2,0.667,3.4,3.4,6.8,1.1,6.8,3.4,3.4,9.1,25.0,111.0,104.0,
467.0,Wendell Moore Jr.,24.0,DET,SG,3.0,0.0,43.0,3.3,6.7,0.5,0.0,1.1,0.0,3.3,5.6,0.6,0.5,0.0,0.0,,1.1,3.3,4.5,3.3,2.2,1.1,1.1,1.1,6.7,110.0,112.0,
468.0,Trey Alexander,22.0,NOP,SG,5.0,0.0,42.0,6.8,10.2,0.667,2.3,3.4,0.667,4.5,6.8,0.667,0.778,0.0,0.0,,0.0,4.5,4.5,5.7,1.1,1.1,1.1,4.5,15.9,149.0,123.0,
469.0,Dario Å ariÄ,31.0,SAC,C,5.0,0.0,41.0,1.2,7.0,0.167,1.2,3.5,0.333,0.0,3.5,0.0,0.25,2.3,2.3,1.0,1.2,5.9,7.0,2.3,0.0,0.0,2.3,3.5,5.9,77.0,125.0,
470.0,Johni Broome,23.0,PHI,C,7.0,0.0,40.0,4.8,24.2,0.2,0.0,3.6,0.0,4.8,20.6,0.235,0.2,2.4,4.8,0.5,7.3,8.5,15.7,4.8,2.4,0.0,2.4,6.1,12.1,72.0,113.0,
471.0,Moritz Wagner,28.0,ORL,C,3.0,0.0,39.0,12.3,21.0,0.588,3.7,8.6,0.429,8.6,12.3,0.7,0.676,7.4,7.4,1.0,0.0,8.6,8.6,3.7,2.5,0.0,3.7,6.2,35.8,129.0,113.0,
472.0,Trey Jemison,26.0,NYK,C,6.0,0.0,38.0,3.9,3.9,1.0,0.0,0.0,,3.9,3.9,1.0,1.0,1.3,1.3,1.0,6.4,6.4,12.9,1.3,0.0,2.6,3.9,7.7,9.0,124.0,118.0,
473.0,E.J. Liddell,25.0,BRK,PF,8.0,0.0,35.0,7.1,17.1,0.417,2.8,11.4,0.25,4.3,5.7,0.75,0.5,2.8,4.3,0.667,4.3,8.5,12.8,0.0,0.0,0.0,0.0,5.7,19.9,118.0,122.0,
474.0,Ron Harper Jr.,25.0,BOS,SF,7.0,0.0,35.0,7.2,23.0,0.313,4.3,17.2,0.25,2.9,5.7,0.5,0.406,0.0,0.0,,4.3,4.3,8.6,5.7,1.4,4.3,1.4,4.3,18.6,105.0,114.0,
475.0,Tyson Etienne,26.0,BRK,PG,8.0,0.0,34.0,5.9,22.0,0.267,5.9,19.1,0.308,0.0,2.9,0.0,0.4,0.0,0.0,,0.0,0.0,0.0,1.5,0.0,0.0,1.5,7.3,17.6,81.0,127.0,
476.0,Mac McClung,27.0,IND,SG,3.0,0.0,34.0,9.8,25.3,0.389,2.8,14.0,0.2,7.0,11.2,0.625,0.444,4.2,5.6,0.75,0.0,5.6,5.6,1.4,7.0,1.4,2.8,8.4,26.7,90.0,104.0,
477.0,Garrett Temple,39.0,TOR,SG,12.0,0.0,33.0,1.5,10.3,0.143,1.5,7.4,0.2,0.0,3.0,0.0,0.214,1.5,3.0,0.5,0.0,5.9,5.9,5.9,4.4,1.5,4.4,3.0,5.9,58.0,107.0,
478.0,Emanuel Miller,25.0,CHI,PF,5.0,0.0,33.0,8.6,18.6,0.462,2.9,8.6,0.333,5.7,10.0,0.571,0.538,1.4,2.9,0.5,1.4,2.9,4.3,5.7,2.9,0.0,0.0,2.9,21.5,123.0,118.0,
479.0,Jahmyl Telfort,24.0,LAC,PF,8.0,0.0,32.0,0.0,6.3,0.0,0.0,6.3,0.0,0.0,0.0,,0.0,1.6,6.3,0.25,0.0,4.7,4.7,1.6,1.6,0.0,1.6,7.8,1.6,27.0,121.0,
480.0,Seth Curry,35.0,GSW,SG,2.0,0.0,32.0,9.0,13.5,0.667,3.0,6.0,0.5,6.0,7.5,0.8,0.778,0.0,0.0,,1.5,4.5,6.0,4.5,3.0,0.0,0.0,4.5,21.0,163.0,114.0,
481.0,Curtis Jones,24.0,DEN,SG,6.0,0.0,31.0,6.3,22.2,0.286,1.6,14.2,0.111,4.7,7.9,0.6,0.321,0.0,0.0,,1.6,6.3,7.9,4.7,0.0,0.0,1.6,4.7,14.2,79.0,122.0,
482.0,Charles Bassey,25.0,MEM,C,2.0,0.0,31.0,4.6,12.2,0.375,0.0,0.0,,4.6,12.2,0.375,0.375,1.5,4.6,0.333,10.7,12.2,22.9,3.1,1.5,1.5,1.5,7.6,10.7,109.0,110.0,
483.0,Hunter Sallis,22.0,PHI,SG,7.0,0.0,26.0,5.6,9.3,0.6,0.0,0.0,,5.6,9.3,0.6,0.6,1.9,3.7,0.5,0.0,1.9,1.9,7.4,0.0,1.9,9.3,3.7,13.0,75.0,121.0,
484.0,Mark Sears,23.0,MIL,PG,7.0,0.0,26.0,11.3,24.4,0.462,7.5,15.0,0.5,3.8,9.4,0.4,0.615,11.3,15.0,0.75,1.9,1.9,3.8,3.8,0.0,0.0,7.5,7.5,41.3,109.0,124.0,
485.0,Jahmai Mashack,23.0,MEM,SG,7.0,0.0,25.0,3.8,15.1,0.25,3.8,11.4,0.333,0.0,3.8,0.0,0.375,0.0,0.0,,0.0,9.5,9.5,3.8,1.9,0.0,5.7,1.9,11.4,64.0,113.0,
486.0,Orlando Robinson,25.0,ORL,C,4.0,1.0,25.0,5.8,9.6,0.6,1.9,3.9,0.5,3.9,5.8,0.667,0.7,0.0,0.0,,3.9,3.9,7.7,5.8,1.9,0.0,0.0,5.8,13.5,165.0,117.0,
487.0,Jahmir Young,25.0,MIA,PG,5.0,0.0,24.0,7.7,21.1,0.364,3.8,9.6,0.4,3.8,11.5,0.333,0.455,0.0,0.0,,0.0,3.8,3.8,7.7,1.9,0.0,3.8,5.8,19.2,91.0,116.0,
488.0,DeAndre Jordan,37.0,NOP,C,2.0,1.0,23.0,8.3,10.4,0.8,0.0,0.0,,8.3,10.4,0.8,0.8,2.1,4.2,0.5,8.3,12.5,20.8,0.0,0.0,0.0,2.1,2.1,18.7,141.0,122.0,
489.0,TyTy Washington Jr.,24.0,LAC,PG,2.0,0.0,22.0,13.6,20.5,0.667,4.5,9.1,0.5,9.1,11.4,0.8,0.778,0.0,0.0,,0.0,2.3,2.3,6.8,4.5,2.3,0.0,0.0,31.8,161.0,113.0,
490.0,Brandon Clarke,29.0,MEM,PF,2.0,2.0,20.0,7.1,21.3,0.333,0.0,0.0,,7.1,21.3,0.333,0.333,4.7,9.5,0.5,9.5,4.7,14.2,2.4,4.7,0.0,0.0,11.8,18.9,103.0,109.0,
491.0,Isaac Jones,25.0,2TM,PF,4.0,1.0,18.0,5.3,10.7,0.5,0.0,5.3,0.0,5.3,5.3,1.0,0.5,2.7,5.3,0.5,5.3,0.0,5.3,2.7,0.0,0.0,0.0,10.7,13.4,133.0,128.0,
491.0,Isaac Jones,25.0,SAC,PF,3.0,1.0,17.0,2.8,5.7,0.5,0.0,2.8,0.0,2.8,2.8,1.0,0.5,2.8,5.7,0.5,5.7,0.0,5.7,2.8,0.0,0.0,0.0,11.3,8.5,141.0,129.0,
491.0,Isaac Jones,25.0,DET,PF,1.0,0.0,1.0,47.9,95.8,0.5,0.0,47.9,0.0,47.9,47.9,1.0,0.5,0.0,0.0,,0.0,0.0,0.0,0.0,0.0,0.0,0.0,0.0,95.8,116.0,121.0,
492.0,Jacob Toppin,25.0,ATL,SF,5.0,0.0,17.0,11.0,16.6,0.667,0.0,0.0,,11.0,16.6,0.667,0.667,0.0,0.0,,0.0,2.8,2.8,2.8,0.0,2.8,0.0,2.8,22.1,133.0,120.0,
493.0,Chris Livingston,22.0,CLE,SF,3.0,0.0,17.0,11.2,19.5,0.571,0.0,8.4,0.0,11.2,11.2,1.0,0.571,2.8,2.8,1.0,0.0,8.4,8.4,2.8,2.8,0.0,0.0,11.2,25.1,129.0,113.0,
494.0,N'Faly Dante,24.0,ATL,C,4.0,0.0,15.0,3.1,12.5,0.25,0.0,0.0,,3.1,12.5,0.25,0.25,3.1,3.1,1.0,9.4,12.5,21.9,0.0,6.3,0.0,3.1,3.1,9.4,89.0,103.0,
495.0,Oscar Tshiebwe,26.0,UTA,C,1.0,0.0,15.0,3.1,12.6,0.25,0.0,0.0,,3.1,12.6,0.25,0.25,0.0,3.1,0.0,6.3,12.6,18.9,3.1,3.1,0.0,0.0,6.3,6.3,86.0,117.0,
496.0,Chris MaÃ±on,24.0,LAL,SG,4.0,0.0,14.0,0.0,3.5,0.0,0.0,3.5,0.0,0.0,0.0,,0.0,0.0,0.0,,3.5,7.0,10.4,0.0,3.5,7.0,0.0,10.4,0.0,72.0,106.0,
497.0,Daeqwon Plowden,27.0,SAC,SG,1.0,0.0,14.0,3.4,17.2,0.2,0.0,10.3,0.0,3.4,6.9,0.5,0.2,0.0,0.0,,6.9,0.0,6.9,0.0,0.0,0.0,0.0,0.0,6.9,70.0,129.0,
498.0,Chucky Hepburn,22.0,TOR,PG,2.0,0.0,13.0,0.0,22.5,0.0,0.0,18.8,0.0,0.0,3.8,0.0,0.0,0.0,0.0,,0.0,3.8,3.8,7.5,3.8,0.0,3.8,7.5,0.0,20.0,111.0,
499.0,Harrison Ingram,23.0,SAS,SF,3.0,0.0,11.0,8.7,13.1,0.667,4.4,4.4,1.0,4.4,8.7,0.5,0.833,0.0,0.0,,13.1,0.0,13.1,0.0,0.0,0.0,0.0,8.7,21.8,181.0,121.0,
500.0,Sharife Cooper,24.0,WAS,PG,4.0,0.0,10.0,0.0,4.8,0.0,0.0,4.8,0.0,0.0,0.0,,0.0,0.0,0.0,,0.0,0.0,0.0,0.0,0.0,0.0,4.8,4.8,0.0,0.0,131.0,
501.0,Tosan Evbuomwan,24.0,NYK,SF,5.0,0.0,8.0,0.0,6.1,0.0,0.0,0.0,,0.0,6.1,0.0,0.0,0.0,0.0,,6.1,6.1,12.2,0.0,0.0,0.0,0.0,6.1,0.0,70.0,121.0,
502.0,Riley Minix,25.0,SAS,SF,3.0,0.0,8.0,24.0,36.0,0.667,6.0,18.0,0.333,18.0,18.0,1.0,0.75,0.0,0.0,,6.0,6.0,12.0,6.0,6.0,0.0,0.0,6.0,54.0,151.0,104.0,
503.0,Koby Brea,23.0,PHO,SG,2.0,0.0,8.0,6.1,18.3,0.333,0.0,12.2,0.0,6.1,6.1,1.0,0.333,12.2,12.2,1.0,0.0,6.1,6.1,12.2,0.0,0.0,0.0,0.0,24.4,137.0,119.0,
504.0,Colby Jones,23.0,DET,SG,1.0,0.0,7.0,6.8,20.5,0.333,0.0,13.7,0.0,6.8,6.8,1.0,0.333,0.0,0.0,,0.0,27.4,27.4,13.7,0.0,0.0,0.0,6.8,13.7,106.0,101.0,
505.0,Mo Bamba,27.0,TOR,C,2.0,0.0,6.0,0.0,16.3,0.0,0.0,0.0,,0.0,16.3,0.0,0.0,0.0,0.0,,8.1,8.1,16.3,0.0,0.0,8.1,0.0,16.3,0.0,40.0,107.0,
506.0,Noa Essengue,19.0,CHI,PF,2.0,0.0,6.0,0.0,23.6,0.0,0.0,15.8,0.0,0.0,7.9,0.0,0.0,0.0,0.0,,0.0,0.0,0.0,0.0,7.9,0.0,0.0,7.9,0.0,0.0,108.0,
507.0,Trentyn Flowers,20.0,CHI,SF,2.0,0.0,6.0,15.8,23.6,0.667,0.0,7.9,0.0,15.8,15.8,1.0,0.667,0.0,0.0,,7.9,0.0,7.9,7.9,0.0,0.0,7.9,7.9,31.5,111.0,126.0,
508.0,Isaiah Crawford,24.0,HOU,SF,2.0,0.0,5.0,0.0,10.0,0.0,0.0,10.0,0.0,0.0,0.0,,0.0,0.0,0.0,,0.0,0.0,0.0,0.0,0.0,0.0,0.0,0.0,0.0,0.0,124.0,
509.0,LJ Cryer,24.0,GSW,PG,2.0,0.0,5.0,9.6,28.9,0.333,9.6,19.2,0.5,0.0,9.6,0.0,0.5,0.0,0.0,,0.0,0.0,0.0,0.0,0.0,0.0,0.0,9.6,28.9,99.0,123.0,
510.0,Malevy Leons,26.0,GSW,SF,2.0,0.0,5.0,0.0,9.6,0.0,0.0,0.0,,0.0,9.6,0.0,0.0,0.0,0.0,,9.6,19.2,28.9,0.0,0.0,0.0,9.6,9.6,0.0,35.0,111.0,
511.0,Patrick Baldwin Jr.,23.0,LAC,SF,1.0,0.0,5.0,0.0,10.0,0.0,0.0,10.0,0.0,0.0,0.0,,0.0,20.0,20.0,1.0,0.0,0.0,0.0,0.0,0.0,0.0,0.0,10.0,20.0,125.0,127.0,
512.0,Hunter Dickinson,25.0,NOP,C,1.0,0.0,5.0,9.6,19.1,0.5,0.0,0.0,,9.6,19.1,0.5,0.5,0.0,0.0,,0.0,0.0,0.0,0.0,0.0,9.6,19.1,19.1,19.1,43.0,118.0,
513.0,Vladislav Goldin,24.0,MIA,C,1.0,0.0,1.0,0.0,0.0,,0.0,0.0,,0.0,0.0,,,0.0,0.0,,0.0,0.0,0.0,46.1,0.0,0.0,0.0,0.0,0.0,231.0,123.0,
,League Average,,,,,,,,,0.469,,,0.359,,,0.547,0.544,,,0.786,,,,,,,,,,,,
