Unnamed: 0_level_0,Unnamed: 1_level_0,Unnamed: 2_level_0,Unnamed: 3_level_0,Unnamed: 4_level_0,Unnamed: 5_level_0,Unnamed: 6_level_0,Unnamed: 7_level_0,Unnamed: 8_level_0,Unnamed: 9_level_0,% of FGA by Distance,% of FGA by Distance,% of FGA by Distance,% of FGA by Distance,% of FGA by Distance,% of FGA by Distance,FG% by Distance,FG% by Distance,FG% by Distance,FG% by Distance,FG% by Distance,FG% by Distance,% of FG Ast'd,% of FG Ast'd,Dunks,Dunks,Corner 3s,Corner 3s,1/2 Court,1/2 Court,Unnamed: 30_level_0
Rk,Player,Age,Team,Pos,G,GS,MP,FG%,Dist.,2P,0-3,3-10,10-16,16-3P,3P,2P,0-3,3-10,10-16,16-3P,3P,2P,3P,%FGA,#,%3PA,3P%,Att.,Md.,Awards
1.0,Tyrese Maxey,25.0,PHI,PG,41.0,41.0,1621.0,0.471,14.7,0.601,0.244,0.193,0.091,0.074,0.399,0.524,0.671,0.427,0.417,0.426,0.391,0.388,0.618,0.023,20.0,0.087,0.375,0.0,0.0,
2.0,Amen Thompson,23.0,HOU,PG,43.0,43.0,1606.0,0.513,8.3,0.862,0.367,0.332,0.103,0.061,0.138,0.564,0.752,0.457,0.361,0.361,0.195,0.488,0.938,0.184,104.0,0.561,0.196,1.0,0.0,
3.0,Scottie Barnes,24.0,TOR,PF,46.0,46.0,1591.0,0.501,10.5,0.793,0.306,0.266,0.161,0.059,0.207,0.55,0.713,0.441,0.456,0.452,0.315,0.571,0.935,0.102,65.0,0.205,0.267,0.0,0.0,
4.0,Toumani Camara,25.0,POR,PF,46.0,46.0,1558.0,0.431,18.1,0.333,0.161,0.152,0.016,0.004,0.667,0.585,0.772,0.44,0.25,0.0,0.354,0.635,0.888,0.047,22.0,0.284,0.301,0.0,0.0,
5.0,DeMar DeRozan,36.0,SAC,PF,46.0,46.0,1540.0,0.506,14.4,0.843,0.087,0.187,0.293,0.277,0.157,0.534,0.755,0.623,0.48,0.462,0.354,0.425,0.912,0.01,5.0,0.375,0.444,0.0,0.0,
6.0,Dyson Daniels,22.0,ATL,SG,45.0,45.0,1537.0,0.498,7.3,0.862,0.392,0.407,0.06,0.002,0.138,0.56,0.698,0.434,0.536,0.0,0.109,0.576,1.0,0.075,33.0,0.281,0.056,0.0,0.0,
7.0,Trey Murphy III,25.0,NOP,SF,43.0,43.0,1535.0,0.494,16.3,0.485,0.227,0.165,0.071,0.022,0.515,0.614,0.825,0.411,0.5,0.333,0.381,0.708,0.842,0.114,72.0,0.095,0.545,0.0,0.0,
8.0,Jalen Johnson,24.0,ATL,SF,43.0,43.0,1532.0,0.512,11.7,0.73,0.259,0.287,0.132,0.051,0.27,0.569,0.793,0.438,0.49,0.378,0.357,0.518,0.829,0.079,56.0,0.082,0.25,0.0,0.0,
9.0,Brandon Ingram,28.0,TOR,SF,45.0,45.0,1531.0,0.471,15.1,0.709,0.136,0.132,0.261,0.18,0.291,0.516,0.724,0.402,0.498,0.468,0.362,0.461,0.938,0.036,22.0,0.241,0.481,0.0,0.0,
10.0,Mikal Bridges,29.0,NYK,SF,44.0,43.0,1526.0,0.504,15.1,0.552,0.199,0.155,0.157,0.042,0.448,0.588,0.782,0.558,0.437,0.348,0.399,0.633,0.98,0.04,20.0,0.435,0.463,0.0,0.0,
11.0,Keyonte George,22.0,UTA,PG,44.0,44.0,1514.0,0.459,15.7,0.586,0.101,0.275,0.109,0.101,0.414,0.513,0.757,0.512,0.4,0.392,0.383,0.495,0.716,0.031,20.0,0.129,0.41,0.0,0.0,
12.0,Julius Randle,31.0,MIN,PF,45.0,45.0,1513.0,0.494,12.2,0.702,0.277,0.226,0.131,0.068,0.298,0.559,0.701,0.484,0.495,0.354,0.34,0.452,0.806,0.056,36.0,0.222,0.34,0.0,0.0,
13.0,Kevin Durant,37.0,HOU,SF,41.0,41.0,1511.0,0.516,16.3,0.682,0.057,0.154,0.313,0.158,0.318,0.567,0.81,0.584,0.53,0.534,0.406,0.454,0.705,0.044,30.0,0.068,0.5,0.0,0.0,
14.0,Pascal Siakam,31.0,IND,PF,44.0,44.0,1492.0,0.483,12.6,0.738,0.178,0.295,0.183,0.082,0.262,0.517,0.676,0.558,0.389,0.313,0.385,0.434,0.841,0.01,5.0,0.131,0.464,0.0,0.0,
15.0,Nickeil Alexander-Walker,27.0,ATL,SG,45.0,38.0,1482.0,0.442,15.9,0.484,0.234,0.13,0.069,0.051,0.516,0.509,0.606,0.413,0.449,0.389,0.379,0.534,0.942,0.008,5.0,0.261,0.484,0.0,0.0,
16.0,Jabari Smith Jr.,22.0,HOU,PF,42.0,42.0,1470.0,0.431,16.7,0.507,0.144,0.156,0.133,0.074,0.493,0.515,0.705,0.464,0.444,0.375,0.346,0.61,0.946,0.059,32.0,0.365,0.371,0.0,0.0,
17.0,Shai Gilgeous-Alexander,27.0,OKC,PG,44.0,44.0,1469.0,0.557,13.0,0.758,0.202,0.185,0.272,0.098,0.242,0.608,0.797,0.506,0.588,0.465,0.396,0.186,0.286,0.015,13.0,0.047,0.4,0.0,0.0,
18.0,Deni Avdija,25.0,POR,SF,42.0,42.0,1464.0,0.471,13.1,0.618,0.266,0.249,0.074,0.03,0.382,0.542,0.676,0.426,0.5,0.429,0.356,0.367,0.802,0.023,16.0,0.1,0.481,0.0,0.0,
19.0,James Harden,36.0,LAC,PG,41.0,41.0,1463.0,0.419,16.6,0.5,0.142,0.234,0.085,0.04,0.5,0.497,0.692,0.427,0.452,0.31,0.342,0.121,0.392,0.0,0.0,0.057,0.19,0.0,0.0,
20.0,Desmond Bane,27.0,ORL,SG,43.0,43.0,1455.0,0.452,12.8,0.676,0.241,0.276,0.092,0.067,0.324,0.506,0.646,0.453,0.467,0.273,0.34,0.527,0.75,0.002,1.0,0.193,0.366,0.0,0.0,
21.0,Jamal Murray,28.0,DEN,PG,41.0,41.0,1453.0,0.49,16.0,0.603,0.138,0.194,0.137,0.134,0.397,0.518,0.673,0.453,0.528,0.442,0.448,0.281,0.529,0.004,3.0,0.081,0.44,2.0,2.0,
22.0,Miles Bridges,27.0,CHO,PF,44.0,44.0,1444.0,0.443,14.2,0.552,0.219,0.278,0.041,0.015,0.448,0.533,0.722,0.41,0.407,0.4,0.332,0.541,0.929,0.061,34.0,0.285,0.333,1.0,1.0,
23.0,Onyeka Okongwu,25.0,ATL,C,45.0,34.0,1443.0,0.484,13.6,0.569,0.228,0.288,0.049,0.004,0.431,0.571,0.721,0.46,0.571,0.0,0.369,0.723,1.0,0.074,38.0,0.27,0.379,0.0,0.0,
24.0,Donte DiVincenzo,29.0,MIN,SG,45.0,45.0,1435.0,0.414,20.7,0.244,0.099,0.099,0.031,0.014,0.756,0.534,0.625,0.479,0.467,0.429,0.375,0.619,0.927,0.017,7.0,0.219,0.363,0.0,0.0,
25.0,Immanuel Quickley,26.0,TOR,PG,44.0,44.0,1433.0,0.439,17.6,0.478,0.112,0.175,0.154,0.037,0.522,0.525,0.712,0.456,0.484,0.455,0.36,0.446,0.838,0.005,3.0,0.117,0.306,0.0,0.0,
26.0,Derrick White,31.0,BOS,SG,42.0,42.0,1432.0,0.391,19.6,0.413,0.06,0.162,0.12,0.071,0.587,0.489,0.744,0.41,0.5,0.435,0.323,0.443,0.634,0.011,7.0,0.102,0.359,0.0,0.0,
27.0,Donovan Mitchell,29.0,CLE,SG,42.0,42.0,1431.0,0.482,16.6,0.521,0.185,0.161,0.1,0.076,0.479,0.573,0.658,0.55,0.552,0.439,0.383,0.246,0.613,0.016,11.0,0.103,0.419,0.0,0.0,
28.0,Cooper Flagg,19.0,DAL,SF,42.0,42.0,1421.0,0.477,11.7,0.771,0.231,0.294,0.136,0.111,0.229,0.535,0.76,0.452,0.523,0.3,0.283,0.398,0.707,0.074,40.0,0.159,0.174,0.0,0.0,
29.0,Kon Knueppel,20.0,CHO,SF,44.0,43.0,1417.0,0.482,17.5,0.427,0.156,0.176,0.071,0.023,0.573,0.56,0.702,0.462,0.605,0.214,0.423,0.59,0.925,0.023,13.0,0.226,0.513,1.0,0.0,
30.0,Payton Pritchard,28.0,BOS,PG,43.0,43.0,1413.0,0.451,18.8,0.473,0.077,0.16,0.176,0.06,0.527,0.57,0.761,0.604,0.538,0.333,0.344,0.191,0.752,0.0,0.0,0.076,0.5,0.0,0.0,
31.0,Jaylen Brown,29.0,BOS,SF,41.0,41.0,1411.0,0.483,14.1,0.733,0.141,0.252,0.181,0.159,0.267,0.526,0.769,0.478,0.431,0.493,0.366,0.304,0.489,0.024,14.0,0.102,0.36,0.0,0.0,
32.0,VJ Edgecombe,20.0,PHI,SG,39.0,39.0,1399.0,0.429,14.8,0.569,0.257,0.161,0.087,0.064,0.431,0.475,0.596,0.365,0.391,0.382,0.368,0.476,0.869,0.07,31.0,0.136,0.29,0.0,0.0,
33.0,Devin Booker,29.0,PHO,SG,41.0,41.0,1394.0,0.456,15.1,0.703,0.133,0.182,0.253,0.135,0.297,0.517,0.67,0.467,0.492,0.48,0.313,0.336,0.686,0.017,10.0,0.063,0.214,1.0,0.0,
34.0,Ryan Rollins,23.0,MIL,PG,44.0,39.0,1390.0,0.459,14.9,0.569,0.245,0.147,0.118,0.058,0.431,0.509,0.669,0.345,0.471,0.324,0.392,0.246,0.68,0.022,13.0,0.212,0.389,0.0,0.0,
35.0,Jaden McDaniels,25.0,MIN,PF,43.0,43.0,1386.0,0.516,11.9,0.698,0.233,0.296,0.136,0.034,0.302,0.559,0.721,0.461,0.508,0.5,0.417,0.629,0.933,0.084,33.0,0.417,0.483,0.0,0.0,
36.0,Russell Westbrook,37.0,SAC,SF,46.0,40.0,1367.0,0.435,15.3,0.555,0.145,0.251,0.096,0.063,0.445,0.503,0.69,0.497,0.414,0.237,0.351,0.256,0.819,0.01,5.0,0.276,0.392,0.0,0.0,
37.0,Rudy Gobert,33.0,MIN,C,43.0,43.0,1363.0,0.716,2.3,0.996,0.749,0.229,0.011,0.007,0.004,0.719,0.798,0.484,0.667,0.0,0.0,0.691,,0.439,110.0,1.0,0.0,0.0,0.0,
38.0,Jalen Brunson,29.0,NYK,PG,39.0,38.0,1341.0,0.478,15.1,0.634,0.131,0.224,0.19,0.088,0.366,0.535,0.692,0.478,0.523,0.472,0.379,0.239,0.575,0.0,0.0,0.154,0.478,0.0,0.0,
39.0,Evan Mobley,24.0,CLE,PF,40.0,38.0,1332.0,0.517,10.7,0.723,0.364,0.24,0.087,0.032,0.277,0.596,0.811,0.364,0.447,0.294,0.309,0.642,0.87,0.204,103.0,0.114,0.235,1.0,0.0,
40.0,Nikola VuÄeviÄ,35.0,CHI,C,43.0,43.0,1321.0,0.504,13.1,0.661,0.202,0.317,0.105,0.037,0.339,0.571,0.692,0.521,0.532,0.455,0.373,0.777,0.973,0.015,8.0,0.095,0.211,0.0,0.0,
41.0,Royce O'Neale,32.0,PHO,SF,45.0,40.0,1319.0,0.431,22.7,0.178,0.069,0.077,0.027,0.005,0.822,0.493,0.654,0.345,0.5,0.5,0.417,0.576,0.938,0.011,4.0,0.152,0.574,0.0,0.0,
42.0,Cade Cunningham,24.0,DET,PG,37.0,37.0,1314.0,0.451,13.1,0.696,0.174,0.316,0.139,0.067,0.304,0.508,0.632,0.467,0.46,0.479,0.321,0.252,0.443,0.043,27.0,0.05,0.182,0.0,0.0,
43.0,Karl-Anthony Towns,30.0,NYK,C,41.0,40.0,1313.0,0.469,11.4,0.675,0.381,0.231,0.024,0.039,0.325,0.52,0.606,0.445,0.357,0.217,0.363,0.534,0.971,0.066,35.0,0.047,0.556,0.0,0.0,
44.0,Anthony Black,22.0,ORL,PG,43.0,23.0,1312.0,0.459,13.0,0.63,0.269,0.239,0.072,0.049,0.37,0.521,0.718,0.397,0.395,0.231,0.354,0.566,0.841,0.101,44.0,0.277,0.5,1.0,1.0,
45.0,Naji Marshall,28.0,DAL,SF,45.0,22.0,1306.0,0.548,11.8,0.701,0.228,0.317,0.128,0.027,0.299,0.648,0.82,0.597,0.554,0.25,0.313,0.538,0.927,0.014,6.0,0.519,0.338,0.0,0.0,
46.0,Andrew Wiggins,30.0,MIA,SF,41.0,41.0,1294.0,0.471,13.5,0.631,0.228,0.235,0.107,0.06,0.369,0.513,0.661,0.472,0.368,0.375,0.398,0.436,0.949,0.03,15.0,0.24,0.489,0.0,0.0,
47.0,Julian Champagnie,24.0,SAS,SF,45.0,31.0,1290.0,0.427,20.2,0.231,0.136,0.068,0.025,0.003,0.769,0.587,0.722,0.407,0.4,0.0,0.379,0.667,0.974,0.033,13.0,0.353,0.352,0.0,0.0,
48.0,Peyton Watson,23.0,DEN,SF,43.0,33.0,1287.0,0.508,12.6,0.654,0.264,0.251,0.084,0.055,0.346,0.554,0.716,0.445,0.351,0.583,0.421,0.66,0.969,0.116,42.0,0.414,0.524,0.0,0.0,
49.0,Luka DonÄiÄ,26.0,LAL,PG,35.0,35.0,1273.0,0.465,17.7,0.545,0.072,0.202,0.196,0.075,0.455,0.575,0.842,0.575,0.542,0.407,0.333,0.214,0.375,0.003,2.0,0.056,0.25,0.0,0.0,
50.0,Collin Gillespie,26.0,PHO,PG,45.0,26.0,1272.0,0.444,20.4,0.352,0.067,0.101,0.138,0.046,0.648,0.482,0.563,0.5,0.455,0.409,0.424,0.37,0.718,0.0,0.0,0.178,0.564,0.0,0.0,
51.0,Harrison Barnes,33.0,SAS,PF,45.0,45.0,1271.0,0.432,16.9,0.396,0.159,0.172,0.06,0.005,0.604,0.546,0.77,0.439,0.261,0.5,0.358,0.518,0.964,0.018,7.0,0.496,0.383,0.0,0.0,
52.0,CJ McCollum,34.0,2TM,PG,42.0,36.0,1269.0,0.45,16.0,0.556,0.115,0.192,0.159,0.09,0.444,0.51,0.671,0.459,0.505,0.421,0.376,0.344,0.679,0.003,1.0,0.145,0.415,0.0,0.0,
52.0,CJ McCollum,34.0,WAS,SG,35.0,35.0,1082.0,0.454,17.0,0.539,0.108,0.187,0.159,0.085,0.461,0.505,0.632,0.455,0.524,0.422,0.393,0.326,0.667,0.004,1.0,0.135,0.424,0.0,0.0,
52.0,CJ McCollum,34.0,ATL,PG,7.0,1.0,187.0,0.434,15.0,0.642,0.151,0.217,0.16,0.113,0.358,0.529,0.813,0.478,0.412,0.417,0.263,0.417,0.8,0.0,0.0,0.211,0.375,0.0,0.0,
53.0,Quentin Grimes,25.0,PHI,SG,41.0,7.0,1267.0,0.433,16.9,0.421,0.261,0.099,0.027,0.034,0.579,0.544,0.689,0.4,0.182,0.143,0.353,0.591,0.88,0.039,14.0,0.196,0.435,1.0,1.0,
54.0,Anthony Edwards,24.0,MIN,SG,36.0,36.0,1266.0,0.495,15.5,0.586,0.195,0.16,0.126,0.105,0.414,0.557,0.772,0.454,0.479,0.41,0.406,0.342,0.576,0.05,34.0,0.091,0.429,0.0,0.0,
55.0,Shaedon Sharpe,22.0,POR,SG,42.0,36.0,1265.0,0.455,13.8,0.662,0.253,0.191,0.104,0.114,0.338,0.515,0.724,0.414,0.367,0.356,0.339,0.429,0.54,0.075,47.0,0.105,0.333,0.0,0.0,
56.0,Jaren Jackson Jr.,26.0,MEM,C,41.0,41.0,1252.0,0.479,12.7,0.682,0.154,0.367,0.156,0.005,0.318,0.533,0.565,0.566,0.441,0.0,0.363,0.581,0.971,0.022,10.0,0.242,0.391,0.0,0.0,
57.0,Jeremiah Fears,19.0,NOP,PG,47.0,44.0,1238.0,0.435,11.3,0.733,0.336,0.235,0.11,0.053,0.267,0.475,0.626,0.323,0.403,0.333,0.325,0.381,0.694,0.025,13.0,0.106,0.438,0.0,0.0,
58.0,Noah Clowney,21.0,BRK,PF,43.0,36.0,1237.0,0.388,18.0,0.363,0.113,0.199,0.041,0.011,0.637,0.509,0.68,0.432,0.556,0.0,0.319,0.622,1.0,0.043,14.0,0.266,0.44,0.0,0.0,
59.0,Brandin Podziemski,22.0,GSW,SG,46.0,14.0,1233.0,0.463,17.1,0.512,0.134,0.157,0.137,0.083,0.488,0.529,0.707,0.588,0.39,0.361,0.393,0.538,0.747,0.007,2.0,0.171,0.528,0.0,0.0,
60.0,Wendell Carter Jr.,26.0,ORL,C,41.0,41.0,1233.0,0.509,13.3,0.603,0.311,0.143,0.1,0.049,0.397,0.611,0.78,0.38,0.486,0.471,0.353,0.744,1.0,0.169,51.0,0.36,0.36,0.0,0.0,
61.0,Alperen ÅengÃ¼n,23.0,HOU,C,36.0,36.0,1232.0,0.508,9.2,0.868,0.271,0.386,0.158,0.053,0.132,0.54,0.709,0.489,0.457,0.29,0.299,0.414,0.87,0.07,35.0,0.091,0.429,0.0,0.0,
62.0,Bub Carrington,20.0,WAS,PG,43.0,16.0,1227.0,0.398,20.0,0.407,0.06,0.129,0.096,0.121,0.593,0.392,0.5,0.234,0.514,0.409,0.403,0.362,0.747,0.016,4.0,0.139,0.333,0.0,0.0,
63.0,Matas Buzelis,21.0,CHI,PF,44.0,44.0,1226.0,0.478,13.1,0.54,0.374,0.142,0.018,0.006,0.46,0.581,0.643,0.471,0.111,0.667,0.357,0.568,0.938,0.093,40.0,0.313,0.324,0.0,0.0,
64.0,Tim Hardaway Jr.,33.0,DEN,SG,45.0,5.0,1223.0,0.443,20.7,0.307,0.07,0.094,0.079,0.064,0.693,0.557,0.656,0.465,0.556,0.586,0.392,0.782,0.903,0.026,10.0,0.174,0.4,0.0,0.0,
65.0,Nic Claxton,26.0,BRK,C,41.0,39.0,1222.0,0.584,4.5,0.967,0.51,0.388,0.05,0.019,0.033,0.598,0.724,0.482,0.167,0.714,0.167,0.581,1.0,0.251,81.0,0.083,0.0,0.0,0.0,
66.0,Kris Dunn,31.0,LAC,PG,44.0,38.0,1211.0,0.487,14.9,0.52,0.175,0.257,0.082,0.007,0.48,0.593,0.787,0.522,0.455,0.0,0.372,0.53,1.0,0.026,6.0,0.426,0.455,0.0,0.0,
67.0,Norman Powell,32.0,MIA,SG,39.0,39.0,1204.0,0.484,15.1,0.55,0.2,0.217,0.09,0.044,0.45,0.549,0.638,0.5,0.509,0.464,0.406,0.552,0.853,0.014,8.0,0.168,0.313,1.0,1.0,
68.0,Dillon Brooks,30.0,PHO,SF,39.0,39.0,1203.0,0.435,16.7,0.583,0.098,0.162,0.23,0.094,0.417,0.5,0.723,0.523,0.421,0.419,0.344,0.301,0.821,0.008,4.0,0.159,0.273,0.0,0.0,
69.0,Max Christie,22.0,DAL,SG,41.0,32.0,1199.0,0.485,17.5,0.381,0.155,0.149,0.053,0.024,0.619,0.531,0.707,0.375,0.45,0.556,0.457,0.526,0.943,0.045,16.0,0.422,0.49,0.0,0.0,
70.0,Derik Queen,21.0,NOP,C,46.0,34.0,1196.0,0.49,7.7,0.906,0.412,0.303,0.096,0.096,0.094,0.521,0.654,0.419,0.395,0.395,0.19,0.377,0.75,0.091,36.0,0.286,0.25,0.0,0.0,
71.0,Saddiq Bey,26.0,NOP,SF,40.0,32.0,1195.0,0.45,13.4,0.581,0.289,0.188,0.074,0.029,0.419,0.534,0.607,0.495,0.444,0.286,0.335,0.467,0.926,0.054,26.0,0.33,0.299,0.0,0.0,
72.0,Myles Turner,29.0,MIL,C,42.0,42.0,1190.0,0.426,18.3,0.398,0.15,0.135,0.068,0.045,0.602,0.484,0.633,0.389,0.333,0.5,0.388,0.727,1.0,0.04,14.0,0.183,0.455,0.0,0.0,
73.0,Ivica Zubac,28.0,LAC,C,38.0,37.0,1187.0,0.603,4.1,1.0,0.47,0.448,0.083,0.0,0.0,0.603,0.707,0.508,0.515,,,0.639,,0.198,69.0,,,0.0,0.0,
74.0,Lauri Markkanen,28.0,UTA,PF,33.0,33.0,1187.0,0.483,14.0,0.595,0.205,0.26,0.078,0.052,0.405,0.563,0.737,0.521,0.451,0.265,0.365,0.725,0.948,0.091,54.0,0.213,0.482,0.0,0.0,
75.0,Duncan Robinson,31.0,DET,SF,41.0,41.0,1183.0,0.438,21.2,0.21,0.074,0.111,0.021,0.003,0.79,0.57,0.714,0.524,0.375,0.0,0.403,0.711,0.967,0.003,1.0,0.268,0.388,0.0,0.0,
76.0,Jimmy Butler,36.0,GSW,SF,38.0,38.0,1182.0,0.519,9.3,0.816,0.342,0.303,0.121,0.05,0.184,0.552,0.741,0.479,0.375,0.13,0.376,0.505,0.719,0.067,30.0,0.435,0.432,0.0,0.0,
77.0,Naz Reid,26.0,MIN,C,45.0,2.0,1181.0,0.474,16.4,0.455,0.146,0.237,0.067,0.004,0.545,0.572,0.763,0.512,0.371,0.5,0.392,0.541,0.946,0.029,11.0,0.346,0.429,1.0,0.0,
78.0,A.J. Green,26.0,MIL,SG,40.0,40.0,1181.0,0.445,24.0,0.094,0.023,0.019,0.032,0.019,0.906,0.517,0.571,0.5,0.6,0.333,0.437,0.667,0.943,0.0,0.0,0.276,0.558,0.0,0.0,
79.0,Cason Wallace,22.0,OKC,SG,44.0,35.0,1171.0,0.412,16.0,0.432,0.214,0.173,0.031,0.014,0.568,0.472,0.635,0.333,0.222,0.25,0.365,0.517,0.984,0.065,15.0,0.341,0.404,0.0,0.0,
80.0,De'Aaron Fox,28.0,SAS,PG,36.0,36.0,1171.0,0.479,14.8,0.617,0.18,0.217,0.147,0.072,0.383,0.556,0.686,0.52,0.458,0.537,0.355,0.278,0.584,0.009,4.0,0.194,0.476,0.0,0.0,
81.0,Jake LaRavia,24.0,LAL,PF,43.0,22.0,1170.0,0.462,14.1,0.532,0.244,0.225,0.054,0.009,0.468,0.565,0.74,0.437,0.353,0.333,0.345,0.663,1.0,0.066,20.0,0.426,0.333,1.0,0.0,
82.0,Chet Holmgren,23.0,OKC,PF,40.0,40.0,1168.0,0.572,11.7,0.691,0.331,0.225,0.091,0.044,0.309,0.656,0.801,0.538,0.488,0.524,0.384,0.626,0.946,0.184,81.0,0.158,0.261,0.0,0.0,
83.0,Davion Mitchell,27.0,MIA,PG,40.0,40.0,1167.0,0.47,13.4,0.622,0.22,0.289,0.066,0.046,0.378,0.513,0.537,0.534,0.4,0.429,0.4,0.33,0.826,0.0,0.0,0.104,0.083,0.0,0.0,
84.0,Michael Porter Jr.,27.0,BRK,SF,35.0,34.0,1162.0,0.481,17.2,0.487,0.179,0.116,0.081,0.11,0.513,0.572,0.838,0.461,0.453,0.347,0.394,0.637,0.871,0.058,36.0,0.125,0.286,0.0,0.0,
85.0,Jaylen Wells,22.0,MEM,SG,43.0,43.0,1161.0,0.405,17.1,0.481,0.16,0.127,0.093,0.102,0.519,0.49,0.594,0.455,0.5,0.364,0.326,0.608,0.959,0.042,14.0,0.344,0.351,0.0,0.0,
86.0,Andrew Nembhard,26.0,IND,PG,36.0,36.0,1153.0,0.451,16.1,0.628,0.139,0.186,0.156,0.147,0.372,0.502,0.681,0.467,0.494,0.384,0.364,0.333,0.701,0.006,2.0,0.076,0.214,0.0,0.0,
87.0,Donovan Clingan,21.0,POR,C,42.0,42.0,1151.0,0.535,11.1,0.641,0.426,0.191,0.006,0.018,0.359,0.661,0.71,0.554,0.5,0.667,0.311,0.597,0.947,0.194,61.0,0.107,0.154,0.0,0.0,
88.0,Jaime Jaquez Jr.,24.0,MIA,SF,40.0,1.0,1151.0,0.517,8.2,0.854,0.313,0.433,0.079,0.029,0.146,0.559,0.74,0.438,0.5,0.571,0.271,0.441,1.0,0.033,15.0,0.371,0.385,0.0,0.0,
89.0,Santi Aldama,25.0,MEM,PF,41.0,9.0,1147.0,0.478,14.1,0.577,0.207,0.253,0.086,0.031,0.423,0.573,0.723,0.513,0.513,0.214,0.349,0.82,0.985,0.044,20.0,0.255,0.551,0.0,0.0,
90.0,Bam Adebayo,28.0,MIA,C,37.0,37.0,1144.0,0.45,13.0,0.696,0.171,0.283,0.186,0.057,0.304,0.493,0.611,0.463,0.48,0.333,0.35,0.635,0.964,0.076,34.0,0.369,0.322,0.0,0.0,
91.0,Stephen Curry,37.0,GSW,PG,36.0,36.0,1141.0,0.47,19.6,0.399,0.111,0.154,0.065,0.07,0.601,0.586,0.675,0.589,0.489,0.531,0.392,0.503,0.695,0.001,0.0,0.069,0.517,0.0,0.0,
92.0,Jaylon Tyson,23.0,CLE,SG,41.0,26.0,1134.0,0.512,13.0,0.565,0.317,0.2,0.036,0.012,0.435,0.553,0.606,0.518,0.4,0.2,0.459,0.692,1.0,0.067,20.0,0.453,0.463,0.0,0.0,
93.0,Sion James,23.0,CHO,SG,45.0,18.0,1131.0,0.384,16.2,0.406,0.237,0.146,0.018,0.005,0.594,0.416,0.538,0.25,0.25,0.0,0.362,0.541,0.979,0.05,9.0,0.454,0.339,0.0,0.0,
94.0,Ajay Mitchell,23.0,OKC,SG,43.0,9.0,1129.0,0.487,12.0,0.7,0.206,0.351,0.101,0.042,0.3,0.545,0.723,0.475,0.565,0.211,0.35,0.328,0.771,0.009,4.0,0.292,0.4,0.0,0.0,
95.0,John Collins,28.0,LAC,PF,41.0,32.0,1128.0,0.559,11.7,0.652,0.282,0.277,0.064,0.029,0.348,0.629,0.83,0.51,0.375,0.364,0.427,0.773,1.0,0.125,42.0,0.679,0.472,0.0,0.0,
96.0,Bruce Brown,29.0,DEN,SG,46.0,2.0,1121.0,0.453,9.7,0.774,0.331,0.317,0.101,0.024,0.226,0.491,0.758,0.297,0.345,0.0,0.323,0.606,0.952,0.017,5.0,0.431,0.429,0.0,0.0,
97.0,Stephon Castle,21.0,SAS,PG,36.0,36.0,1117.0,0.451,11.8,0.684,0.293,0.267,0.107,0.018,0.316,0.529,0.667,0.417,0.438,0.5,0.282,0.337,0.975,0.073,31.0,0.204,0.276,0.0,0.0,
98.0,Paolo Banchero,23.0,ORL,PF,33.0,33.0,1115.0,0.453,11.4,0.762,0.254,0.287,0.159,0.062,0.238,0.509,0.71,0.426,0.366,0.438,0.276,0.445,0.941,0.048,20.0,0.146,0.444,0.0,0.0,
99.0,OG Anunoby,28.0,NYK,PF,34.0,33.0,1111.0,0.453,13.7,0.535,0.333,0.125,0.058,0.02,0.465,0.551,0.692,0.36,0.348,0.0,0.339,0.686,0.984,0.168,62.0,0.495,0.402,0.0,0.0,
100.0,Nikola JokiÄ,30.0,DEN,C,32.0,32.0,1106.0,0.605,11.6,0.725,0.238,0.343,0.1,0.045,0.275,0.67,0.782,0.635,0.536,0.64,0.435,0.544,0.776,0.029,14.0,0.039,0.667,0.0,0.0,
101.0,Kyle Kuzma,30.0,MIL,PF,42.0,18.0,1102.0,0.493,11.0,0.699,0.306,0.301,0.067,0.025,0.301,0.569,0.764,0.446,0.259,0.5,0.314,0.663,0.868,0.05,17.0,0.339,0.317,0.0,0.0,
102.0,Deandre Ayton,27.0,LAL,C,38.0,38.0,1096.0,0.681,5.7,1.0,0.393,0.405,0.162,0.04,0.0,0.681,0.833,0.634,0.456,0.571,,0.833,,0.199,65.0,,,0.0,0.0,
103.0,Zach LaVine,30.0,SAC,SG,34.0,33.0,1096.0,0.486,16.8,0.526,0.158,0.181,0.064,0.123,0.474,0.565,0.776,0.529,0.516,0.373,0.399,0.608,0.802,0.058,26.0,0.211,0.5,0.0,0.0,
104.0,De'Andre Hunter,28.0,CLE,SF,41.0,23.0,1081.0,0.42,16.8,0.509,0.139,0.166,0.139,0.064,0.491,0.53,0.667,0.44,0.54,0.448,0.306,0.664,0.838,0.035,13.0,0.203,0.356,0.0,0.0,
105.0,Keldon Johnson,26.0,SAS,SF,45.0,0.0,1079.0,0.556,10.5,0.663,0.371,0.28,0.007,0.005,0.337,0.632,0.691,0.557,0.333,1.0,0.406,0.564,0.911,0.054,20.0,0.543,0.387,0.0,0.0,
106.0,Anfernee Simons,26.0,BOS,SG,44.0,0.0,1078.0,0.433,19.5,0.425,0.052,0.156,0.112,0.104,0.575,0.486,0.615,0.538,0.5,0.327,0.394,0.194,0.664,0.004,2.0,0.087,0.48,0.0,0.0,
107.0,Jarace Walker,22.0,IND,PF,46.0,14.0,1075.0,0.381,16.6,0.482,0.134,0.219,0.085,0.044,0.518,0.401,0.538,0.318,0.424,0.353,0.363,0.667,0.945,0.023,8.0,0.164,0.424,0.0,0.0,
108.0,Moses Moody,23.0,GSW,SG,44.0,33.0,1073.0,0.43,18.9,0.335,0.119,0.124,0.059,0.032,0.665,0.5,0.727,0.413,0.318,0.333,0.394,0.629,0.979,0.024,7.0,0.35,0.419,0.0,0.0,
109.0,Reed Sheppard,21.0,HOU,SG,43.0,4.0,1073.0,0.44,19.3,0.43,0.07,0.123,0.162,0.074,0.57,0.485,0.697,0.483,0.395,0.486,0.407,0.367,0.752,0.019,9.0,0.153,0.61,0.0,0.0,
110.0,Cedric Coward,22.0,MEM,SG,40.0,27.0,1065.0,0.473,13.8,0.571,0.252,0.2,0.105,0.014,0.429,0.567,0.694,0.512,0.422,0.167,0.348,0.489,0.922,0.063,23.0,0.272,0.24,0.0,0.0,
111.0,Kyshawn George,22.0,WAS,SF,34.0,34.0,1065.0,0.459,16.2,0.548,0.158,0.194,0.124,0.072,0.452,0.511,0.712,0.383,0.5,0.433,0.397,0.282,0.813,0.022,7.0,0.233,0.477,0.0,0.0,
112.0,Jamal Shead,23.0,TOR,PG,47.0,7.0,1049.0,0.366,16.8,0.456,0.168,0.197,0.078,0.013,0.544,0.404,0.577,0.295,0.333,0.25,0.333,0.351,0.893,0.003,1.0,0.185,0.226,0.0,0.0,
113.0,Neemias Queta,26.0,BOS,C,42.0,42.0,1047.0,0.657,3.8,0.986,0.567,0.365,0.047,0.007,0.014,0.667,0.758,0.584,0.308,0.0,0.0,0.753,,0.282,72.0,0.25,0.0,0.0,0.0,
114.0,Bobby Portis,30.0,MIL,PF,44.0,6.0,1042.0,0.486,16.1,0.605,0.116,0.197,0.144,0.148,0.395,0.5,0.691,0.495,0.412,0.443,0.465,0.678,0.989,0.008,4.0,0.337,0.571,0.0,0.0,
115.0,Kawhi Leonard,34.0,LAC,SF,31.0,31.0,1039.0,0.497,16.0,0.629,0.087,0.195,0.248,0.099,0.371,0.554,0.755,0.517,0.567,0.417,0.4,0.365,0.589,0.031,16.0,0.107,0.375,0.0,0.0,
116.0,Kel'el Ware,21.0,MIA,C,43.0,27.0,1023.0,0.54,10.1,0.665,0.463,0.174,0.019,0.008,0.335,0.602,0.706,0.344,0.571,0.333,0.415,0.707,1.0,0.248,82.0,0.341,0.476,0.0,0.0,
117.0,Tre Jones,26.0,CHI,PG,38.0,20.0,1020.0,0.55,8.5,0.788,0.487,0.215,0.066,0.02,0.212,0.609,0.714,0.4,0.55,0.5,0.328,0.448,0.857,0.003,1.0,0.25,0.563,0.0,0.0,
118.0,Devin Vassell,25.0,SAS,SG,32.0,32.0,1020.0,0.422,19.3,0.437,0.073,0.07,0.181,0.113,0.563,0.477,0.621,0.357,0.472,0.467,0.379,0.59,0.929,0.028,9.0,0.214,0.354,0.0,0.0,
119.0,Jalen Duren,22.0,DET,C,36.0,36.0,1019.0,0.627,4.0,1.0,0.473,0.465,0.04,0.022,0.0,0.627,0.732,0.551,0.188,0.778,,0.615,,0.266,102.0,,,0.0,0.0,
120.0,Draymond Green,35.0,GSW,PF,38.0,38.0,1014.0,0.426,16.8,0.411,0.216,0.131,0.05,0.014,0.589,0.56,0.689,0.459,0.357,0.25,0.331,0.815,0.982,0.018,4.0,0.307,0.373,0.0,0.0,
121.0,Ausar Thompson,23.0,DET,SF,39.0,38.0,1012.0,0.51,6.1,0.944,0.375,0.445,0.1,0.024,0.056,0.525,0.669,0.457,0.353,0.25,0.263,0.554,1.0,0.174,51.0,0.421,0.25,0.0,0.0,
122.0,Rui Hachimura,27.0,LAL,PF,33.0,27.0,1010.0,0.502,16.1,0.56,0.175,0.11,0.155,0.12,0.44,0.566,0.704,0.382,0.563,0.541,0.419,0.755,0.965,0.058,17.0,0.441,0.417,0.0,0.0,
123.0,Josh Giddey,23.0,CHI,PG,31.0,30.0,1010.0,0.468,12.0,0.665,0.305,0.269,0.054,0.036,0.335,0.514,0.637,0.429,0.458,0.188,0.378,0.325,0.857,0.016,7.0,0.142,0.381,0.0,0.0,
124.0,Sam Hauser,28.0,BOS,PF,43.0,15.0,1008.0,0.421,24.3,0.118,0.034,0.025,0.031,0.028,0.882,0.526,0.909,0.25,0.6,0.222,0.406,0.7,0.965,0.003,1.0,0.163,0.435,0.0,0.0,
125.0,Cam Spencer,25.0,MEM,SG,42.0,11.0,1001.0,0.484,19.8,0.383,0.074,0.109,0.133,0.068,0.617,0.515,0.56,0.432,0.6,0.435,0.464,0.388,0.773,0.0,0.0,0.105,0.455,0.0,0.0,
126.0,Josh Hart,30.0,NYK,SF,33.0,18.0,1001.0,0.498,14.0,0.565,0.284,0.144,0.104,0.033,0.435,0.574,0.694,0.535,0.452,0.1,0.4,0.629,0.808,0.03,9.0,0.315,0.463,0.0,0.0,
127.0,Moussa DiabatÃ©,24.0,CHO,C,41.0,15.0,999.0,0.625,2.9,1.0,0.645,0.315,0.03,0.01,0.0,0.625,0.729,0.476,0.167,0.0,,0.648,,0.31,55.0,,,0.0,0.0,
128.0,P.J. Washington,27.0,DAL,PF,32.0,31.0,995.0,0.454,12.1,0.655,0.24,0.332,0.06,0.023,0.345,0.526,0.674,0.457,0.348,0.444,0.318,0.576,0.929,0.097,34.0,0.432,0.368,0.0,0.0,
129.0,Sandro Mamukelashvili,26.0,TOR,C,45.0,10.0,993.0,0.53,13.0,0.564,0.359,0.177,0.025,0.003,0.436,0.647,0.754,0.484,0.222,1.0,0.38,0.712,1.0,0.077,26.0,0.222,0.457,0.0,0.0,
130.0,Vit Krejci,25.0,ATL,PG,43.0,7.0,989.0,0.461,21.3,0.215,0.084,0.081,0.04,0.01,0.785,0.594,0.72,0.583,0.333,0.667,0.425,0.868,0.96,0.013,3.0,0.206,0.354,0.0,0.0,
131.0,Ayo Dosunmu,26.0,CHI,SG,38.0,7.0,989.0,0.511,12.0,0.597,0.397,0.177,0.015,0.008,0.403,0.547,0.624,0.4,0.333,0.333,0.459,0.481,0.945,0.03,9.0,0.346,0.436,1.0,1.0,
132.0,Kyle Filipowski,22.0,UTA,C,44.0,15.0,985.0,0.462,11.5,0.65,0.23,0.369,0.042,0.009,0.35,0.544,0.737,0.451,0.357,0.333,0.31,0.735,1.0,0.094,27.0,0.517,0.333,0.0,0.0,
133.0,Luguentz Dort,26.0,OKC,SF,36.0,36.0,978.0,0.393,20.6,0.272,0.107,0.066,0.07,0.029,0.728,0.541,0.759,0.167,0.526,0.625,0.338,0.725,1.0,0.033,8.0,0.237,0.34,0.0,0.0,
134.0,Marcus Smart,31.0,LAL,SG,34.0,27.0,968.0,0.407,18.5,0.366,0.125,0.139,0.081,0.022,0.634,0.55,0.765,0.395,0.455,0.667,0.324,0.473,0.893,0.004,0.0,0.283,0.449,0.0,0.0,
135.0,Gary Trent Jr.,27.0,MIL,SG,40.0,17.0,967.0,0.378,21.1,0.278,0.047,0.097,0.07,0.064,0.722,0.434,0.571,0.379,0.429,0.421,0.356,0.556,0.922,0.0,0.0,0.296,0.453,0.0,0.0,
136.0,Terance Mann,29.0,BRK,SG,38.0,35.0,966.0,0.447,13.3,0.599,0.257,0.198,0.11,0.034,0.401,0.521,0.721,0.362,0.423,0.25,0.337,0.432,0.813,0.042,7.0,0.432,0.317,0.0,0.0,
137.0,Spencer Jones,24.0,DEN,SF,41.0,29.0,963.0,0.514,15.4,0.419,0.302,0.101,0.006,0.011,0.581,0.68,0.685,0.667,1.0,0.5,0.394,0.765,1.0,0.056,10.0,0.625,0.369,0.0,0.0,
138.0,LaMelo Ball,24.0,CHO,PG,35.0,32.0,956.0,0.407,18.1,0.446,0.12,0.211,0.089,0.026,0.554,0.462,0.671,0.366,0.404,0.467,0.362,0.15,0.718,0.005,3.0,0.124,0.425,0.0,0.0,
139.0,Mark Williams,24.0,PHO,C,40.0,36.0,955.0,0.652,3.3,0.997,0.617,0.324,0.052,0.003,0.003,0.65,0.734,0.538,0.4,0.0,1.0,0.688,1.0,0.31,83.0,1.0,1.0,0.0,0.0,
140.0,Alex Sarr,20.0,WAS,C,34.0,34.0,955.0,0.502,9.7,0.8,0.268,0.406,0.094,0.032,0.2,0.542,0.784,0.429,0.455,0.2,0.344,0.673,1.0,0.129,56.0,0.097,0.333,0.0,0.0,
141.0,Dennis SchrÃ¶der,32.0,SAC,PG,36.0,12.0,953.0,0.414,15.7,0.607,0.098,0.239,0.175,0.095,0.393,0.459,0.541,0.433,0.409,0.528,0.345,0.238,0.725,0.0,0.0,0.149,0.455,0.0,0.0,
142.0,Jock Landale,30.0,MEM,C,41.0,21.0,949.0,0.525,11.4,0.667,0.336,0.246,0.065,0.02,0.333,0.589,0.639,0.575,0.435,0.429,0.398,0.683,0.979,0.054,15.0,0.212,0.4,0.0,0.0,
143.0,Klay Thompson,35.0,DAL,SF,42.0,8.0,931.0,0.389,21.5,0.277,0.055,0.049,0.075,0.097,0.723,0.416,0.6,0.409,0.324,0.386,0.379,0.827,0.952,0.0,0.0,0.226,0.419,0.0,0.0,
144.0,Ace Bailey,19.0,UTA,SF,38.0,27.0,930.0,0.452,15.6,0.572,0.166,0.183,0.084,0.139,0.428,0.529,0.721,0.522,0.323,0.431,0.35,0.73,0.945,0.128,41.0,0.318,0.3,0.0,0.0,
145.0,Egor DÑmin,19.0,BRK,PG,38.0,30.0,930.0,0.404,20.5,0.297,0.104,0.107,0.037,0.049,0.703,0.412,0.529,0.4,0.417,0.188,0.4,0.5,0.793,0.012,2.0,0.13,0.5,0.0,0.0,
146.0,Svi Mykhailiuk,28.0,UTA,SF,38.0,38.0,927.0,0.472,18.1,0.341,0.142,0.15,0.03,0.019,0.659,0.637,0.684,0.65,0.5,0.4,0.386,0.672,0.941,0.03,5.0,0.42,0.446,0.0,0.0,
147.0,Kevin Huerter,27.0,CHI,SF,39.0,10.0,926.0,0.459,15.9,0.451,0.23,0.172,0.041,0.008,0.549,0.636,0.798,0.46,0.6,0.0,0.313,0.695,0.952,0.022,8.0,0.224,0.4,0.0,0.0,
148.0,Miles McBride,25.0,NYK,SG,33.0,14.0,925.0,0.441,20.4,0.326,0.068,0.085,0.094,0.079,0.674,0.45,0.696,0.345,0.375,0.444,0.437,0.42,0.83,0.003,1.0,0.266,0.41,0.0,0.0,
149.0,Jarrett Allen,27.0,CLE,C,34.0,34.0,923.0,0.59,4.8,0.977,0.467,0.413,0.077,0.02,0.023,0.601,0.793,0.419,0.478,0.333,0.143,0.847,1.0,0.25,68.0,0.714,0.0,0.0,0.0,
150.0,Jusuf NurkiÄ,31.0,UTA,C,35.0,30.0,922.0,0.503,9.0,0.803,0.274,0.458,0.068,0.003,0.197,0.542,0.565,0.521,0.571,1.0,0.344,0.696,1.0,0.032,8.0,0.033,0.5,0.0,0.0,
151.0,Isaiah Stewart,24.0,DET,C,39.0,11.0,918.0,0.535,10.5,0.668,0.325,0.332,0.007,0.003,0.332,0.628,0.753,0.516,0.5,0.0,0.347,0.717,1.0,0.129,33.0,0.442,0.452,0.0,0.0,
152.0,Oso Ighodaro,23.0,PHO,PF,45.0,7.0,904.0,0.616,4.6,0.994,0.463,0.412,0.119,0.0,0.006,0.619,0.817,0.438,0.476,,0.0,0.789,,0.322,50.0,0.0,,0.0,0.0,
153.0,Jordan Goodwin,27.0,PHO,PG,42.0,2.0,903.0,0.405,15.9,0.483,0.244,0.126,0.072,0.04,0.517,0.47,0.588,0.386,0.28,0.357,0.344,0.443,0.887,0.014,4.0,0.35,0.317,0.0,0.0,
154.0,Tre Johnson,19.0,WAS,SG,36.0,18.0,900.0,0.448,18.5,0.481,0.06,0.185,0.193,0.043,0.519,0.508,0.727,0.456,0.493,0.5,0.393,0.5,0.813,0.011,3.0,0.168,0.469,0.0,0.0,
155.0,Isaac Okoro,25.0,CHI,SG,36.0,36.0,900.0,0.471,12.3,0.538,0.433,0.1,0.004,0.0,0.463,0.589,0.673,0.25,0.0,,0.333,0.724,0.973,0.042,10.0,0.604,0.358,0.0,0.0,
156.0,Jay Huff,27.0,IND,C,46.0,26.0,899.0,0.469,17.9,0.357,0.239,0.111,0.007,0.0,0.643,0.743,0.795,0.618,1.0,,0.316,0.815,1.0,0.144,39.0,0.128,0.16,0.0,0.0,
157.0,Zion Williamson,25.0,NOP,PF,31.0,24.0,897.0,0.58,3.7,0.993,0.562,0.383,0.044,0.005,0.007,0.584,0.718,0.407,0.474,0.0,0.0,0.455,,0.106,41.0,0.0,,0.0,0.0,
158.0,Victor Wembanyama,22.0,SAS,C,31.0,22.0,894.0,0.51,13.0,0.71,0.282,0.158,0.158,0.113,0.29,0.559,0.779,0.37,0.432,0.448,0.389,0.578,0.828,0.15,71.0,0.074,0.455,0.0,0.0,
159.0,Sidy Cissoko,21.0,POR,SF,41.0,20.0,887.0,0.391,17.4,0.372,0.172,0.163,0.019,0.019,0.628,0.5,0.649,0.429,0.0,0.25,0.326,0.675,0.932,0.079,11.0,0.37,0.42,0.0,0.0,
160.0,Zaccharie Risacher,20.0,ATL,SF,36.0,36.0,887.0,0.462,15.0,0.53,0.299,0.115,0.036,0.08,0.47,0.553,0.653,0.462,0.417,0.37,0.358,0.758,0.93,0.115,31.0,0.308,0.388,0.0,0.0,
161.0,Jerami Grant,31.0,POR,PF,30.0,14.0,883.0,0.432,14.5,0.535,0.239,0.204,0.058,0.035,0.465,0.479,0.684,0.321,0.261,0.357,0.378,0.431,0.986,0.04,14.0,0.351,0.415,0.0,0.0,
162.0,Kentavious Caldwell-Pope,32.0,MEM,SG,42.0,13.0,882.0,0.401,18.2,0.493,0.088,0.143,0.102,0.16,0.507,0.469,0.615,0.452,0.433,0.426,0.336,0.75,0.88,0.01,2.0,0.161,0.333,0.0,0.0,
163.0,Brice Sensabaugh,22.0,UTA,SF,42.0,9.0,878.0,0.449,17.4,0.451,0.106,0.179,0.127,0.04,0.549,0.602,0.725,0.618,0.438,0.733,0.322,0.699,0.91,0.05,16.0,0.288,0.417,0.0,0.0,
164.0,Giannis Antetokounmpo,31.0,MIL,PF,30.0,30.0,876.0,0.645,6.2,0.922,0.608,0.158,0.07,0.086,0.078,0.666,0.811,0.494,0.324,0.238,0.395,0.488,0.867,0.242,114.0,0.026,1.0,0.0,0.0,
165.0,Luke Kornet,30.0,SAS,C,36.0,22.0,874.0,0.667,2.1,1.0,0.816,0.161,0.023,0.0,0.0,0.667,0.711,0.429,0.75,,,0.802,,0.328,54.0,,,0.0,0.0,
166.0,Kris Murray,25.0,POR,SF,34.0,11.0,874.0,0.446,12.3,0.554,0.36,0.194,0.0,0.0,0.446,0.598,0.667,0.471,,,0.256,0.672,1.0,0.143,24.0,0.564,0.25,0.0,0.0,
167.0,Maxime Raynaud,22.0,SAC,C,38.0,24.0,873.0,0.541,8.0,0.897,0.223,0.5,0.168,0.007,0.103,0.569,0.754,0.541,0.429,0.0,0.3,0.819,0.889,0.055,16.0,0.233,0.143,0.0,0.0,
168.0,Tristan Da Silva,24.0,ORL,SF,38.0,14.0,872.0,0.439,15.6,0.498,0.164,0.226,0.082,0.026,0.502,0.5,0.68,0.464,0.28,0.375,0.379,0.618,0.966,0.066,16.0,0.359,0.473,0.0,0.0,
169.0,LeBron James,41.0,LAL,SF,26.0,26.0,865.0,0.508,12.5,0.708,0.259,0.24,0.139,0.071,0.292,0.581,0.782,0.529,0.407,0.367,0.331,0.48,0.659,0.087,35.0,0.169,0.238,0.0,0.0,
170.0,Nicolas Batum,37.0,LAC,PF,43.0,4.0,864.0,0.393,24.0,0.049,0.012,0.006,0.006,0.025,0.951,0.375,0.5,0.0,0.0,0.5,0.394,0.667,1.0,0.0,0.0,0.445,0.435,0.0,0.0,
171.0,Brandon Williams,26.0,DAL,PG,39.0,11.0,864.0,0.455,10.7,0.732,0.328,0.263,0.103,0.038,0.268,0.552,0.702,0.381,0.526,0.5,0.192,0.329,0.947,0.027,10.0,0.232,0.174,1.0,0.0,
172.0,Jordan Clarkson,33.0,NYK,SG,44.0,0.0,859.0,0.425,15.3,0.52,0.166,0.229,0.106,0.019,0.48,0.513,0.639,0.536,0.308,0.286,0.33,0.469,0.948,0.016,5.0,0.392,0.319,0.0,0.0,
173.0,Ron Holland,20.0,DET,SF,41.0,5.0,857.0,0.418,11.6,0.642,0.258,0.324,0.04,0.02,0.358,0.516,0.623,0.505,0.083,0.167,0.243,0.606,1.0,0.097,26.0,0.645,0.261,0.0,0.0,
174.0,Isaiah Collier,21.0,UTA,PG,37.0,5.0,857.0,0.508,9.7,0.779,0.217,0.471,0.088,0.004,0.221,0.556,0.788,0.487,0.333,1.0,0.34,0.337,0.722,0.008,2.0,0.321,0.294,0.0,0.0,
175.0,Pelle Larsson,24.0,MIA,SG,37.0,24.0,857.0,0.473,12.5,0.598,0.299,0.265,0.03,0.004,0.402,0.582,0.747,0.414,0.5,0.0,0.311,0.652,0.939,0.049,13.0,0.33,0.314,0.0,0.0,
176.0,Cameron Johnson,29.0,DEN,SF,28.0,28.0,857.0,0.461,16.2,0.486,0.224,0.118,0.061,0.082,0.514,0.496,0.727,0.207,0.333,0.4,0.429,0.712,0.944,0.045,10.0,0.302,0.395,0.0,0.0,
177.0,Josh Okogie,27.0,HOU,SG,43.0,27.0,855.0,0.444,14.6,0.466,0.265,0.18,0.011,0.011,0.534,0.5,0.62,0.353,0.0,0.5,0.396,0.568,1.0,0.132,18.0,0.644,0.369,0.0,0.0,
178.0,Franz Wagner,24.0,ORL,SF,26.0,26.0,854.0,0.482,11.0,0.742,0.258,0.36,0.083,0.041,0.258,0.521,0.698,0.432,0.412,0.412,0.368,0.484,0.769,0.032,11.0,0.142,0.467,0.0,0.0,
179.0,Malik Monk,27.0,SAC,SG,38.0,0.0,851.0,0.444,16.9,0.524,0.093,0.225,0.146,0.061,0.476,0.465,0.686,0.388,0.473,0.391,0.422,0.478,0.789,0.045,16.0,0.156,0.357,0.0,0.0,
180.0,Caleb Love,24.0,POR,SG,38.0,1.0,850.0,0.394,18.7,0.394,0.122,0.162,0.045,0.065,0.606,0.487,0.673,0.385,0.333,0.5,0.333,0.39,0.815,0.015,2.0,0.123,0.2,0.0,0.0,
181.0,Dean Wade,29.0,CLE,PF,37.0,16.0,842.0,0.393,19.4,0.253,0.197,0.022,0.017,0.017,0.747,0.6,0.6,0.75,0.333,0.667,0.323,0.815,0.977,0.045,7.0,0.368,0.367,0.0,0.0,
182.0,Brandon Miller,23.0,CHO,SF,28.0,28.0,841.0,0.42,16.7,0.52,0.13,0.213,0.13,0.047,0.48,0.48,0.787,0.39,0.426,0.182,0.356,0.487,0.863,0.06,26.0,0.124,0.429,0.0,0.0,
183.0,Luke Kennard,29.0,ATL,SG,41.0,0.0,838.0,0.528,19.0,0.369,0.103,0.098,0.098,0.07,0.631,0.608,0.5,0.524,0.81,0.6,0.481,0.667,0.985,0.0,0.0,0.326,0.477,0.0,0.0,
184.0,Collin Sexton,27.0,CHO,SG,36.0,12.0,836.0,0.493,13.0,0.669,0.255,0.257,0.084,0.073,0.331,0.547,0.713,0.453,0.516,0.333,0.385,0.378,0.787,0.0,0.0,0.131,0.5,0.0,0.0,
185.0,Javonte Green,32.0,DET,SG,43.0,4.0,829.0,0.447,15.7,0.447,0.219,0.194,0.017,0.017,0.553,0.547,0.654,0.478,0.0,0.5,0.366,0.793,0.979,0.093,19.0,0.374,0.51,0.0,0.0,
186.0,Grayson Allen,30.0,PHO,SG,28.0,19.0,825.0,0.422,19.9,0.321,0.107,0.175,0.03,0.008,0.679,0.521,0.718,0.438,0.273,0.667,0.375,0.508,0.817,0.016,6.0,0.141,0.4,0.0,0.0,
187.0,Quinten Post,25.0,GSW,PF,46.0,31.0,817.0,0.441,18.3,0.348,0.134,0.153,0.035,0.026,0.652,0.615,0.81,0.521,0.455,0.375,0.348,0.687,0.986,0.042,13.0,0.338,0.304,0.0,0.0,
188.0,Precious Achiuwa,26.0,SAC,C,39.0,25.0,815.0,0.515,8.0,0.81,0.363,0.401,0.042,0.004,0.19,0.557,0.674,0.495,0.2,0.0,0.333,0.598,1.0,0.118,22.0,0.489,0.273,0.0,0.0,
189.0,Austin Reaves,27.0,LAL,SG,23.0,22.0,812.0,0.507,15.9,0.544,0.158,0.239,0.118,0.029,0.456,0.626,0.831,0.596,0.5,0.273,0.365,0.307,0.645,0.005,2.0,0.1,0.471,0.0,0.0,
190.0,Ryan Kalkbrenner,24.0,CHO,C,33.0,26.0,807.0,0.772,2.5,0.987,0.766,0.222,0.0,0.0,0.013,0.782,0.835,0.6,,,0.0,0.721,,0.424,64.0,0.0,,0.0,0.0,
191.0,Dominick Barlow,22.0,PHI,PF,33.0,29.0,797.0,0.552,8.2,0.742,0.521,0.186,0.031,0.005,0.258,0.653,0.752,0.472,0.167,0.0,0.26,0.67,1.0,0.18,32.0,0.74,0.243,0.0,0.0,
192.0,Collin Murray-Boyles,20.0,TOR,PF,37.0,13.0,796.0,0.536,7.6,0.806,0.568,0.171,0.023,0.045,0.194,0.581,0.683,0.395,0.2,0.2,0.349,0.798,1.0,0.167,29.0,0.256,0.182,0.0,0.0,
193.0,Darius Garland,26.0,CLE,PG,26.0,26.0,792.0,0.451,15.9,0.565,0.162,0.207,0.135,0.061,0.435,0.521,0.607,0.5,0.49,0.435,0.36,0.378,0.61,0.0,0.0,0.128,0.333,0.0,0.0,
194.0,Ryan Dunn,23.0,PHO,SF,38.0,11.0,791.0,0.452,12.9,0.544,0.35,0.157,0.028,0.009,0.456,0.568,0.658,0.441,0.167,0.5,0.313,0.657,1.0,0.134,24.0,0.697,0.319,0.0,0.0,
195.0,Ben Sheppard,24.0,IND,SG,35.0,12.0,787.0,0.377,17.8,0.372,0.145,0.145,0.048,0.034,0.628,0.468,0.7,0.267,0.5,0.286,0.323,0.75,0.976,0.014,3.0,0.4,0.327,0.0,0.0,
196.0,Will Richard,23.0,GSW,SG,41.0,15.0,784.0,0.486,16.9,0.394,0.221,0.125,0.029,0.019,0.606,0.671,0.848,0.462,0.167,0.75,0.365,0.618,0.957,0.038,8.0,0.444,0.393,0.0,0.0,
197.0,Nique Clifford,23.0,SAC,SG,42.0,3.0,779.0,0.401,15.5,0.547,0.137,0.25,0.108,0.052,0.453,0.491,0.793,0.434,0.304,0.364,0.292,0.561,0.929,0.047,7.0,0.354,0.353,0.0,0.0,
198.0,Jose Alvarado,27.0,NOP,PG,35.0,0.0,776.0,0.424,18.4,0.349,0.13,0.164,0.046,0.008,0.651,0.542,0.71,0.436,0.545,0.0,0.361,0.489,0.696,0.0,0.0,0.29,0.333,0.0,0.0,
199.0,Gradey Dick,22.0,TOR,SG,47.0,1.0,774.0,0.425,16.5,0.463,0.216,0.108,0.085,0.054,0.537,0.558,0.732,0.5,0.273,0.429,0.309,0.881,1.0,0.058,14.0,0.36,0.44,0.0,0.0,
200.0,Kevin Porter Jr.,25.0,MIL,PG,23.0,22.0,773.0,0.443,14.2,0.647,0.223,0.197,0.103,0.123,0.353,0.49,0.672,0.373,0.323,0.486,0.358,0.263,0.658,0.053,14.0,0.208,0.364,0.0,0.0,
201.0,Bennedict Mathurin,23.0,IND,SF,24.0,24.0,772.0,0.423,16.3,0.543,0.18,0.167,0.098,0.098,0.457,0.471,0.596,0.358,0.484,0.419,0.366,0.519,0.698,0.022,6.0,0.159,0.522,0.0,0.0,
202.0,Tobias Harris,33.0,DET,PF,28.0,28.0,768.0,0.455,13.7,0.622,0.167,0.291,0.13,0.033,0.378,0.532,0.56,0.494,0.615,0.4,0.327,0.515,0.973,0.054,15.0,0.363,0.366,0.0,0.0,
203.0,Aaron Nesmith,26.0,IND,SF,25.0,22.0,761.0,0.359,17.6,0.434,0.151,0.148,0.076,0.059,0.566,0.371,0.478,0.378,0.304,0.167,0.349,0.816,0.967,0.033,5.0,0.25,0.419,0.0,0.0,
204.0,Justin Champagnie,24.0,WAS,SF,41.0,10.0,758.0,0.502,10.7,0.644,0.427,0.213,0.004,0.0,0.356,0.607,0.719,0.396,0.0,,0.313,0.602,1.0,0.102,19.0,0.35,0.25,0.0,0.0,
205.0,Dylan Harper,19.0,SAS,SG,35.0,0.0,745.0,0.436,10.6,0.724,0.394,0.203,0.085,0.042,0.276,0.51,0.608,0.418,0.286,0.5,0.242,0.32,0.864,0.033,11.0,0.231,0.381,0.0,0.0,
206.0,Kobe Sanders,23.0,LAC,SG,36.0,8.0,744.0,0.442,16.4,0.518,0.162,0.162,0.102,0.091,0.482,0.49,0.719,0.438,0.3,0.389,0.389,0.64,0.973,0.071,14.0,0.326,0.516,0.0,0.0,
207.0,Day'Ron Sharpe,24.0,BRK,C,41.0,3.0,742.0,0.603,6.0,0.853,0.554,0.294,0.0,0.005,0.147,0.672,0.788,0.467,,0.0,0.2,0.521,1.0,0.162,29.0,0.3,0.333,0.0,0.0,
208.0,Jordan Walsh,21.0,BOS,PF,39.0,20.0,741.0,0.558,12.3,0.571,0.397,0.154,0.019,0.0,0.429,0.652,0.774,0.375,0.333,,0.433,0.569,1.0,0.167,20.0,0.388,0.423,0.0,0.0,
209.0,Walter Clayton,22.0,UTA,PG,40.0,0.0,739.0,0.408,17.8,0.438,0.082,0.24,0.069,0.047,0.562,0.539,0.474,0.5,0.688,0.636,0.305,0.418,0.725,0.009,2.0,0.092,0.167,0.0,0.0,
210.0,Dru Smith,28.0,MIA,SG,44.0,1.0,735.0,0.408,13.5,0.578,0.22,0.303,0.046,0.009,0.422,0.476,0.646,0.364,0.4,0.5,0.315,0.45,0.897,0.0,0.0,0.348,0.375,0.0,0.0,
211.0,Patrick Williams,24.0,CHI,PF,40.0,1.0,735.0,0.378,16.4,0.466,0.189,0.21,0.05,0.017,0.534,0.351,0.489,0.2,0.417,0.5,0.402,0.359,0.902,0.034,4.0,0.181,0.565,0.0,0.0,
212.0,Isaiah Joe,26.0,OKC,SG,37.0,1.0,735.0,0.437,22.2,0.186,0.069,0.036,0.04,0.04,0.814,0.609,0.647,0.667,0.6,0.5,0.398,0.929,0.975,0.012,3.0,0.274,0.527,0.0,0.0,
213.0,Yves Missi,21.0,NOP,C,39.0,7.0,734.0,0.543,2.8,0.994,0.671,0.289,0.029,0.006,0.006,0.547,0.647,0.36,0.2,0.0,0.0,0.585,,0.231,30.0,0.0,,0.0,0.0,
214.0,Khris Middleton,34.0,WAS,SF,30.0,30.0,734.0,0.422,15.7,0.667,0.116,0.159,0.221,0.171,0.333,0.477,0.6,0.341,0.509,0.477,0.314,0.366,0.815,0.0,0.0,0.256,0.318,0.0,0.0,
215.0,Steven Adams,32.0,HOU,C,32.0,11.0,730.0,0.504,2.6,1.0,0.655,0.309,0.036,0.0,0.0,0.504,0.582,0.349,0.4,,,0.514,,0.129,13.0,,,0.0,0.0,
216.0,Ziaire Williams,24.0,BRK,SF,32.0,4.0,729.0,0.407,18.8,0.292,0.178,0.085,0.025,0.004,0.708,0.652,0.786,0.45,0.5,0.0,0.305,0.622,0.98,0.072,16.0,0.329,0.255,0.0,0.0,
217.0,Craig Porter Jr.,25.0,CLE,PG,41.0,2.0,728.0,0.465,12.7,0.651,0.279,0.198,0.163,0.012,0.349,0.5,0.75,0.294,0.286,1.0,0.4,0.536,0.792,0.041,7.0,0.267,0.438,0.0,0.0,
218.0,Joel Embiid,31.0,PHI,C,24.0,24.0,727.0,0.479,13.1,0.77,0.252,0.136,0.199,0.182,0.23,0.544,0.644,0.482,0.488,0.52,0.263,0.607,0.88,0.027,7.0,0.053,0.2,0.0,0.0,
219.0,Paul George,35.0,PHI,PF,24.0,24.0,723.0,0.419,17.7,0.51,0.13,0.101,0.159,0.12,0.49,0.465,0.625,0.419,0.347,0.486,0.371,0.356,0.786,0.013,3.0,0.232,0.429,0.0,0.0,
220.0,Mike Conley,38.0,MIN,PG,39.0,8.0,721.0,0.338,20.4,0.256,0.075,0.113,0.05,0.019,0.744,0.341,0.5,0.222,0.375,0.333,0.336,0.786,0.95,0.0,0.0,0.294,0.4,0.0,0.0,
221.0,RJ Barrett,25.0,TOR,SF,24.0,24.0,720.0,0.494,12.2,0.629,0.313,0.253,0.06,0.003,0.371,0.584,0.688,0.5,0.429,0.0,0.341,0.547,0.977,0.049,16.0,0.225,0.345,0.0,0.0,
222.0,Mouhamed Gueye,23.0,ATL,PF,45.0,4.0,719.0,0.439,13.0,0.567,0.289,0.193,0.07,0.016,0.433,0.566,0.815,0.417,0.077,0.0,0.272,0.767,1.0,0.193,32.0,0.704,0.246,0.0,0.0,
223.0,Aaron Wiggins,27.0,OKC,SG,31.0,11.0,718.0,0.454,15.5,0.457,0.234,0.178,0.037,0.007,0.543,0.528,0.667,0.375,0.4,0.5,0.39,0.677,0.877,0.037,10.0,0.315,0.391,0.0,0.0,
224.0,Jalen Smith,25.0,CHI,C,37.0,7.0,717.0,0.466,15.2,0.455,0.325,0.108,0.0,0.022,0.545,0.595,0.711,0.333,,0.167,0.358,0.787,1.0,0.065,16.0,0.225,0.412,0.0,0.0,
225.0,Jalen Williams,24.0,OKC,SG,24.0,24.0,711.0,0.47,10.3,0.821,0.274,0.268,0.22,0.06,0.179,0.507,0.707,0.444,0.405,0.25,0.3,0.329,0.778,0.068,21.0,0.15,0.333,0.0,0.0,
226.0,Jordan Poole,26.0,NOP,PG,28.0,6.0,710.0,0.37,18.6,0.376,0.16,0.148,0.038,0.03,0.624,0.425,0.519,0.38,0.308,0.3,0.336,0.389,0.704,0.003,1.0,0.09,0.526,0.0,0.0,
227.0,Simone Fontecchio,30.0,MIA,SF,42.0,1.0,701.0,0.404,19.1,0.3,0.146,0.122,0.014,0.017,0.7,0.477,0.571,0.429,0.0,0.4,0.373,0.707,0.973,0.014,3.0,0.289,0.466,1.0,0.0,
228.0,Andre Drummond,32.0,PHI,C,35.0,16.0,701.0,0.497,7.4,0.756,0.57,0.181,0.005,0.0,0.244,0.541,0.591,0.371,1.0,,0.362,0.468,1.0,0.124,19.0,0.723,0.382,0.0,0.0,
229.0,Marvin Bagley III,26.0,WAS,PF,36.0,7.0,696.0,0.619,4.8,0.922,0.58,0.329,0.009,0.004,0.078,0.638,0.746,0.447,0.5,1.0,0.389,0.596,1.0,0.229,53.0,0.167,0.333,0.0,0.0,
230.0,Tyus Jones,29.0,ORL,PG,43.0,8.0,691.0,0.336,19.3,0.349,0.054,0.188,0.087,0.02,0.651,0.442,0.5,0.429,0.462,0.333,0.278,0.565,0.852,0.0,0.0,0.216,0.333,0.0,0.0,
231.0,Keegan Murray,25.0,SAC,PF,19.0,18.0,683.0,0.429,15.3,0.645,0.093,0.259,0.22,0.073,0.355,0.515,0.708,0.597,0.404,0.316,0.272,0.523,0.96,0.039,10.0,0.174,0.188,0.0,0.0,
232.0,Kelly Oubre Jr.,30.0,PHI,SF,21.0,16.0,679.0,0.489,14.4,0.55,0.255,0.199,0.065,0.03,0.45,0.575,0.627,0.565,0.4,0.571,0.385,0.521,0.925,0.056,10.0,0.288,0.533,0.0,0.0,
233.0,Herbert Jones,27.0,NOP,SF,24.0,24.0,676.0,0.388,14.9,0.519,0.282,0.136,0.049,0.053,0.481,0.449,0.552,0.357,0.1,0.455,0.323,0.542,0.969,0.039,7.0,0.364,0.306,0.0,0.0,
234.0,Keon Ellis,26.0,SAC,SG,39.0,5.0,675.0,0.384,20.0,0.319,0.097,0.097,0.092,0.032,0.681,0.441,0.778,0.5,0.176,0.0,0.357,0.692,0.956,0.049,8.0,0.294,0.378,0.0,0.0,
235.0,Jarred Vanderbilt,26.0,LAL,PF,34.0,3.0,675.0,0.485,11.1,0.591,0.439,0.144,0.0,0.008,0.409,0.603,0.69,0.368,,0.0,0.315,0.596,0.941,0.167,20.0,0.963,0.327,0.0,0.0,
236.0,Bilal Coulibaly,21.0,WAS,SG,25.0,25.0,664.0,0.392,12.9,0.579,0.278,0.254,0.038,0.01,0.421,0.479,0.707,0.283,0.125,0.5,0.273,0.431,1.0,0.167,27.0,0.466,0.341,0.0,0.0,
237.0,Buddy Hield,33.0,GSW,SG,39.0,3.0,661.0,0.441,19.1,0.332,0.168,0.094,0.039,0.031,0.668,0.612,0.721,0.625,0.5,0.125,0.357,0.558,0.934,0.004,1.0,0.216,0.378,0.0,0.0,
238.0,Coby White,25.0,CHI,SG,23.0,20.0,657.0,0.455,16.1,0.474,0.273,0.12,0.039,0.042,0.526,0.568,0.69,0.405,0.583,0.231,0.352,0.301,0.842,0.003,0.0,0.123,0.5,0.0,0.0,
239.0,Tyrese Martin,26.0,BRK,SG,34.0,6.0,656.0,0.408,17.5,0.408,0.168,0.185,0.042,0.013,0.592,0.485,0.7,0.318,0.4,0.333,0.355,0.447,0.88,0.021,5.0,0.191,0.259,0.0,0.0,
240.0,Ja'Kobe Walter,21.0,TOR,SG,37.0,9.0,654.0,0.431,18.0,0.337,0.204,0.099,0.033,0.0,0.663,0.557,0.568,0.667,0.167,,0.367,0.706,1.0,0.066,10.0,0.375,0.489,0.0,0.0,
241.0,Goga Bitadze,26.0,ORL,C,39.0,1.0,652.0,0.688,3.9,0.929,0.702,0.184,0.035,0.007,0.071,0.725,0.798,0.577,0.2,0.0,0.2,0.674,1.0,0.348,45.0,0.4,0.25,0.0,0.0,
242.0,Ryan Nembhard,22.0,DAL,PG,32.0,17.0,650.0,0.452,16.9,0.644,0.068,0.169,0.205,0.201,0.356,0.482,0.733,0.432,0.422,0.5,0.397,0.235,0.742,0.0,0.0,0.128,0.2,0.0,0.0,
243.0,Isaiah Hartenstein,27.0,OKC,C,24.0,24.0,645.0,0.644,4.9,0.978,0.494,0.356,0.128,0.0,0.022,0.659,0.798,0.563,0.391,,0.0,0.819,,0.339,55.0,0.5,0.0,0.0,0.0,
244.0,Aaron Gordon,30.0,DEN,PF,23.0,20.0,642.0,0.509,13.8,0.615,0.278,0.158,0.099,0.081,0.385,0.577,0.789,0.419,0.407,0.364,0.4,0.598,0.81,0.106,27.0,0.171,0.389,0.0,0.0,
245.0,Nikola JoviÄ,22.0,MIA,PF,34.0,1.0,641.0,0.371,15.8,0.469,0.204,0.22,0.029,0.016,0.531,0.47,0.64,0.37,0.286,0.0,0.285,0.63,0.919,0.008,1.0,0.223,0.103,0.0,0.0,
246.0,Lonzo Ball,28.0,CLE,PG,30.0,3.0,636.0,0.304,22.2,0.174,0.106,0.025,0.025,0.019,0.826,0.464,0.588,0.25,0.5,0.0,0.271,0.538,0.833,0.012,1.0,0.211,0.25,0.0,0.0,
247.0,Micah Peavy,24.0,NOP,SG,39.0,1.0,627.0,0.4,12.1,0.63,0.33,0.205,0.08,0.015,0.37,0.484,0.636,0.317,0.25,0.667,0.257,0.639,1.0,0.08,14.0,0.473,0.229,0.0,0.0,
248.0,Ochai Agbaji,25.0,TOR,SG,38.0,13.0,627.0,0.422,11.2,0.614,0.434,0.163,0.012,0.006,0.386,0.569,0.667,0.296,1.0,0.0,0.188,0.776,1.0,0.133,17.0,0.516,0.212,0.0,0.0,
249.0,Brook Lopez,37.0,LAC,C,37.0,7.0,627.0,0.362,21.5,0.267,0.059,0.122,0.072,0.014,0.733,0.458,0.538,0.407,0.5,0.333,0.327,0.704,1.0,0.018,4.0,0.142,0.261,0.0,0.0,
250.0,Anthony Davis,32.0,DAL,PF,20.0,20.0,626.0,0.506,9.2,0.889,0.332,0.278,0.156,0.123,0.111,0.535,0.73,0.462,0.365,0.39,0.27,0.56,0.9,0.141,42.0,0.135,0.4,0.0,0.0,
251.0,Vince Williams Jr.,25.0,MEM,PG,29.0,11.0,625.0,0.346,18.0,0.396,0.12,0.171,0.092,0.014,0.604,0.419,0.462,0.405,0.45,0.0,0.298,0.389,0.897,0.014,2.0,0.176,0.391,0.0,0.0,
252.0,Sam Merrill,29.0,CLE,SG,24.0,15.0,619.0,0.47,22.2,0.187,0.074,0.03,0.048,0.035,0.813,0.535,0.882,0.571,0.091,0.375,0.455,0.696,0.918,0.0,0.0,0.155,0.517,0.0,0.0,
253.0,Jaxson Hayes,25.0,LAL,C,35.0,4.0,615.0,0.769,2.8,0.991,0.684,0.299,0.009,0.0,0.009,0.767,0.85,0.6,0.0,,1.0,0.764,1.0,0.564,58.0,0.0,,0.0,0.0,
254.0,Drake Powell,20.0,BRK,SG,32.0,6.0,614.0,0.451,16.3,0.506,0.173,0.123,0.16,0.049,0.494,0.585,0.714,0.45,0.538,0.625,0.313,0.438,0.84,0.037,6.0,0.263,0.19,0.0,0.0,
255.0,Caris LeVert,31.0,DET,SG,31.0,0.0,612.0,0.431,16.1,0.51,0.142,0.24,0.103,0.025,0.49,0.519,0.828,0.449,0.333,0.2,0.34,0.481,0.824,0.034,7.0,0.18,0.389,0.0,0.0,
256.0,Daniel Gafford,27.0,DAL,C,29.0,20.0,602.0,0.629,3.1,1.0,0.593,0.386,0.007,0.014,0.0,0.629,0.747,0.463,0.0,0.5,,0.636,,0.279,30.0,,,0.0,0.0,
257.0,Luka Garza,27.0,BOS,C,36.0,1.0,597.0,0.588,10.9,0.688,0.382,0.218,0.071,0.018,0.312,0.641,0.677,0.622,0.583,0.333,0.472,0.587,1.0,0.024,4.0,0.189,0.3,0.0,0.0,
258.0,Mitchell Robinson,27.0,NYK,C,31.0,13.0,597.0,0.677,0.8,1.0,0.938,0.052,0.01,0.0,0.0,0.677,0.667,0.8,1.0,,,0.477,,0.521,45.0,,,0.0,0.0,
259.0,Jaylen Clark,24.0,MIN,SG,42.0,0.0,590.0,0.433,12.4,0.582,0.319,0.206,0.057,0.0,0.418,0.537,0.622,0.517,0.125,,0.288,0.5,1.0,0.043,6.0,0.695,0.317,1.0,0.0,
260.0,Jalen Pickett,26.0,DEN,SG,31.0,13.0,586.0,0.435,18.1,0.471,0.118,0.141,0.106,0.106,0.529,0.463,0.65,0.458,0.389,0.333,0.411,0.541,0.784,0.006,1.0,0.2,0.278,0.0,0.0,
261.0,Jalen Suggs,24.0,ORL,PG,23.0,23.0,584.0,0.471,17.0,0.482,0.167,0.16,0.105,0.051,0.518,0.621,0.791,0.537,0.519,0.538,0.331,0.325,0.841,0.023,5.0,0.128,0.412,0.0,0.0,
262.0,Hugo GonzÃ¡lez,19.0,BOS,SF,39.0,2.0,583.0,0.512,13.0,0.567,0.291,0.236,0.016,0.024,0.433,0.611,0.757,0.5,0.0,0.333,0.382,0.591,1.0,0.063,7.0,0.436,0.375,0.0,0.0,
263.0,Alex Caruso,31.0,OKC,SG,32.0,0.0,582.0,0.417,16.5,0.387,0.214,0.149,0.024,0.0,0.613,0.6,0.722,0.4,0.75,,0.301,0.769,1.0,0.036,5.0,0.427,0.227,0.0,0.0,
264.0,Daniss Jenkins,24.0,DET,PG,35.0,7.0,572.0,0.429,15.3,0.597,0.128,0.252,0.15,0.066,0.403,0.452,0.655,0.439,0.353,0.333,0.396,0.262,0.889,0.027,5.0,0.209,0.474,1.0,1.0,
265.0,Adem Bona,22.0,PHI,C,34.0,3.0,571.0,0.593,3.0,0.938,0.765,0.16,0.012,0.0,0.062,0.605,0.645,0.462,0.0,,0.4,0.587,1.0,0.358,22.0,0.8,0.25,0.0,0.0,
266.0,Isaiah Jackson,24.0,IND,C,33.0,14.0,569.0,0.583,3.3,0.993,0.629,0.325,0.02,0.02,0.007,0.587,0.674,0.49,0.0,0.0,0.0,0.614,,0.159,20.0,0.0,,0.0,0.0,
267.0,Ja Morant,26.0,MEM,PG,20.0,20.0,569.0,0.41,12.5,0.736,0.227,0.258,0.177,0.075,0.264,0.473,0.658,0.41,0.404,0.292,0.235,0.241,0.7,0.031,9.0,0.141,0.5,0.0,0.0,
268.0,T.J. McConnell,33.0,IND,PG,33.0,0.0,568.0,0.529,12.2,0.874,0.137,0.255,0.327,0.155,0.126,0.56,0.658,0.521,0.549,0.558,0.314,0.287,0.909,0.0,0.0,0.143,0.6,0.0,0.0,
269.0,Bryce McGowens,23.0,NOP,SG,29.0,11.0,563.0,0.477,11.8,0.641,0.314,0.248,0.065,0.013,0.359,0.5,0.604,0.342,0.5,1.0,0.436,0.51,0.917,0.072,7.0,0.455,0.44,0.0,0.0,
270.0,Nae'Qwan Tomlin,25.0,CLE,PF,35.0,2.0,561.0,0.475,10.0,0.641,0.541,0.088,0.011,0.0,0.359,0.621,0.673,0.375,0.0,,0.215,0.667,0.929,0.215,32.0,0.631,0.22,0.0,0.0,
271.0,Jaylin Williams,23.0,OKC,PF,31.0,4.0,558.0,0.365,21.0,0.223,0.122,0.054,0.02,0.027,0.777,0.576,0.667,0.25,1.0,0.5,0.304,0.895,1.0,0.034,4.0,0.226,0.192,0.0,0.0,
272.0,Cody Williams,21.0,UTA,SG,32.0,9.0,557.0,0.463,11.0,0.652,0.274,0.354,0.012,0.012,0.348,0.589,0.711,0.5,1.0,0.0,0.228,0.841,1.0,0.152,20.0,0.702,0.275,0.0,0.0,
273.0,Danny Wolf,21.0,BRK,PF,29.0,4.0,553.0,0.399,14.0,0.545,0.283,0.217,0.02,0.025,0.455,0.426,0.571,0.302,0.0,0.2,0.367,0.587,0.909,0.03,5.0,0.244,0.364,0.0,0.0,
274.0,Gary Payton II,33.0,GSW,SG,43.0,1.0,549.0,0.542,8.8,0.729,0.48,0.237,0.011,0.0,0.271,0.636,0.753,0.405,0.5,,0.292,0.829,0.929,0.124,20.0,0.438,0.381,0.0,0.0,
275.0,Tari Eason,24.0,HOU,PF,23.0,9.0,546.0,0.475,15.0,0.525,0.235,0.171,0.078,0.041,0.475,0.482,0.647,0.459,0.176,0.222,0.466,0.345,0.979,0.051,10.0,0.495,0.549,1.0,1.0,
276.0,Jakob Poeltl,30.0,TOR,C,21.0,21.0,531.0,0.693,3.7,1.0,0.622,0.244,0.134,0.0,0.0,0.693,0.81,0.516,0.471,,,0.807,,0.087,11.0,,,0.0,0.0,
277.0,Jared McCain,21.0,PHI,SG,31.0,1.0,519.0,0.354,16.0,0.523,0.205,0.159,0.103,0.056,0.477,0.382,0.525,0.258,0.4,0.182,0.323,0.333,0.867,0.0,0.0,0.258,0.375,0.0,0.0,
278.0,Jrue Holiday,35.0,POR,PG,18.0,16.0,519.0,0.45,16.6,0.485,0.143,0.199,0.108,0.035,0.515,0.545,0.697,0.522,0.36,0.625,0.361,0.328,0.488,0.009,2.0,0.126,0.4,0.0,0.0,
279.0,Tyler Kolek,24.0,NYK,PG,39.0,1.0,518.0,0.43,14.5,0.575,0.212,0.235,0.106,0.022,0.425,0.505,0.658,0.405,0.421,0.5,0.329,0.365,0.76,0.0,0.0,0.145,0.455,0.0,0.0,
280.0,Josh Minott,23.0,BOS,PF,29.0,10.0,510.0,0.504,15.9,0.443,0.237,0.168,0.031,0.008,0.557,0.586,0.806,0.364,0.25,0.0,0.438,0.676,0.969,0.153,16.0,0.329,0.375,0.0,0.0,
281.0,Jabari Walker,23.0,PHI,PF,40.0,6.0,509.0,0.417,12.2,0.568,0.409,0.121,0.023,0.015,0.432,0.547,0.63,0.375,0.0,0.5,0.246,0.439,1.0,0.068,8.0,0.491,0.25,0.0,0.0,
282.0,Al Horford,39.0,GSW,C,26.0,1.0,509.0,0.391,20.1,0.292,0.037,0.18,0.056,0.019,0.708,0.489,0.333,0.483,0.556,0.667,0.351,0.783,1.0,0.0,0.0,0.263,0.4,0.0,0.0,
283.0,Gary Harris,31.0,MIL,SG,34.0,2.0,505.0,0.485,17.3,0.382,0.103,0.191,0.074,0.015,0.618,0.5,0.857,0.308,0.6,0.0,0.476,0.692,1.0,0.0,0.0,0.69,0.517,0.0,0.0,
284.0,Baylor Scheierman,25.0,BOS,SG,39.0,3.0,503.0,0.462,21.2,0.22,0.088,0.077,0.055,0.0,0.78,0.6,0.625,0.429,0.8,,0.423,0.667,1.0,0.022,2.0,0.38,0.63,0.0,0.0,
285.0,Johnny Furphy,21.0,IND,SG,28.0,14.0,500.0,0.492,13.7,0.517,0.271,0.229,0.0,0.017,0.483,0.607,0.75,0.481,,0.0,0.368,0.757,1.0,0.119,14.0,0.491,0.357,0.0,0.0,
286.0,Robert Williams,28.0,POR,C,31.0,1.0,497.0,0.726,4.8,0.894,0.664,0.186,0.035,0.009,0.106,0.782,0.827,0.667,0.5,1.0,0.25,0.696,1.0,0.549,53.0,0.75,0.222,0.0,0.0,
287.0,D'Angelo Russell,29.0,DAL,PG,26.0,3.0,495.0,0.405,17.3,0.517,0.086,0.194,0.159,0.078,0.483,0.508,0.65,0.511,0.486,0.389,0.295,0.295,0.758,0.0,0.0,0.152,0.118,0.0,0.0,
288.0,Corey Kispert,26.0,2TM,SF,26.0,5.0,494.0,0.467,17.7,0.365,0.186,0.15,0.03,0.0,0.635,0.623,0.806,0.36,0.8,,0.377,0.737,0.975,0.03,5.0,0.198,0.429,0.0,0.0,
288.0,Corey Kispert,26.0,WAS,SF,19.0,2.0,370.0,0.496,18.0,0.361,0.193,0.151,0.017,0.0,0.639,0.674,0.783,0.5,1.0,,0.395,0.759,0.967,0.025,3.0,0.211,0.375,0.0,0.0,
288.0,Corey Kispert,26.0,ATL,SF,7.0,3.0,124.0,0.396,17.4,0.375,0.167,0.146,0.063,0.0,0.625,0.5,0.875,0.0,0.667,,0.333,0.667,1.0,0.042,2.0,0.167,0.6,0.0,0.0,
289.0,Jordan Hawkins,23.0,NOP,SG,35.0,0.0,493.0,0.32,19.6,0.45,0.083,0.059,0.077,0.231,0.55,0.342,0.5,0.1,0.385,0.333,0.301,0.731,0.893,0.036,1.0,0.226,0.476,0.0,0.0,
290.0,Bones Hyland,25.0,MIN,PG,36.0,3.0,491.0,0.447,18.1,0.383,0.191,0.096,0.053,0.043,0.617,0.597,0.75,0.333,0.7,0.375,0.353,0.349,0.756,0.0,0.0,0.129,0.4,0.0,0.0,
291.0,Will Riley,19.0,WAS,SF,35.0,0.0,489.0,0.409,14.2,0.616,0.177,0.299,0.091,0.049,0.384,0.505,0.793,0.408,0.533,0.0,0.254,0.529,0.875,0.061,9.0,0.159,0.2,0.0,0.0,
292.0,Cam Thomas,24.0,BRK,SG,20.0,8.0,486.0,0.395,15.6,0.628,0.113,0.214,0.177,0.124,0.372,0.431,0.567,0.333,0.511,0.364,0.333,0.375,0.576,0.004,1.0,0.091,0.333,0.0,0.0,
293.0,Jonathan Kuminga,23.0,GSW,PF,20.0,13.0,476.0,0.454,11.1,0.727,0.247,0.33,0.119,0.031,0.273,0.504,0.625,0.5,0.348,0.167,0.321,0.465,0.941,0.129,21.0,0.34,0.389,0.0,0.0,
294.0,Tidjane SalaÃ¼n,20.0,CHO,PF,29.0,0.0,475.0,0.515,14.8,0.493,0.276,0.216,0.0,0.0,0.507,0.591,0.784,0.345,,,0.441,0.718,0.967,0.067,8.0,0.294,0.6,0.0,0.0,
295.0,Jaden Ivey,23.0,DET,SG,28.0,2.0,475.0,0.46,16.7,0.503,0.139,0.209,0.107,0.048,0.497,0.553,0.577,0.513,0.5,0.778,0.366,0.577,0.882,0.016,3.0,0.183,0.353,0.0,0.0,
296.0,Justin Edwards,22.0,PHI,SF,33.0,5.0,474.0,0.384,19.2,0.342,0.11,0.137,0.068,0.027,0.658,0.48,0.688,0.4,0.2,0.75,0.333,0.542,0.938,0.027,4.0,0.208,0.35,0.0,0.0,
297.0,Tre Mann,24.0,CHO,PG,28.0,1.0,473.0,0.372,17.3,0.484,0.13,0.202,0.117,0.036,0.516,0.426,0.621,0.356,0.269,0.625,0.322,0.261,0.676,0.009,2.0,0.183,0.429,0.0,0.0,
298.0,Cole Anthony,25.0,MIL,PG,31.0,0.0,468.0,0.448,14.2,0.692,0.129,0.259,0.219,0.085,0.308,0.504,0.654,0.481,0.477,0.412,0.323,0.2,0.7,0.01,0.0,0.226,0.429,0.0,0.0,
299.0,Taylor Hendricks,22.0,UTA,PF,31.0,6.0,466.0,0.47,14.6,0.462,0.214,0.222,0.026,0.0,0.538,0.593,0.68,0.462,1.0,,0.365,0.844,1.0,0.103,12.0,0.587,0.432,0.0,0.0,
300.0,Jonas ValanÄiÅ«nas,33.0,DEN,C,34.0,2.0,460.0,0.585,7.6,0.937,0.29,0.43,0.169,0.048,0.063,0.608,0.617,0.652,0.571,0.3,0.231,0.576,1.0,0.068,10.0,0.0,,0.0,0.0,
301.0,Rayan Rupert,21.0,POR,SG,39.0,0.0,459.0,0.354,14.4,0.531,0.212,0.221,0.08,0.018,0.469,0.433,0.583,0.28,0.556,0.0,0.264,0.5,0.929,0.018,1.0,0.396,0.143,0.0,0.0,
302.0,Gabe Vincent,29.0,LAL,PG,23.0,7.0,455.0,0.336,22.6,0.215,0.019,0.075,0.093,0.028,0.785,0.217,0.5,0.25,0.2,0.0,0.369,0.4,0.903,0.0,0.0,0.274,0.478,0.0,0.0,
303.0,Dwight Powell,34.0,DAL,C,31.0,6.0,454.0,0.681,2.3,1.0,0.766,0.213,0.0,0.021,0.0,0.681,0.667,0.7,,1.0,,0.875,,0.128,4.0,,,0.0,0.0,
304.0,Domantas Sabonis,29.0,SAC,C,15.0,11.0,454.0,0.528,7.0,0.864,0.409,0.358,0.091,0.006,0.136,0.579,0.694,0.413,0.75,0.0,0.208,0.705,1.0,0.114,20.0,0.208,0.2,0.0,0.0,
305.0,Zeke Nnaji,25.0,DEN,PF,33.0,2.0,453.0,0.487,11.3,0.646,0.434,0.15,0.027,0.035,0.354,0.603,0.714,0.412,0.0,0.5,0.275,0.818,1.0,0.168,17.0,0.325,0.308,0.0,0.0,
306.0,Dalton Knecht,24.0,LAL,SF,36.0,1.0,450.0,0.437,18.4,0.397,0.146,0.106,0.119,0.026,0.603,0.617,0.773,0.5,0.556,0.5,0.319,0.703,0.966,0.079,10.0,0.253,0.304,0.0,0.0,
307.0,Caleb Martin,30.0,DAL,SF,38.0,4.0,449.0,0.43,10.9,0.721,0.395,0.174,0.058,0.093,0.279,0.516,0.735,0.2,0.2,0.375,0.208,0.5,1.0,0.105,7.0,0.708,0.235,0.0,0.0,
308.0,Keaton Wallace,26.0,ATL,PG,36.0,2.0,440.0,0.421,20.2,0.383,0.03,0.12,0.173,0.06,0.617,0.451,0.5,0.5,0.478,0.25,0.402,0.391,0.909,0.008,1.0,0.085,0.571,0.0,0.0,
309.0,Karlo MatkoviÄ,24.0,NOP,PF,34.0,2.0,436.0,0.624,9.5,0.675,0.504,0.162,0.009,0.0,0.325,0.722,0.864,0.316,0.0,,0.421,0.789,0.938,0.385,40.0,0.368,0.5,0.0,0.0,
310.0,Jericho Sims,27.0,MIL,C,31.0,4.0,434.0,0.837,2.5,1.0,0.796,0.122,0.082,0.0,0.0,0.837,0.897,0.667,0.5,,,0.829,,0.571,25.0,,,0.0,0.0,
311.0,Kevin Love,37.0,UTA,PF,25.0,4.0,433.0,0.399,19.4,0.301,0.154,0.084,0.042,0.021,0.699,0.488,0.409,0.583,0.5,0.667,0.36,0.571,1.0,0.0,0.0,0.17,0.529,0.0,0.0,
312.0,Clint Capela,31.0,HOU,C,37.0,1.0,430.0,0.531,2.5,1.0,0.699,0.283,0.018,0.0,0.0,0.531,0.595,0.406,0.0,,,0.6,,0.239,22.0,,,0.0,0.0,
313.0,Nolan TraorÃ©,19.0,BRK,PG,23.0,0.0,427.0,0.343,15.1,0.515,0.172,0.261,0.075,0.007,0.485,0.362,0.391,0.371,0.3,0.0,0.323,0.44,0.905,0.0,0.0,0.277,0.333,0.0,0.0,
314.0,Jordan Miller,26.0,LAC,SF,23.0,0.0,422.0,0.516,12.6,0.619,0.23,0.325,0.063,0.0,0.381,0.59,0.724,0.537,0.375,,0.396,0.5,1.0,0.016,2.0,0.396,0.368,0.0,0.0,
315.0,Drew Eubanks,28.0,SAC,C,30.0,11.0,420.0,0.6,6.1,0.964,0.345,0.473,0.127,0.018,0.036,0.613,0.842,0.481,0.571,0.0,0.25,0.831,1.0,0.255,24.0,0.75,0.333,0.0,0.0,
316.0,Aaron Holiday,29.0,HOU,PG,30.0,1.0,420.0,0.4,20.3,0.31,0.055,0.138,0.097,0.021,0.69,0.444,0.5,0.7,0.143,0.0,0.38,0.35,0.947,0.0,0.0,0.32,0.469,0.0,0.0,
317.0,De'Anthony Melton,27.0,GSW,PG,20.0,0.0,417.0,0.433,15.1,0.524,0.102,0.348,0.048,0.027,0.476,0.551,0.842,0.477,0.556,0.4,0.303,0.389,0.926,0.0,0.0,0.337,0.367,0.0,0.0,
318.0,Tony Bradley,28.0,IND,C,38.0,3.0,416.0,0.557,4.6,0.981,0.509,0.377,0.038,0.057,0.019,0.558,0.667,0.425,0.5,0.5,0.5,0.69,1.0,0.075,7.0,1.0,0.5,0.0,0.0,
319.0,Kristaps PorziÅÄ£is,30.0,ATL,C,17.0,12.0,413.0,0.457,15.8,0.59,0.181,0.171,0.119,0.119,0.41,0.524,0.632,0.472,0.48,0.48,0.36,0.615,1.0,0.09,17.0,0.174,0.667,0.0,0.0,
320.0,Pat Spencer,29.0,GSW,PG,30.0,3.0,411.0,0.408,12.8,0.691,0.151,0.336,0.178,0.026,0.309,0.429,0.739,0.353,0.296,0.5,0.362,0.289,0.824,0.013,2.0,0.255,0.25,0.0,0.0,
321.0,Derrick Jones Jr.,28.0,LAC,SF,17.0,13.0,411.0,0.556,13.6,0.53,0.265,0.239,0.009,0.017,0.47,0.694,0.903,0.464,1.0,0.5,0.4,0.674,1.0,0.145,17.0,0.509,0.393,0.0,0.0,
322.0,Christian Braun,24.0,DEN,SG,14.0,14.0,404.0,0.459,10.7,0.703,0.378,0.252,0.018,0.054,0.297,0.564,0.667,0.464,0.5,0.333,0.212,0.75,1.0,0.09,9.0,0.212,0.429,0.0,0.0,
323.0,Gui Santos,23.0,GSW,PF,35.0,3.0,403.0,0.465,17.9,0.354,0.212,0.101,0.03,0.01,0.646,0.657,0.714,0.6,0.333,1.0,0.359,0.913,1.0,0.02,2.0,0.281,0.444,0.0,0.0,
324.0,Jalen Wilson,25.0,BRK,PF,29.0,0.0,398.0,0.377,17.7,0.369,0.18,0.156,0.025,0.008,0.631,0.422,0.455,0.368,0.667,0.0,0.351,0.632,1.0,0.0,0.0,0.26,0.4,0.0,0.0,
325.0,Noah Penda,21.0,ORL,SF,28.0,2.0,394.0,0.457,12.7,0.595,0.267,0.284,0.017,0.026,0.405,0.464,0.613,0.333,0.0,0.667,0.447,0.5,0.905,0.078,9.0,0.383,0.5,0.0,0.0,
326.0,Kenrich Williams,31.0,OKC,PF,26.0,0.0,384.0,0.52,15.9,0.512,0.244,0.122,0.065,0.081,0.488,0.667,0.733,0.533,0.75,0.6,0.367,0.548,0.864,0.016,1.0,0.233,0.357,0.0,0.0,
327.0,Landry Shamet,28.0,NYK,SG,19.0,6.0,383.0,0.461,19.9,0.261,0.148,0.026,0.07,0.017,0.739,0.533,0.647,0.0,0.5,0.5,0.435,0.625,1.0,0.009,1.0,0.447,0.5,0.0,0.0,
328.0,Jaden Hardy,23.0,DAL,SG,31.0,4.0,381.0,0.398,18.5,0.359,0.088,0.155,0.094,0.022,0.641,0.446,0.5,0.464,0.471,0.0,0.371,0.552,0.791,0.017,1.0,0.328,0.289,0.0,0.0,
329.0,Trayce Jackson-Davis,25.0,GSW,C,32.0,1.0,380.0,0.596,2.9,0.989,0.67,0.319,0.0,0.0,0.011,0.591,0.73,0.3,,,1.0,0.782,1.0,0.351,29.0,0.0,,1.0,1.0,
330.0,Paul Reed,26.0,DET,C,31.0,6.0,378.0,0.592,8.1,0.846,0.354,0.362,0.092,0.038,0.154,0.636,0.739,0.574,0.583,0.4,0.35,0.757,0.857,0.123,15.0,0.2,0.5,0.0,0.0,
331.0,Jase Richardson,20.0,ORL,SG,30.0,0.0,374.0,0.5,13.5,0.604,0.194,0.306,0.075,0.03,0.396,0.556,0.731,0.488,0.4,0.5,0.415,0.6,0.955,0.037,4.0,0.321,0.529,0.0,0.0,
332.0,John Konchar,29.0,MEM,SG,27.0,1.0,368.0,0.492,14.6,0.459,0.344,0.082,0.016,0.016,0.541,0.714,0.762,0.8,0.0,0.0,0.303,0.7,1.0,0.016,1.0,0.606,0.3,0.0,0.0,
333.0,Dylan Cardwell,24.0,SAC,C,19.0,1.0,364.0,0.557,5.0,0.986,0.357,0.557,0.057,0.014,0.014,0.565,0.76,0.487,0.25,0.0,0.0,0.821,,0.343,20.0,1.0,0.0,0.0,0.0,
334.0,Jonathan Isaac,28.0,ORL,PF,36.0,0.0,361.0,0.443,11.5,0.608,0.367,0.203,0.025,0.013,0.392,0.604,0.69,0.563,0.0,0.0,0.194,0.621,1.0,0.253,17.0,0.645,0.25,0.0,0.0,
335.0,GG Jackson II,21.0,MEM,PF,23.0,3.0,361.0,0.466,14.2,0.519,0.252,0.206,0.061,0.0,0.481,0.618,0.758,0.556,0.25,,0.302,0.69,0.947,0.084,11.0,0.429,0.481,0.0,0.0,
336.0,Bogdan BogdanoviÄ,33.0,LAC,SG,16.0,3.0,360.0,0.376,19.3,0.385,0.111,0.12,0.103,0.051,0.615,0.444,0.615,0.214,0.583,0.333,0.333,0.25,0.583,0.0,0.0,0.125,0.556,0.0,0.0,
337.0,Jeremiah Robinson-Earl,25.0,2TM,PF,21.0,3.0,358.0,0.37,12.6,0.59,0.35,0.16,0.05,0.03,0.41,0.458,0.514,0.313,0.6,0.333,0.244,0.481,1.0,0.04,4.0,0.561,0.174,0.0,0.0,
337.0,Jeremiah Robinson-Earl,25.0,IND,PF,17.0,3.0,300.0,0.349,12.3,0.602,0.349,0.169,0.06,0.024,0.398,0.42,0.448,0.286,0.6,0.5,0.242,0.476,1.0,0.024,2.0,0.485,0.188,0.0,0.0,
337.0,Jeremiah Robinson-Earl,25.0,DAL,PF,4.0,0.0,58.0,0.471,12.9,0.529,0.353,0.118,0.0,0.059,0.471,0.667,0.833,0.5,,0.0,0.25,0.5,1.0,0.118,2.0,0.875,0.143,0.0,0.0,
338.0,Jeremy Sochan,22.0,SAS,PF,27.0,0.0,354.0,0.48,11.0,0.643,0.388,0.224,0.02,0.01,0.357,0.603,0.711,0.5,0.0,0.0,0.257,0.789,1.0,0.173,13.0,0.514,0.389,0.0,0.0,
339.0,Cam Whitmore,21.0,WAS,SF,21.0,0.0,354.0,0.456,12.1,0.669,0.361,0.213,0.047,0.047,0.331,0.54,0.77,0.278,0.375,0.125,0.286,0.59,0.625,0.142,19.0,0.054,0.0,0.0,0.0,
340.0,Asa Newell,20.0,ATL,PF,33.0,0.0,351.0,0.558,12.8,0.525,0.375,0.15,0.0,0.0,0.475,0.667,0.733,0.5,,,0.439,0.667,1.0,0.167,17.0,0.649,0.405,0.0,0.0,
341.0,Branden Carlson,26.0,OKC,C,32.0,2.0,351.0,0.524,13.0,0.548,0.389,0.135,0.016,0.008,0.452,0.667,0.796,0.412,0.0,0.0,0.351,0.804,1.0,0.278,30.0,0.193,0.273,0.0,0.0,
342.0,Trendon Watford,25.0,PHI,PF,22.0,4.0,350.0,0.525,8.7,0.802,0.347,0.376,0.059,0.02,0.198,0.556,0.543,0.605,0.333,0.5,0.4,0.556,1.0,0.03,3.0,0.25,0.2,0.0,0.0,
343.0,Tyler Herro,26.0,MIA,SG,11.0,10.0,349.0,0.497,15.0,0.63,0.094,0.282,0.21,0.044,0.37,0.579,0.647,0.608,0.553,0.375,0.358,0.561,0.792,0.0,0.0,0.149,0.5,0.0,0.0,
344.0,Guerschon Yabusele,30.0,NYK,C,37.0,0.0,348.0,0.392,17.1,0.363,0.235,0.088,0.029,0.01,0.637,0.541,0.625,0.333,0.333,1.0,0.308,0.75,0.95,0.029,1.0,0.431,0.393,0.0,0.0,
345.0,Quenton Jackson,27.0,IND,PG,22.0,9.0,348.0,0.437,13.7,0.613,0.244,0.244,0.067,0.059,0.387,0.479,0.724,0.379,0.25,0.143,0.37,0.514,1.0,0.034,4.0,0.261,0.25,0.0,0.0,
346.0,Tristan Vukcevic,22.0,WAS,C,30.0,2.0,342.0,0.455,14.8,0.61,0.208,0.182,0.162,0.058,0.39,0.617,0.75,0.714,0.48,0.222,0.2,0.776,0.833,0.071,9.0,0.05,0.333,0.0,0.0,
347.0,Tyrese Proctor,21.0,CLE,PG,32.0,1.0,337.0,0.366,19.1,0.366,0.134,0.113,0.063,0.056,0.634,0.442,0.579,0.25,0.444,0.5,0.322,0.348,0.828,0.014,2.0,0.178,0.25,0.0,0.0,
348.0,Liam McNeeley,20.0,CHO,SF,27.0,0.0,336.0,0.395,18.9,0.326,0.116,0.174,0.035,0.0,0.674,0.429,0.7,0.333,0.0,,0.379,0.667,0.955,0.0,0.0,0.362,0.381,0.0,0.0,
349.0,Josh Green,25.0,CHO,SG,21.0,0.0,334.0,0.434,19.2,0.25,0.132,0.105,0.013,0.0,0.75,0.526,0.5,0.625,0.0,,0.404,0.7,1.0,0.013,1.0,0.596,0.5,0.0,0.0,
350.0,Kyle Anderson,32.0,UTA,SF,16.0,0.0,320.0,0.521,6.3,0.957,0.255,0.617,0.074,0.011,0.043,0.522,0.625,0.483,0.429,1.0,0.5,0.511,1.0,0.053,4.0,0.5,0.5,0.0,0.0,
351.0,Rob Dillingham,21.0,MIN,PG,32.0,0.0,312.0,0.338,12.0,0.767,0.241,0.263,0.128,0.135,0.233,0.333,0.5,0.2,0.471,0.167,0.355,0.412,0.727,0.015,2.0,0.226,0.571,0.0,0.0,
352.0,Jett Howard,22.0,ORL,SF,28.0,0.0,308.0,0.374,18.1,0.366,0.122,0.211,0.016,0.016,0.634,0.444,0.6,0.346,0.5,0.5,0.333,0.6,0.923,0.008,1.0,0.205,0.375,0.0,0.0,
353.0,Ethan Thompson,26.0,IND,SG,19.0,5.0,305.0,0.358,19.9,0.309,0.062,0.123,0.099,0.025,0.691,0.52,0.8,0.7,0.125,0.5,0.286,0.769,1.0,0.0,0.0,0.429,0.292,0.0,0.0,
354.0,Moussa Cisse,23.0,DAL,C,26.0,1.0,302.0,0.639,1.7,1.0,0.82,0.18,0.0,0.0,0.0,0.639,0.68,0.455,,,,0.718,,0.393,22.0,,,0.0,0.0,
355.0,Nick Smith Jr.,21.0,LAL,SG,23.0,1.0,300.0,0.427,19.2,0.452,0.048,0.161,0.194,0.048,0.548,0.464,0.667,0.5,0.375,0.5,0.397,0.269,0.63,0.008,1.0,0.118,0.125,0.0,0.0,
356.0,Jamison Battle,24.0,TOR,SF,34.0,2.0,299.0,0.549,17.2,0.415,0.256,0.073,0.037,0.049,0.585,0.676,0.714,0.667,0.667,0.5,0.458,0.913,1.0,0.085,6.0,0.313,0.467,1.0,0.0,
357.0,Cam Christie,20.0,LAC,SG,29.0,0.0,294.0,0.4,13.7,0.576,0.224,0.247,0.106,0.0,0.424,0.49,0.684,0.286,0.556,,0.278,0.708,1.0,0.047,3.0,0.278,0.4,0.0,0.0,
358.0,Julian Phillips,22.0,CHI,SF,30.0,2.0,291.0,0.427,15.0,0.413,0.333,0.08,0.0,0.0,0.587,0.581,0.64,0.333,,,0.318,0.722,1.0,0.227,14.0,0.614,0.296,0.0,0.0,
359.0,Carter Bryant,20.0,SAS,PF,35.0,0.0,287.0,0.348,14.6,0.478,0.315,0.087,0.076,0.0,0.522,0.455,0.483,0.5,0.286,,0.25,0.5,1.0,0.087,4.0,0.458,0.227,0.0,0.0,
360.0,Dalen Terry,23.0,CHI,SG,28.0,0.0,284.0,0.436,12.8,0.564,0.372,0.154,0.013,0.026,0.436,0.477,0.586,0.333,0.0,0.0,0.382,0.619,1.0,0.038,3.0,0.471,0.438,0.0,0.0,
361.0,Zach Edey,23.0,MEM,C,11.0,11.0,284.0,0.633,5.2,0.949,0.418,0.469,0.061,0.0,0.051,0.656,0.732,0.63,0.333,,0.2,0.82,1.0,0.194,17.0,0.0,,0.0,0.0,
362.0,Thomas Bryant,28.0,CLE,C,31.0,0.0,282.0,0.52,13.8,0.52,0.357,0.143,0.02,0.0,0.48,0.686,0.743,0.643,0.0,,0.34,0.771,1.0,0.194,17.0,0.106,0.6,0.0,0.0,
363.0,Terrence Shannon Jr.,25.0,MIN,SG,22.0,0.0,282.0,0.395,13.5,0.543,0.346,0.148,0.037,0.012,0.457,0.386,0.571,0.083,0.0,0.0,0.405,0.588,0.8,0.049,3.0,0.459,0.294,0.0,0.0,
364.0,Jamaree Bouyea,26.0,PHO,PG,19.0,0.0,280.0,0.562,14.0,0.629,0.219,0.21,0.095,0.105,0.371,0.652,0.957,0.545,0.5,0.364,0.41,0.395,0.625,0.057,5.0,0.308,0.5,0.0,0.0,
365.0,Trae Young,27.0,ATL,PG,10.0,10.0,280.0,0.415,16.6,0.563,0.156,0.178,0.156,0.074,0.437,0.5,0.619,0.5,0.476,0.3,0.305,0.395,0.556,0.0,0.0,0.119,0.429,0.0,0.0,
366.0,Kasparas JakuÄionis,19.0,MIA,PG,19.0,3.0,275.0,0.313,17.1,0.373,0.179,0.164,0.03,0.0,0.627,0.12,0.25,0.0,0.0,,0.429,0.333,1.0,0.0,0.0,0.429,0.611,0.0,0.0,
367.0,Larry Nance Jr.,33.0,CLE,PF,19.0,2.0,272.0,0.365,14.5,0.473,0.311,0.122,0.041,0.0,0.527,0.429,0.609,0.0,0.333,,0.308,0.733,1.0,0.149,10.0,0.487,0.421,0.0,0.0,
368.0,Kelly Olynyk,34.0,SAS,C,28.0,0.0,267.0,0.472,15.5,0.472,0.264,0.139,0.042,0.028,0.528,0.735,0.895,0.6,0.0,1.0,0.237,0.36,1.0,0.014,1.0,0.184,0.429,0.0,0.0,
369.0,Ariel Hukporti,23.0,NYK,C,29.0,4.0,263.0,0.515,4.4,0.97,0.606,0.303,0.061,0.0,0.03,0.531,0.75,0.2,0.0,,0.0,0.882,,0.242,7.0,0.0,,0.0,0.0,
370.0,Kobe Brown,26.0,LAC,PF,28.0,0.0,262.0,0.361,16.6,0.403,0.208,0.181,0.014,0.0,0.597,0.552,0.667,0.462,0.0,,0.233,0.563,1.0,0.111,8.0,0.349,0.267,0.0,0.0,
371.0,Micah Potter,27.0,IND,C,15.0,2.0,262.0,0.441,18.1,0.309,0.206,0.088,0.0,0.015,0.691,0.619,0.643,0.667,,0.0,0.362,0.692,1.0,0.074,4.0,0.511,0.292,0.0,0.0,
372.0,Duop Reath,29.0,POR,C,32.0,0.0,258.0,0.446,19.3,0.257,0.176,0.081,0.0,0.0,0.743,0.526,0.615,0.333,,,0.418,0.7,0.957,0.027,1.0,0.4,0.455,0.0,0.0,
373.0,Nick Richards,28.0,PHO,C,28.0,2.0,254.0,0.493,5.2,1.0,0.38,0.437,0.141,0.042,0.0,0.493,0.704,0.323,0.5,0.333,,0.743,,0.225,15.0,,,0.0,0.0,
374.0,Jamir Watkins,24.0,WAS,SG,18.0,2.0,246.0,0.462,16.2,0.41,0.256,0.128,0.026,0.0,0.59,0.75,1.0,0.2,1.0,,0.261,0.667,1.0,0.154,6.0,0.522,0.25,0.0,0.0,
375.0,Ousmane Dieng,22.0,OKC,C,22.0,0.0,243.0,0.446,17.9,0.473,0.095,0.149,0.149,0.081,0.527,0.457,0.571,0.273,0.545,0.5,0.436,0.5,0.647,0.027,2.0,0.179,0.286,0.0,0.0,
376.0,Julian Strawther,23.0,DEN,SG,23.0,1.0,240.0,0.384,14.6,0.57,0.186,0.233,0.151,0.0,0.43,0.51,0.75,0.4,0.385,,0.216,0.68,1.0,0.012,1.0,0.297,0.273,0.0,0.0,
377.0,Kevon Looney,29.0,NOP,C,17.0,6.0,237.0,0.426,8.1,0.809,0.532,0.149,0.064,0.064,0.191,0.5,0.64,0.286,0.0,0.333,0.111,0.316,1.0,0.021,0.0,0.111,0.0,0.0,0.0,
378.0,Isaiah Livers,27.0,PHO,PF,23.0,0.0,234.0,0.372,19.3,0.279,0.163,0.07,0.047,0.0,0.721,0.5,0.714,0.0,0.5,,0.323,0.667,1.0,0.047,2.0,0.452,0.357,0.0,0.0,
379.0,Jevon Carter,30.0,CHI,PG,21.0,0.0,233.0,0.398,20.8,0.247,0.108,0.065,0.022,0.054,0.753,0.348,0.4,0.333,0.5,0.2,0.414,0.5,0.828,0.0,0.0,0.3,0.429,0.0,0.0,
380.0,Malaki Branham,22.0,WAS,SG,24.0,0.0,230.0,0.458,12.5,0.625,0.278,0.292,0.042,0.014,0.375,0.556,0.6,0.476,0.667,1.0,0.296,0.52,0.875,0.042,2.0,0.185,0.2,0.0,0.0,
381.0,Maxi Kleber,34.0,LAL,PF,20.0,1.0,230.0,0.325,14.1,0.575,0.225,0.2,0.15,0.0,0.425,0.391,0.333,0.5,0.333,,0.235,1.0,1.0,0.075,3.0,0.176,0.0,0.0,0.0,
382.0,Chris Paul,40.0,LAC,PG,16.0,0.0,228.0,0.321,19.3,0.464,0.018,0.125,0.232,0.089,0.536,0.308,1.0,0.429,0.154,0.4,0.333,0.125,0.5,0.0,0.0,0.133,0.5,0.0,0.0,
383.0,Olivier-Maxence Prosper,23.0,MEM,PF,20.0,0.0,226.0,0.484,11.1,0.656,0.375,0.234,0.047,0.0,0.344,0.571,0.708,0.467,0.0,,0.318,0.75,1.0,0.125,8.0,0.682,0.333,0.0,0.0,
384.0,Christian Koloko,25.0,3TM,C,15.0,2.0,224.0,0.425,6.7,0.95,0.5,0.325,0.1,0.025,0.05,0.421,0.55,0.308,0.25,0.0,0.5,0.813,1.0,0.325,9.0,0.0,,0.0,0.0,
384.0,Christian Koloko,25.0,LAL,C,2.0,0.0,6.0,,,,,,,,,,,,,,,,,,0.0,,,0.0,0.0,
384.0,Christian Koloko,25.0,MEM,C,11.0,2.0,195.0,0.4,4.9,0.971,0.486,0.371,0.086,0.029,0.029,0.412,0.588,0.308,0.0,0.0,0.0,0.786,,0.314,8.0,0.0,,0.0,0.0,
384.0,Christian Koloko,25.0,ATL,C,2.0,0.0,23.0,0.6,8.6,0.8,0.6,0.0,0.2,0.0,0.2,0.5,0.333,,1.0,,1.0,1.0,1.0,0.4,1.0,0.0,,0.0,0.0,
385.0,KJ Simpson,23.0,CHO,PG,14.0,2.0,223.0,0.348,14.9,0.562,0.27,0.157,0.124,0.011,0.438,0.38,0.458,0.286,0.364,0.0,0.308,0.316,0.75,0.011,1.0,0.154,0.5,0.0,0.0,
386.0,Yang Hansen,20.0,POR,C,26.0,1.0,217.0,0.286,14.5,0.543,0.2,0.271,0.071,0.0,0.457,0.395,0.643,0.316,0.0,,0.156,0.533,1.0,0.086,4.0,0.25,0.125,0.0,0.0,
387.0,Amir Coffey,28.0,MIL,SG,26.0,0.0,212.0,0.409,16.5,0.5,0.182,0.114,0.114,0.091,0.5,0.591,1.0,0.4,0.4,0.25,0.227,0.462,1.0,0.023,1.0,0.591,0.154,0.0,0.0,
388.0,Yanic Konan NiederhÃ¤user,22.0,LAC,C,24.0,0.0,211.0,0.647,3.8,0.961,0.647,0.275,0.039,0.0,0.039,0.673,0.697,0.643,0.5,,0.0,0.818,,0.392,18.0,0.0,,0.0,0.0,
389.0,Jae'Sean Tate,30.0,HOU,SF,26.0,0.0,208.0,0.5,11.4,0.672,0.259,0.31,0.086,0.017,0.328,0.564,0.667,0.556,0.2,1.0,0.368,0.5,0.857,0.0,0.0,0.632,0.417,0.0,0.0,
390.0,Ben Saraf,19.0,BRK,SG,12.0,5.0,203.0,0.355,15.8,0.468,0.194,0.21,0.048,0.016,0.532,0.448,0.5,0.462,0.333,0.0,0.273,0.231,0.889,0.048,2.0,0.242,0.0,0.0,0.0,
391.0,Dorian Finney-Smith,32.0,HOU,PF,13.0,0.0,201.0,0.318,20.6,0.205,0.136,0.045,0.023,0.0,0.795,0.444,0.5,0.5,0.0,,0.286,0.25,1.0,0.0,0.0,0.371,0.154,0.0,0.0,
392.0,Garrison Mathews,29.0,IND,SG,15.0,1.0,196.0,0.404,23.3,0.115,0.058,0.038,0.019,0.0,0.885,0.667,0.333,1.0,1.0,,0.37,1.0,1.0,0.0,0.0,0.37,0.471,0.0,0.0,
393.0,Lindy Waters III,28.0,SAS,SG,26.0,0.0,188.0,0.352,22.9,0.13,0.056,0.037,0.019,0.019,0.87,0.571,0.333,0.5,1.0,1.0,0.319,0.5,0.867,0.0,0.0,0.319,0.467,0.0,0.0,
394.0,Javon Small,23.0,MEM,PG,15.0,0.0,184.0,0.362,17.3,0.448,0.172,0.138,0.103,0.034,0.552,0.385,0.7,0.125,0.333,0.0,0.344,0.6,0.636,0.0,0.0,0.063,0.5,0.0,0.0,
395.0,Zach Collins,28.0,CHI,C,10.0,0.0,184.0,0.578,10.8,0.672,0.422,0.156,0.078,0.016,0.328,0.651,0.778,0.4,0.4,1.0,0.429,0.821,1.0,0.016,1.0,0.429,0.556,0.0,0.0,
396.0,Mohamed Diawara,20.0,NYK,SF,36.0,5.0,183.0,0.4,16.7,0.446,0.262,0.108,0.031,0.046,0.554,0.414,0.471,0.143,0.5,0.667,0.389,0.667,0.929,0.0,0.0,0.167,1.0,0.0,0.0,
397.0,Nigel Hayes-Davis,31.0,PHO,SF,23.0,0.0,180.0,0.349,15.2,0.651,0.07,0.279,0.256,0.047,0.349,0.464,0.667,0.583,0.364,0.0,0.133,0.385,1.0,0.0,0.0,0.2,0.0,0.0,0.0,
398.0,Brooks Barnhizer,23.0,OKC,SG,23.0,0.0,179.0,0.444,8.8,0.778,0.37,0.333,0.037,0.037,0.222,0.524,0.7,0.444,0.0,0.0,0.167,0.636,1.0,0.111,2.0,0.667,0.25,0.0,0.0,
399.0,RayJ Dennis,24.0,3TM,PG,15.0,0.0,177.0,0.301,21.1,0.466,0.123,0.192,0.123,0.027,0.534,0.294,0.333,0.286,0.333,0.0,0.308,0.6,0.75,0.0,0.0,0.154,0.0,0.0,0.0,
399.0,RayJ Dennis,24.0,IND,PG,13.0,0.0,168.0,0.306,17.5,0.472,0.125,0.194,0.125,0.028,0.528,0.294,0.333,0.286,0.333,0.0,0.316,0.6,0.75,0.0,0.0,0.158,0.0,0.0,0.0,
399.0,RayJ Dennis,24.0,LAC,PG,1.0,0.0,4.0,,,,,,,,,,,,,,,,,,0.0,,,0.0,0.0,
399.0,RayJ Dennis,24.0,ATL,PG,1.0,0.0,5.0,0.0,24.7,0.0,0.0,0.0,0.0,0.0,1.0,,,,,,0.0,,,0.0,0.0,0.0,,0.0,0.0,
400.0,DaRon Holmes,23.0,DEN,PF,12.0,6.0,169.0,0.415,21.5,0.171,0.122,0.049,0.0,0.0,0.829,0.429,0.4,0.5,,,0.412,1.0,1.0,0.098,3.0,0.176,0.667,0.0,0.0,
401.0,Taurean Prince,31.0,MIL,SF,8.0,0.0,169.0,0.447,19.8,0.263,0.105,0.105,0.0,0.053,0.737,0.5,0.75,0.25,,0.5,0.429,0.8,1.0,0.026,1.0,0.464,0.385,0.0,0.0,
402.0,Rasheer Fleming,21.0,PHO,PF,24.0,0.0,167.0,0.353,15.8,0.426,0.279,0.074,0.044,0.029,0.574,0.552,0.684,0.6,0.0,0.0,0.205,0.875,1.0,0.103,7.0,0.462,0.278,0.0,0.0,
403.0,Bronny James,21.0,LAL,SG,24.0,1.0,165.0,0.325,18.3,0.475,0.075,0.15,0.175,0.075,0.525,0.316,0.667,0.167,0.429,0.0,0.333,0.833,0.857,0.05,2.0,0.238,0.0,0.0,0.0,
404.0,AJ Johnson,21.0,WAS,SG,23.0,0.0,163.0,0.258,11.4,0.694,0.242,0.419,0.016,0.016,0.306,0.279,0.4,0.231,0.0,0.0,0.211,0.583,0.75,0.081,4.0,0.105,0.0,0.0,0.0,
405.0,Walker Kessler,24.0,UTA,C,5.0,5.0,154.0,0.703,7.5,0.784,0.459,0.324,0.0,0.0,0.216,0.69,0.647,0.75,,,0.75,0.6,1.0,0.27,9.0,0.25,1.0,0.0,0.0,
406.0,PJ Hall,23.0,2TM,C,15.0,2.0,154.0,0.591,7.6,0.886,0.682,0.159,0.0,0.045,0.114,0.59,0.733,0.143,,0.0,0.6,0.783,1.0,0.273,9.0,0.6,0.667,0.0,0.0,
406.0,PJ Hall,23.0,MEM,C,7.0,0.0,27.0,0.556,11.3,0.667,0.333,0.333,0.0,0.0,0.333,0.667,1.0,0.333,,,0.333,1.0,1.0,0.111,1.0,0.333,0.0,0.0,0.0,
406.0,PJ Hall,23.0,CHO,C,8.0,2.0,127.0,0.6,3.9,0.943,0.771,0.114,0.0,0.057,0.057,0.576,0.704,0.0,,0.0,1.0,0.737,1.0,0.314,8.0,1.0,1.0,0.0,0.0,
407.0,Chaz Lanier,24.0,DET,SG,16.0,0.0,153.0,0.354,24.1,0.146,0.0,0.021,0.063,0.063,0.854,0.429,,0.0,1.0,0.0,0.341,0.333,0.929,0.0,0.0,0.195,0.125,0.0,0.0,
408.0,Pat Connaughton,33.0,CHO,SG,21.0,0.0,147.0,0.489,16.9,0.4,0.133,0.244,0.022,0.0,0.6,0.611,0.333,0.818,0.0,,0.407,0.727,1.0,0.022,1.0,0.37,0.5,0.0,0.0,
409.0,Chris Youngblood,23.0,OKC,SG,29.0,0.0,144.0,0.348,23.7,0.109,0.022,0.065,0.022,0.0,0.891,0.4,1.0,0.333,0.0,,0.341,1.0,1.0,0.0,0.0,0.268,0.273,0.0,0.0,
410.0,Hunter Tyson,25.0,DEN,PF,18.0,2.0,144.0,0.26,17.8,0.38,0.14,0.18,0.02,0.04,0.62,0.368,0.714,0.111,0.0,0.5,0.194,0.714,0.833,0.04,2.0,0.226,0.0,0.0,0.0,
411.0,JD Davison,23.0,HOU,PG,20.0,0.0,143.0,0.359,17.8,0.462,0.026,0.205,0.205,0.026,0.538,0.444,1.0,0.375,0.375,1.0,0.286,0.5,1.0,0.0,0.0,0.286,0.0,0.0,0.0,
412.0,Keshad Johnson,24.0,MIA,SF,18.0,0.0,142.0,0.373,11.5,0.608,0.392,0.196,0.0,0.02,0.392,0.452,0.6,0.1,,1.0,0.25,0.5,0.8,0.196,8.0,0.35,0.286,0.0,0.0,
413.0,Taelon Peter,23.0,IND,SG,22.0,0.0,139.0,0.3,24.7,0.075,0.025,0.025,0.0,0.025,0.925,0.667,1.0,1.0,,0.0,0.27,0.5,0.9,0.025,1.0,0.27,0.1,0.0,0.0,
414.0,Jonathan Mogbo,24.0,TOR,PF,20.0,0.0,136.0,0.519,3.1,1.0,0.519,0.444,0.037,0.0,0.0,0.519,0.5,0.583,0.0,,,0.714,,0.222,3.0,,,0.0,0.0,
415.0,Joan Beringer,19.0,MIN,PF,19.0,0.0,128.0,0.711,1.5,1.0,0.842,0.158,0.0,0.0,0.0,0.711,0.781,0.333,,,,0.778,,0.368,14.0,,,0.0,0.0,
416.0,Andre Jackson Jr.,24.0,MIL,SG,19.0,0.0,127.0,0.294,19.3,0.353,0.118,0.088,0.118,0.029,0.647,0.417,1.0,0.333,0.0,0.0,0.227,0.8,0.8,0.088,3.0,0.364,0.125,0.0,0.0,
417.0,Jamal Cain,26.0,ORL,SF,18.0,0.0,126.0,0.378,15.2,0.514,0.216,0.162,0.108,0.027,0.486,0.474,0.375,0.333,0.75,1.0,0.278,0.667,1.0,0.027,1.0,0.667,0.333,0.0,0.0,
418.0,Mason Plumlee,35.0,CHO,C,14.0,2.0,125.0,0.75,1.4,1.0,0.833,0.167,0.0,0.0,0.0,0.75,0.9,0.0,,,,0.889,,0.333,4.0,,,0.0,0.0,
419.0,Marcus Sasser,25.0,DET,PG,12.0,0.0,121.0,0.442,19.7,0.346,0.077,0.115,0.096,0.058,0.654,0.5,0.75,0.667,0.2,0.333,0.412,0.556,0.643,0.0,0.0,0.147,0.4,0.0,0.0,
420.0,Bradley Beal,32.0,LAC,SG,6.0,6.0,121.0,0.375,16.1,0.604,0.125,0.146,0.208,0.125,0.396,0.379,0.5,0.571,0.2,0.333,0.368,0.727,1.0,0.0,0.0,0.211,0.25,0.0,0.0,
421.0,Myron Gardner,24.0,MIA,SF,17.0,0.0,117.0,0.476,16.7,0.381,0.214,0.143,0.024,0.0,0.619,0.625,0.556,0.667,1.0,,0.385,0.7,1.0,0.024,1.0,0.308,0.125,0.0,0.0,
422.0,Jordan McLaughlin,29.0,SAS,PG,19.0,0.0,116.0,0.429,15.2,0.457,0.286,0.143,0.029,0.0,0.543,0.5,0.7,0.2,0.0,,0.368,0.25,1.0,0.0,0.0,0.421,0.25,0.0,0.0,
423.0,Dereck Lively II,21.0,DAL,C,7.0,4.0,115.0,0.611,2.0,1.0,0.778,0.222,0.0,0.0,0.0,0.611,0.643,0.5,,,,0.727,,0.444,8.0,,,0.0,0.0,
424.0,Xavier Tillman Sr.,27.0,BOS,C,13.0,1.0,110.0,0.467,14.1,0.533,0.2,0.3,0.033,0.0,0.467,0.688,0.833,0.556,1.0,,0.214,0.727,1.0,0.0,0.0,0.286,0.0,0.0,0.0,
425.0,A.J. Lawson,25.0,TOR,SG,11.0,0.0,106.0,0.39,14.4,0.463,0.268,0.195,0.0,0.0,0.537,0.421,0.545,0.25,,,0.364,0.875,1.0,0.049,1.0,0.591,0.385,0.0,0.0,
426.0,Pete Nance,25.0,MIL,PF,14.0,0.0,104.0,0.552,17.5,0.379,0.172,0.207,0.0,0.0,0.621,0.636,0.8,0.5,,,0.5,0.571,1.0,0.0,0.0,0.278,0.4,0.0,0.0,
427.0,Luke Travers,24.0,CLE,SG,12.0,0.0,103.0,0.25,12.7,0.556,0.361,0.167,0.0,0.028,0.444,0.4,0.462,0.333,,0.0,0.063,0.625,1.0,0.056,2.0,0.25,0.25,0.0,0.0,
428.0,Devin Carter,23.0,SAC,PG,12.0,0.0,101.0,0.342,16.5,0.474,0.132,0.263,0.079,0.0,0.526,0.444,1.0,0.3,0.0,,0.25,0.375,1.0,0.079,3.0,0.05,1.0,0.0,0.0,
429.0,Blake Wesley,22.0,POR,SG,6.0,0.0,98.0,0.412,12.6,0.706,0.353,0.088,0.147,0.118,0.294,0.5,0.667,0.667,0.2,0.25,0.2,0.167,1.0,0.0,0.0,0.1,0.0,0.0,0.0,
430.0,Chris Boucher,33.0,BOS,PF,8.0,0.0,91.0,0.318,15.7,0.455,0.273,0.136,0.0,0.045,0.545,0.6,0.833,0.333,,0.0,0.083,0.667,1.0,0.045,1.0,0.25,0.0,0.0,0.0,
431.0,Alijah Martin,24.0,TOR,SG,10.0,0.0,88.0,0.346,13.8,0.577,0.231,0.231,0.115,0.0,0.423,0.467,0.667,0.5,0.0,,0.182,0.714,1.0,0.038,1.0,0.364,0.0,0.0,0.0,
432.0,Adou Thiero,21.0,LAL,SF,15.0,0.0,87.0,0.389,4.0,0.944,0.611,0.333,0.0,0.0,0.056,0.412,0.545,0.167,,,0.0,0.714,,0.222,3.0,0.0,,0.0,0.0,
433.0,Kam Jones,23.0,IND,SG,12.0,0.0,87.0,0.357,12.8,0.643,0.071,0.5,0.071,0.0,0.357,0.5,1.0,0.429,0.5,,0.1,0.333,1.0,0.036,0.0,0.6,0.0,0.0,0.0,
434.0,Kevin McCullar Jr.,24.0,NYK,SF,12.0,0.0,87.0,0.435,16.0,0.391,0.304,0.087,0.0,0.0,0.609,0.444,0.429,0.5,,,0.429,1.0,0.833,0.0,0.0,0.429,0.333,0.0,0.0,
435.0,Leonard Miller,22.0,MIN,SF,17.0,0.0,86.0,0.563,10.3,0.656,0.438,0.219,0.0,0.0,0.344,0.81,0.857,0.714,,,0.091,0.706,1.0,0.156,5.0,0.727,0.125,0.0,0.0,
436.0,Anthony Gill,33.0,WAS,PF,20.0,0.0,84.0,0.667,9.3,0.667,0.556,0.111,0.0,0.0,0.333,0.75,0.7,1.0,,,0.5,0.556,1.0,0.167,3.0,0.5,1.0,0.0,0.0,
437.0,Khaman Maluach,19.0,PHO,C,18.0,0.0,84.0,0.4,8.8,0.75,0.5,0.2,0.05,0.0,0.25,0.533,0.7,0.25,0.0,,0.0,0.75,,0.2,4.0,0.4,0.0,0.0,0.0,
438.0,Grant Williams,27.0,CHO,PF,5.0,0.0,84.0,0.32,21.7,0.16,0.04,0.08,0.04,0.0,0.84,0.75,1.0,0.5,1.0,,0.238,1.0,1.0,0.04,1.0,0.381,0.375,0.0,0.0,
439.0,Drew Timme,25.0,LAL,PF,10.0,0.0,83.0,0.615,12.1,0.654,0.308,0.231,0.077,0.038,0.346,0.647,0.75,0.5,1.0,0.0,0.556,0.636,1.0,0.0,0.0,0.333,0.667,0.0,0.0,
440.0,Obi Toppin,27.0,IND,PF,3.0,0.0,82.0,0.417,14.8,0.528,0.222,0.167,0.111,0.028,0.472,0.632,0.625,0.667,0.75,0.0,0.176,0.417,1.0,0.139,3.0,0.176,0.0,0.0,0.0,
441.0,Miles Kelly,23.0,DAL,PG,9.0,0.0,77.0,0.393,20.2,0.214,0.071,0.071,0.036,0.036,0.786,0.667,1.0,0.5,0.0,1.0,0.318,1.0,0.857,0.0,0.0,0.682,0.4,0.0,0.0,
442.0,Eric Gordon,37.0,PHI,SG,6.0,0.0,74.0,0.571,18.9,0.333,0.238,0.095,0.0,0.0,0.667,0.571,0.8,0.0,,,0.571,0.75,1.0,0.0,0.0,0.143,1.0,0.0,0.0,
443.0,Lachlan Olbrich,22.0,CHI,C,10.0,0.0,73.0,0.222,12.4,0.556,0.333,0.222,0.0,0.0,0.444,0.4,0.333,0.5,,,0.0,1.0,,0.0,0.0,0.5,0.0,0.0,0.0,
444.0,Doug McDermott,34.0,SAC,SF,7.0,0.0,70.0,0.348,25.5,0.0,0.0,0.0,0.0,0.0,1.0,,,,,,0.348,,1.0,0.0,0.0,0.304,0.714,0.0,0.0,
445.0,David Jones GarcÃ­a,24.0,SAS,SF,11.0,0.0,68.0,0.52,7.7,0.8,0.52,0.28,0.0,0.0,0.2,0.5,0.385,0.714,,,0.6,0.1,0.667,0.04,1.0,0.0,,0.0,0.0,
446.0,Johnny Juzang,24.0,MIN,SG,17.0,0.0,67.0,0.438,18.9,0.375,0.125,0.094,0.094,0.063,0.625,0.75,1.0,0.333,0.667,1.0,0.25,0.222,0.6,0.0,0.0,0.4,0.125,0.0,0.0,
447.0,Jeff Green,39.0,HOU,PF,15.0,0.0,66.0,0.48,19.6,0.32,0.16,0.12,0.04,0.0,0.68,0.5,0.5,0.667,0.0,,0.471,0.75,0.875,0.0,0.0,0.294,0.6,0.0,0.0,
448.0,Elijah Harkless,25.0,UTA,SG,7.0,0.0,66.0,0.364,19.0,0.364,0.182,0.0,0.091,0.091,0.636,0.5,0.5,,0.0,1.0,0.286,0.0,1.0,0.0,0.0,0.286,1.0,0.0,0.0,
449.0,Bismack Biyombo,33.0,SAS,C,11.0,1.0,65.0,0.667,2.4,1.0,0.833,0.167,0.0,0.0,0.0,0.667,0.8,0.0,,,,0.75,,0.667,4.0,,,0.0,0.0,
450.0,Monte Morris,30.0,IND,PG,6.0,0.0,65.0,0.35,13.8,0.6,0.25,0.2,0.1,0.05,0.4,0.417,0.6,0.25,0.5,0.0,0.25,0.6,1.0,0.0,0.0,0.375,0.0,0.0,0.0,
451.0,Drew Peterson,26.0,CHO,PF,6.0,0.0,64.0,0.125,20.2,0.25,0.188,0.063,0.0,0.0,0.75,0.5,0.667,0.0,,,0.0,0.5,,0.0,0.0,0.417,0.0,0.0,0.0,
452.0,Javonte Cooke,26.0,POR,SG,9.0,0.0,61.0,0.269,17.1,0.423,0.154,0.269,0.0,0.0,0.577,0.364,0.25,0.429,,,0.2,0.5,0.667,0.038,1.0,0.133,0.0,0.0,0.0,
453.0,James Wiseman,24.0,IND,C,4.0,1.0,58.0,0.6,4.6,1.0,0.5,0.4,0.0,0.1,0.0,0.6,0.8,0.5,,0.0,,0.667,,0.4,4.0,,,0.0,0.0,
454.0,Pacome Dadiet,20.0,NYK,SG,18.0,0.0,57.0,0.222,19.3,0.444,0.111,0.111,0.0,0.222,0.556,0.5,1.0,1.0,,0.0,0.0,1.0,,0.0,0.0,0.2,0.0,0.0,0.0,
455.0,Antonio Reeves,25.0,CHO,SG,7.0,0.0,56.0,0.5,17.6,0.375,0.188,0.125,0.063,0.0,0.625,0.5,0.667,0.0,1.0,,0.5,0.667,1.0,0.063,1.0,0.4,0.75,0.0,0.0,
456.0,Tolu Smith,25.0,DET,PF,5.0,0.0,55.0,0.467,2.9,1.0,0.533,0.467,0.0,0.0,0.0,0.467,0.625,0.286,,,,0.714,,0.133,2.0,,,0.0,0.0,
457.0,Cody Martin,30.0,IND,SF,4.0,0.0,55.0,0.2,15.5,0.5,0.1,0.3,0.1,0.0,0.5,0.4,1.0,0.333,0.0,,0.0,0.5,,0.1,1.0,0.4,0.0,0.0,0.0,
458.0,Joe Ingles,38.0,MIN,SF,13.0,0.0,54.0,0.4,21.5,0.2,0.0,0.2,0.0,0.0,0.8,1.0,,1.0,,,0.25,0.0,1.0,0.0,0.0,0.25,1.0,0.0,0.0,
459.0,Jalen Green,23.0,PHO,SG,4.0,2.0,54.0,0.432,16.3,0.486,0.297,0.054,0.0,0.135,0.514,0.444,0.364,0.5,,0.6,0.421,0.125,0.75,0.054,0.0,0.211,0.5,0.0,0.0,
460.0,Bobi Klintman,22.0,DET,SF,6.0,0.0,53.0,0.333,16.0,0.476,0.143,0.286,0.0,0.048,0.524,0.4,0.333,0.5,,0.0,0.273,0.75,1.0,0.048,1.0,0.364,0.0,0.0,0.0,
461.0,Amari Williams,24.0,BOS,PF,9.0,0.0,52.0,0.667,4.3,1.0,0.333,0.667,0.0,0.0,0.0,0.667,1.0,0.5,,,,1.0,,0.0,0.0,,,0.0,0.0,
462.0,Caleb Houstan,23.0,ATL,SF,10.0,0.0,49.0,0.467,20.9,0.2,0.067,0.133,0.0,0.0,0.8,0.333,1.0,0.0,,,0.5,1.0,1.0,0.0,0.0,0.25,0.667,0.0,0.0,
463.0,Matisse Thybulle,28.0,POR,SG,4.0,0.0,49.0,0.6,16.1,0.4,0.4,0.0,0.0,0.0,0.6,0.5,0.5,,,,0.667,0.0,1.0,0.0,0.0,0.0,,0.0,0.0,
464.0,Kyle Lowry,39.0,PHI,PG,6.0,0.0,45.0,0.25,26.4,0.0,0.0,0.0,0.0,0.0,1.0,,,,,,0.25,,1.0,0.0,0.0,0.125,1.0,0.0,0.0,
465.0,Kobe Bufkin,22.0,LAL,SG,4.0,0.0,45.0,0.364,18.7,0.364,0.182,0.091,0.0,0.091,0.636,0.5,1.0,0.0,,0.0,0.286,0.5,1.0,0.0,0.0,0.286,0.5,0.0,0.0,
466.0,Thanasis Antetokounmpo,33.0,MIL,SF,14.0,0.0,43.0,0.571,3.7,0.929,0.643,0.286,0.0,0.0,0.071,0.615,0.667,0.5,,,0.0,0.75,,0.357,5.0,1.0,0.0,0.0,0.0,
467.0,Wendell Moore Jr.,24.0,DET,SG,3.0,0.0,43.0,0.5,6.5,0.833,0.167,0.667,0.0,0.0,0.167,0.6,1.0,0.5,,,0.0,0.333,,0.167,1.0,1.0,0.0,0.0,0.0,
468.0,Trey Alexander,22.0,NOP,SG,5.0,0.0,42.0,0.667,12.8,0.667,0.222,0.222,0.222,0.0,0.333,0.667,0.5,0.5,1.0,,0.667,0.5,1.0,0.0,0.0,1.0,0.667,0.0,0.0,
469.0,Dario Å ariÄ,31.0,SAC,C,5.0,0.0,41.0,0.167,15.3,0.5,0.333,0.0,0.0,0.167,0.5,0.0,0.0,,,0.0,0.333,,1.0,0.0,0.0,0.667,0.5,0.0,0.0,
470.0,Johni Broome,23.0,PHI,C,7.0,0.0,40.0,0.2,6.9,0.85,0.4,0.4,0.05,0.0,0.15,0.235,0.375,0.125,0.0,,0.0,0.25,,0.05,0.0,0.333,0.0,0.0,0.0,
471.0,Moritz Wagner,28.0,ORL,C,3.0,0.0,39.0,0.588,13.2,0.588,0.235,0.294,0.059,0.0,0.412,0.7,0.75,0.6,1.0,,0.429,0.714,1.0,0.0,0.0,0.0,,0.0,0.0,
472.0,Trey Jemison,26.0,NYK,C,6.0,0.0,38.0,1.0,3.6,1.0,0.333,0.667,0.0,0.0,0.0,1.0,1.0,1.0,,,,1.0,,0.333,1.0,,,0.0,0.0,
473.0,E.J. Liddell,25.0,BRK,PF,8.0,0.0,35.0,0.417,18.7,0.333,0.167,0.167,0.0,0.0,0.667,0.75,1.0,0.5,,,0.25,0.333,1.0,0.083,1.0,0.25,0.5,0.0,0.0,
474.0,Ron Harper Jr.,25.0,BOS,SF,7.0,0.0,35.0,0.313,20.9,0.25,0.125,0.063,0.063,0.0,0.75,0.5,0.5,0.0,1.0,,0.25,0.5,1.0,0.0,0.0,0.167,0.0,0.0,0.0,
475.0,Tyson Etienne,26.0,BRK,PG,8.0,0.0,34.0,0.267,24.2,0.133,0.0,0.067,0.0,0.067,0.867,0.0,,0.0,,0.0,0.308,,1.0,0.0,0.0,0.154,0.0,0.0,0.0,
476.0,Mac McClung,27.0,IND,SG,3.0,0.0,34.0,0.389,17.3,0.444,0.222,0.167,0.056,0.0,0.556,0.625,0.75,0.333,1.0,,0.2,0.8,0.5,0.0,0.0,0.0,,0.0,0.0,
477.0,Garrett Temple,39.0,TOR,SG,12.0,0.0,33.0,0.143,19.7,0.286,0.0,0.286,0.0,0.0,0.714,0.0,,0.0,,,0.2,,1.0,0.0,0.0,0.2,0.0,0.0,0.0,
478.0,Emanuel Miller,25.0,CHI,PF,5.0,0.0,33.0,0.462,15.2,0.538,0.231,0.231,0.0,0.077,0.462,0.571,0.333,0.667,,1.0,0.333,1.0,1.0,0.0,0.0,0.333,1.0,0.0,0.0,
479.0,Jahmyl Telfort,24.0,LAC,PF,8.0,0.0,32.0,0.0,24.1,0.0,0.0,0.0,0.0,0.0,1.0,,,,,,0.0,,,0.0,0.0,0.5,0.0,0.0,0.0,
480.0,Seth Curry,35.0,GSW,SG,2.0,0.0,32.0,0.667,17.6,0.556,0.111,0.222,0.0,0.222,0.444,0.8,1.0,0.5,,1.0,0.5,0.5,1.0,0.0,0.0,0.0,,0.0,0.0,
481.0,Curtis Jones,24.0,DEN,SG,6.0,0.0,31.0,0.286,18.8,0.357,0.071,0.286,0.0,0.0,0.643,0.6,1.0,0.5,,,0.111,0.667,1.0,0.0,0.0,0.111,0.0,0.0,0.0,
482.0,Charles Bassey,25.0,MEM,C,2.0,0.0,31.0,0.375,4.4,1.0,0.375,0.5,0.125,0.0,0.0,0.375,0.667,0.25,0.0,,,0.667,,0.375,2.0,,,0.0,0.0,
483.0,Hunter Sallis,22.0,PHI,SG,7.0,0.0,26.0,0.6,5.4,1.0,0.4,0.4,0.2,0.0,0.0,0.6,0.5,1.0,0.0,,,0.333,,0.0,0.0,,,0.0,0.0,
484.0,Mark Sears,23.0,MIL,PG,7.0,0.0,26.0,0.462,19.2,0.385,0.077,0.154,0.154,0.0,0.615,0.4,1.0,0.0,0.5,,0.5,0.0,0.75,0.0,0.0,0.0,,0.0,0.0,
485.0,Jahmai Mashack,23.0,MEM,SG,7.0,0.0,25.0,0.25,20.8,0.25,0.0,0.25,0.0,0.0,0.75,0.0,,0.0,,,0.333,,1.0,0.0,0.0,0.333,0.5,0.0,0.0,
486.0,Orlando Robinson,25.0,ORL,C,4.0,1.0,25.0,0.6,13.0,0.6,0.4,0.2,0.0,0.0,0.4,0.667,1.0,0.0,,,0.5,1.0,1.0,0.0,0.0,0.0,,0.0,0.0,
487.0,Jahmir Young,25.0,MIA,PG,5.0,0.0,24.0,0.364,13.7,0.545,0.182,0.273,0.091,0.0,0.455,0.333,0.0,0.667,0.0,,0.4,0.0,1.0,0.0,0.0,0.4,0.5,0.0,0.0,
488.0,DeAndre Jordan,37.0,NOP,C,2.0,1.0,23.0,0.8,1.3,1.0,0.8,0.2,0.0,0.0,0.0,0.8,1.0,0.0,,,,0.5,,0.4,2.0,,,0.0,0.0,
489.0,TyTy Washington Jr.,24.0,LAC,PG,2.0,0.0,22.0,0.667,14.8,0.556,0.222,0.222,0.111,0.0,0.444,0.8,1.0,1.0,0.0,,0.5,0.25,0.5,0.111,1.0,0.0,,0.0,0.0,
490.0,Brandon Clarke,29.0,MEM,PF,2.0,2.0,20.0,0.333,4.1,1.0,0.556,0.444,0.0,0.0,0.0,0.333,0.4,0.25,,,,0.667,,0.0,0.0,,,0.0,0.0,
491.0,Isaac Jones,25.0,2TM,PF,4.0,1.0,18.0,0.5,13.8,0.5,0.5,0.0,0.0,0.0,0.5,1.0,1.0,,,,0.0,0.5,,0.25,1.0,0.5,0.0,0.0,0.0,
491.0,Isaac Jones,25.0,SAC,PF,3.0,1.0,17.0,0.5,14.0,0.5,0.5,0.0,0.0,0.0,0.5,1.0,1.0,,,,0.0,0.0,,0.0,0.0,0.0,,0.0,0.0,
491.0,Isaac Jones,25.0,DET,PF,1.0,0.0,1.0,0.5,13.5,0.5,0.5,0.0,0.0,0.0,0.5,1.0,1.0,,,,0.0,1.0,,0.5,1.0,1.0,0.0,0.0,0.0,
492.0,Jacob Toppin,25.0,ATL,SF,5.0,0.0,17.0,0.667,4.8,1.0,0.5,0.167,0.333,0.0,0.0,0.667,1.0,0.0,0.5,,,0.5,,0.5,3.0,,,0.0,0.0,
493.0,Chris Livingston,22.0,CLE,SF,3.0,0.0,17.0,0.571,11.7,0.571,0.429,0.143,0.0,0.0,0.429,1.0,1.0,1.0,,,0.0,0.75,,0.0,0.0,1.0,0.0,0.0,0.0,
494.0,N'Faly Dante,24.0,ATL,C,4.0,0.0,15.0,0.25,4.3,1.0,0.5,0.25,0.25,0.0,0.0,0.25,0.5,0.0,0.0,,,1.0,,0.25,1.0,,,0.0,0.0,
495.0,Oscar Tshiebwe,26.0,UTA,C,1.0,0.0,15.0,0.25,3.9,1.0,0.5,0.5,0.0,0.0,0.0,0.25,0.5,0.0,,,,1.0,,0.0,0.0,,,0.0,0.0,
496.0,Chris MaÃ±on,24.0,LAL,SG,4.0,0.0,14.0,0.0,24.8,0.0,0.0,0.0,0.0,0.0,1.0,,,,,,0.0,,,0.0,0.0,0.0,,0.0,0.0,
497.0,Daeqwon Plowden,27.0,SAC,SG,1.0,0.0,14.0,0.2,15.8,0.4,0.2,0.2,0.0,0.0,0.6,0.5,1.0,0.0,,,0.0,0.0,,0.2,1.0,0.667,0.0,0.0,0.0,
498.0,Chucky Hepburn,22.0,TOR,PG,2.0,0.0,13.0,0.0,23.0,0.167,0.0,0.0,0.167,0.0,0.833,0.0,,,0.0,,0.0,,,0.0,0.0,0.0,,0.0,0.0,
499.0,Harrison Ingram,23.0,SAS,SF,3.0,0.0,11.0,0.667,11.6,0.667,0.333,0.333,0.0,0.0,0.333,0.5,1.0,0.0,,,1.0,0.0,1.0,0.0,0.0,0.0,,0.0,0.0,
500.0,Sharife Cooper,24.0,WAS,PG,4.0,0.0,10.0,0.0,26.7,0.0,0.0,0.0,0.0,0.0,1.0,,,,,,0.0,,,0.0,0.0,0.0,,0.0,0.0,
501.0,Tosan Evbuomwan,24.0,NYK,SF,5.0,0.0,8.0,0.0,6.2,1.0,0.0,1.0,0.0,0.0,0.0,0.0,,0.0,,,,,,0.0,0.0,,,0.0,0.0,
502.0,Riley Minix,25.0,SAS,SF,3.0,0.0,8.0,0.667,13.1,0.5,0.5,0.0,0.0,0.0,0.5,1.0,1.0,,,,0.333,0.333,1.0,0.167,1.0,0.333,1.0,0.0,0.0,
503.0,Koby Brea,23.0,PHO,SG,2.0,0.0,8.0,0.333,18.7,0.333,0.333,0.0,0.0,0.0,0.667,1.0,1.0,,,,0.0,0.0,,0.0,0.0,0.0,,0.0,0.0,
504.0,Colby Jones,23.0,DET,SG,1.0,0.0,7.0,0.333,16.9,0.333,0.0,0.333,0.0,0.0,0.667,1.0,,1.0,,,0.0,0.0,,0.0,0.0,1.0,0.0,0.0,0.0,
505.0,Mo Bamba,27.0,TOR,C,2.0,0.0,6.0,0.0,2.0,1.0,1.0,0.0,0.0,0.0,0.0,0.0,0.0,,,,,,,0.0,0.0,,,0.0,0.0,
506.0,Noa Essengue,19.0,CHI,PF,2.0,0.0,6.0,0.0,16.9,0.333,0.333,0.0,0.0,0.0,0.667,0.0,0.0,,,,0.0,,,0.0,0.0,0.5,0.0,0.0,0.0,
507.0,Trentyn Flowers,20.0,CHI,SF,2.0,0.0,6.0,0.667,8.3,0.667,0.667,0.0,0.0,0.0,0.333,1.0,1.0,,,,0.0,0.5,,0.333,1.0,1.0,0.0,0.0,0.0,
508.0,Isaiah Crawford,24.0,HOU,SF,2.0,0.0,5.0,0.0,23.4,0.0,0.0,0.0,0.0,0.0,1.0,,,,,,0.0,,,0.0,0.0,1.0,0.0,0.0,0.0,
509.0,LJ Cryer,24.0,GSW,PG,2.0,0.0,5.0,0.333,26.2,0.333,0.0,0.0,0.0,0.333,0.667,0.0,,,,0.0,0.5,,0.0,0.0,0.0,0.0,,0.0,0.0,
510.0,Malevy Leons,26.0,GSW,SF,2.0,0.0,5.0,0.0,3.8,1.0,0.0,1.0,0.0,0.0,0.0,0.0,,0.0,,,,,,0.0,0.0,,,0.0,0.0,
511.0,Patrick Baldwin Jr.,23.0,LAC,SF,1.0,0.0,5.0,0.0,25.7,0.0,0.0,0.0,0.0,0.0,1.0,,,,,,0.0,,,0.0,0.0,0.0,,0.0,0.0,
512.0,Hunter Dickinson,25.0,NOP,C,1.0,0.0,5.0,0.5,12.8,1.0,0.0,0.0,1.0,0.0,0.0,0.5,,,0.5,,,1.0,,0.0,0.0,,,0.0,0.0,
513.0,Vladislav Goldin,24.0,MIA,C,1.0,0.0,1.0,,,,,,,,,,,,,,,,,,0.0,,,0.0,0.0,
,League Average,,,,,,,0.469,14.1,0.585,0.228,0.211,0.096,0.051,0.415,0.547,0.7,0.461,0.45,0.403,0.359,0.531,0.856,0.06,,0.245,0.384,,,
