Rk,Player,Age,Team,Pos,G,GS,MP,FG,FGA,FG%,3P,3PA,3P%,2P,2PA,2P%,eFG%,FT,FTA,FT%,ORB,DRB,TRB,AST,STL,BLK,TOV,PF,PTS,Trp-Dbl,Awards
1.0,Shai Gilgeous-Alexander,27.0,OKC,PG,44.0,44.0,1469.0,487.0,875.0,0.557,84.0,212.0,0.396,403.0,663.0,0.608,0.605,363.0,406.0,0.894,22.0,171.0,193.0,274.0,58.0,35.0,86.0,89.0,1421.0,0.0,
2.0,Tyrese Maxey,25.0,PHI,PG,41.0,41.0,1621.0,435.0,923.0,0.471,144.0,368.0,0.391,291.0,555.0,0.524,0.549,221.0,251.0,0.88,12.0,164.0,176.0,279.0,86.0,39.0,102.0,86.0,1235.0,0.0,
3.0,Jaylen Brown,29.0,BOS,SF,41.0,41.0,1411.0,445.0,921.0,0.483,90.0,246.0,0.366,355.0,675.0,0.526,0.532,239.0,306.0,0.781,53.0,223.0,276.0,202.0,41.0,16.0,152.0,121.0,1219.0,2.0,
4.0,Donovan Mitchell,29.0,CLE,SG,42.0,42.0,1431.0,420.0,872.0,0.482,160.0,418.0,0.383,260.0,454.0,0.573,0.573,216.0,257.0,0.84,35.0,166.0,201.0,241.0,62.0,10.0,129.0,102.0,1216.0,0.0,
5.0,Luka DonÄiÄ,26.0,LAL,PG,35.0,35.0,1273.0,368.0,791.0,0.465,120.0,360.0,0.333,248.0,431.0,0.575,0.541,314.0,400.0,0.785,31.0,242.0,273.0,303.0,56.0,18.0,151.0,94.0,1170.0,5.0,
6.0,Deni Avdija,25.0,POR,SF,42.0,42.0,1464.0,333.0,707.0,0.471,96.0,270.0,0.356,237.0,437.0,0.542,0.539,331.0,410.0,0.807,44.0,254.0,298.0,288.0,35.0,25.0,162.0,115.0,1093.0,3.0,
7.0,Jalen Brunson,29.0,NYK,PG,39.0,38.0,1341.0,389.0,814.0,0.478,113.0,298.0,0.379,276.0,516.0,0.535,0.547,196.0,230.0,0.852,20.0,104.0,124.0,238.0,26.0,3.0,89.0,95.0,1087.0,0.0,
8.0,Kevin Durant,37.0,HOU,SF,41.0,41.0,1511.0,379.0,735.0,0.516,95.0,234.0,0.406,284.0,501.0,0.567,0.58,224.0,253.0,0.885,18.0,206.0,224.0,187.0,30.0,39.0,127.0,88.0,1077.0,0.0,
9.0,Keyonte George,22.0,UTA,PG,44.0,44.0,1514.0,336.0,732.0,0.459,116.0,303.0,0.383,220.0,429.0,0.513,0.538,284.0,314.0,0.904,21.0,153.0,174.0,293.0,47.0,13.0,150.0,103.0,1072.0,0.0,
10.0,Anthony Edwards,24.0,MIN,SG,36.0,36.0,1266.0,368.0,744.0,0.495,125.0,308.0,0.406,243.0,436.0,0.557,0.579,205.0,258.0,0.795,22.0,160.0,182.0,133.0,46.0,29.0,94.0,71.0,1066.0,0.0,
11.0,Jamal Murray,28.0,DEN,PG,41.0,41.0,1453.0,380.0,775.0,0.49,138.0,308.0,0.448,242.0,467.0,0.518,0.579,166.0,186.0,0.892,18.0,160.0,178.0,300.0,42.0,14.0,97.0,65.0,1064.0,0.0,
12.0,James Harden,36.0,LAC,PG,41.0,41.0,1463.0,307.0,732.0,0.419,125.0,366.0,0.342,182.0,366.0,0.497,0.505,319.0,355.0,0.899,25.0,173.0,198.0,331.0,52.0,14.0,151.0,79.0,1058.0,2.0,
13.0,Pascal Siakam,31.0,IND,PF,44.0,44.0,1492.0,393.0,814.0,0.483,82.0,213.0,0.385,311.0,601.0,0.517,0.533,178.0,263.0,0.677,72.0,233.0,305.0,176.0,50.0,18.0,97.0,114.0,1046.0,0.0,
14.0,Devin Booker,29.0,PHO,SG,41.0,41.0,1394.0,344.0,754.0,0.456,70.0,224.0,0.313,274.0,530.0,0.517,0.503,285.0,330.0,0.864,34.0,131.0,165.0,255.0,37.0,12.0,136.0,108.0,1043.0,0.0,
15.0,Julius Randle,31.0,MIN,PF,45.0,45.0,1513.0,351.0,711.0,0.494,72.0,212.0,0.34,279.0,499.0,0.559,0.544,241.0,297.0,0.811,75.0,240.0,315.0,245.0,49.0,9.0,116.0,124.0,1015.0,2.0,
16.0,Jalen Johnson,24.0,ATL,SF,43.0,43.0,1532.0,371.0,725.0,0.512,70.0,196.0,0.357,301.0,529.0,0.569,0.56,184.0,236.0,0.78,65.0,386.0,451.0,343.0,52.0,21.0,150.0,87.0,996.0,7.0,
17.0,Stephen Curry,37.0,GSW,PG,36.0,36.0,1141.0,327.0,696.0,0.47,164.0,418.0,0.392,163.0,278.0,0.586,0.588,167.0,180.0,0.928,15.0,119.0,134.0,178.0,38.0,15.0,100.0,72.0,985.0,0.0,
18.0,Brandon Ingram,28.0,TOR,SF,45.0,45.0,1531.0,363.0,771.0,0.471,81.0,224.0,0.362,282.0,547.0,0.516,0.523,171.0,205.0,0.834,38.0,230.0,268.0,170.0,36.0,34.0,121.0,87.0,978.0,0.0,
19.0,Trey Murphy III,25.0,NOP,SF,43.0,43.0,1535.0,335.0,678.0,0.494,133.0,349.0,0.381,202.0,329.0,0.614,0.592,155.0,171.0,0.906,47.0,210.0,257.0,153.0,68.0,12.0,83.0,92.0,958.0,0.0,
20.0,Nikola JokiÄ,30.0,DEN,C,32.0,32.0,1106.0,339.0,560.0,0.605,67.0,154.0,0.435,272.0,406.0,0.67,0.665,203.0,238.0,0.853,97.0,292.0,389.0,351.0,44.0,25.0,113.0,89.0,948.0,16.0,
21.0,Cade Cunningham,24.0,DET,PG,37.0,37.0,1314.0,324.0,718.0,0.451,70.0,218.0,0.321,254.0,500.0,0.508,0.5,218.0,265.0,0.823,36.0,179.0,215.0,359.0,54.0,31.0,144.0,122.0,936.0,3.0,
22.0,Lauri Markkanen,28.0,UTA,PF,33.0,33.0,1187.0,314.0,650.0,0.483,96.0,263.0,0.365,218.0,387.0,0.563,0.557,198.0,224.0,0.884,66.0,171.0,237.0,71.0,34.0,16.0,52.0,65.0,922.0,0.0,
23.0,Shaedon Sharpe,22.0,POR,SG,42.0,36.0,1265.0,346.0,760.0,0.455,87.0,257.0,0.339,259.0,503.0,0.515,0.513,139.0,179.0,0.777,47.0,148.0,195.0,112.0,64.0,5.0,129.0,86.0,918.0,0.0,
24.0,Norman Powell,32.0,MIA,SG,39.0,39.0,1204.0,308.0,636.0,0.484,116.0,286.0,0.406,192.0,350.0,0.549,0.575,185.0,219.0,0.845,13.0,128.0,141.0,103.0,47.0,9.0,76.0,86.0,917.0,0.0,
25.0,Nickeil Alexander-Walker,27.0,ATL,SG,45.0,38.0,1482.0,312.0,706.0,0.442,138.0,364.0,0.379,174.0,342.0,0.509,0.54,151.0,173.0,0.873,27.0,132.0,159.0,157.0,49.0,28.0,91.0,93.0,913.0,0.0,
26.0,Scottie Barnes,24.0,TOR,PF,46.0,46.0,1591.0,354.0,706.0,0.501,46.0,146.0,0.315,308.0,560.0,0.55,0.534,152.0,184.0,0.826,99.0,280.0,379.0,254.0,61.0,66.0,122.0,130.0,906.0,2.0,
27.0,Michael Porter Jr.,27.0,BRK,SF,35.0,34.0,1162.0,314.0,653.0,0.481,132.0,335.0,0.394,182.0,318.0,0.572,0.582,129.0,152.0,0.849,46.0,213.0,259.0,112.0,35.0,8.0,89.0,72.0,889.0,0.0,
28.0,Kawhi Leonard,34.0,LAC,SF,31.0,31.0,1039.0,301.0,606.0,0.497,90.0,225.0,0.4,211.0,381.0,0.554,0.571,179.0,190.0,0.942,28.0,165.0,193.0,108.0,68.0,19.0,66.0,43.0,871.0,0.0,
29.0,DeMar DeRozan,36.0,SAC,PF,46.0,46.0,1540.0,309.0,611.0,0.506,34.0,96.0,0.354,275.0,515.0,0.534,0.534,216.0,247.0,0.874,24.0,127.0,151.0,181.0,63.0,11.0,52.0,97.0,868.0,0.0,
30.0,Karl-Anthony Towns,30.0,NYK,C,41.0,40.0,1313.0,278.0,593.0,0.469,70.0,193.0,0.363,208.0,400.0,0.52,0.528,227.0,264.0,0.86,122.0,351.0,473.0,121.0,38.0,27.0,108.0,149.0,853.0,0.0,
31.0,Giannis Antetokounmpo,31.0,MIL,PF,30.0,30.0,876.0,314.0,487.0,0.645,15.0,38.0,0.395,299.0,449.0,0.666,0.66,196.0,298.0,0.658,84.0,217.0,301.0,168.0,27.0,22.0,100.0,78.0,839.0,0.0,
32.0,Kon Knueppel,20.0,CHO,SF,44.0,43.0,1417.0,290.0,602.0,0.482,146.0,345.0,0.423,144.0,257.0,0.56,0.603,108.0,120.0,0.9,53.0,189.0,242.0,155.0,30.0,10.0,97.0,101.0,834.0,0.0,
33.0,Miles Bridges,27.0,CHO,PF,44.0,44.0,1444.0,292.0,659.0,0.443,98.0,295.0,0.332,194.0,364.0,0.533,0.517,141.0,168.0,0.839,45.0,231.0,276.0,153.0,22.0,21.0,63.0,79.0,823.0,0.0,
34.0,Desmond Bane,27.0,ORL,SG,43.0,43.0,1455.0,296.0,655.0,0.452,72.0,212.0,0.34,224.0,443.0,0.506,0.507,149.0,160.0,0.931,57.0,138.0,195.0,193.0,34.0,23.0,95.0,129.0,813.0,0.0,
35.0,Cooper Flagg,19.0,DAL,SF,42.0,42.0,1421.0,302.0,633.0,0.477,41.0,145.0,0.283,261.0,488.0,0.535,0.509,146.0,183.0,0.798,48.0,220.0,268.0,172.0,53.0,32.0,95.0,96.0,791.0,0.0,
36.0,Amen Thompson,23.0,HOU,PG,43.0,43.0,1606.0,305.0,594.0,0.513,16.0,82.0,0.195,289.0,512.0,0.564,0.527,165.0,207.0,0.797,121.0,211.0,332.0,225.0,59.0,24.0,107.0,100.0,791.0,0.0,
37.0,Dillon Brooks,30.0,PHO,SF,39.0,39.0,1203.0,288.0,662.0,0.435,95.0,276.0,0.344,193.0,386.0,0.5,0.507,118.0,138.0,0.855,27.0,109.0,136.0,66.0,42.0,4.0,74.0,132.0,789.0,0.0,
38.0,CJ McCollum,34.0,2TM,PG,42.0,36.0,1269.0,286.0,635.0,0.45,106.0,282.0,0.376,180.0,353.0,0.51,0.534,101.0,131.0,0.771,27.0,115.0,142.0,150.0,29.0,14.0,69.0,84.0,779.0,0.0,
38.0,CJ McCollum,34.0,WAS,SG,35.0,35.0,1082.0,240.0,529.0,0.454,96.0,244.0,0.393,144.0,285.0,0.505,0.544,82.0,102.0,0.804,23.0,101.0,124.0,126.0,24.0,9.0,58.0,73.0,658.0,0.0,
38.0,CJ McCollum,34.0,ATL,PG,7.0,1.0,187.0,46.0,106.0,0.434,10.0,38.0,0.263,36.0,68.0,0.529,0.481,19.0,29.0,0.655,4.0,14.0,18.0,24.0,5.0,5.0,11.0,11.0,121.0,0.0,
39.0,Jaren Jackson Jr.,26.0,MEM,C,41.0,41.0,1252.0,286.0,597.0,0.479,69.0,190.0,0.363,217.0,407.0,0.533,0.537,134.0,172.0,0.779,36.0,197.0,233.0,77.0,38.0,63.0,94.0,157.0,775.0,0.0,
40.0,Alperen ÅengÃ¼n,23.0,HOU,C,36.0,36.0,1232.0,296.0,583.0,0.508,23.0,77.0,0.299,273.0,506.0,0.54,0.527,149.0,215.0,0.693,102.0,222.0,324.0,230.0,54.0,36.0,120.0,116.0,764.0,1.0,
41.0,Jimmy Butler,36.0,GSW,SF,38.0,38.0,1182.0,240.0,462.0,0.519,32.0,85.0,0.376,208.0,377.0,0.552,0.554,248.0,287.0,0.864,88.0,123.0,211.0,185.0,55.0,8.0,60.0,46.0,760.0,0.0,
42.0,Victor Wembanyama,22.0,SAS,C,31.0,22.0,894.0,262.0,514.0,0.51,58.0,149.0,0.389,204.0,365.0,0.559,0.566,176.0,208.0,0.846,61.0,277.0,338.0,89.0,26.0,81.0,84.0,86.0,758.0,1.0,
43.0,Immanuel Quickley,26.0,TOR,PG,44.0,44.0,1433.0,259.0,590.0,0.439,111.0,308.0,0.36,148.0,282.0,0.525,0.533,118.0,145.0,0.814,24.0,163.0,187.0,276.0,53.0,5.0,74.0,89.0,747.0,0.0,
44.0,Derrick White,31.0,BOS,SG,42.0,42.0,1432.0,254.0,649.0,0.391,123.0,381.0,0.323,131.0,268.0,0.489,0.486,109.0,123.0,0.886,41.0,151.0,192.0,225.0,53.0,63.0,76.0,72.0,740.0,0.0,
45.0,De'Aaron Fox,28.0,SAS,PG,36.0,36.0,1171.0,271.0,566.0,0.479,77.0,217.0,0.355,194.0,349.0,0.556,0.547,118.0,148.0,0.797,25.0,125.0,150.0,214.0,46.0,10.0,88.0,84.0,737.0,0.0,
46.0,Onyeka Okongwu,25.0,ATL,C,45.0,34.0,1443.0,274.0,566.0,0.484,90.0,244.0,0.369,184.0,322.0,0.571,0.564,97.0,124.0,0.782,86.0,269.0,355.0,152.0,54.0,43.0,90.0,159.0,735.0,0.0,
47.0,Nikola VuÄeviÄ,35.0,CHI,C,43.0,43.0,1321.0,299.0,593.0,0.504,75.0,201.0,0.373,224.0,392.0,0.571,0.567,51.0,63.0,0.81,93.0,299.0,392.0,162.0,28.0,27.0,60.0,85.0,724.0,0.0,
48.0,Payton Pritchard,28.0,BOS,PG,43.0,43.0,1413.0,271.0,601.0,0.451,109.0,317.0,0.344,162.0,284.0,0.57,0.542,72.0,83.0,0.867,43.0,147.0,190.0,230.0,36.0,5.0,49.0,66.0,723.0,0.0,
49.0,Chet Holmgren,23.0,OKC,PF,40.0,40.0,1168.0,270.0,472.0,0.572,56.0,146.0,0.384,214.0,326.0,0.656,0.631,124.0,161.0,0.77,70.0,272.0,342.0,65.0,23.0,80.0,67.0,109.0,720.0,0.0,
50.0,Evan Mobley,24.0,CLE,PF,40.0,38.0,1332.0,278.0,538.0,0.517,46.0,149.0,0.309,232.0,389.0,0.596,0.559,117.0,184.0,0.636,93.0,259.0,352.0,165.0,38.0,79.0,85.0,101.0,719.0,0.0,
51.0,Russell Westbrook,37.0,SAC,SF,46.0,40.0,1367.0,262.0,602.0,0.435,94.0,268.0,0.351,168.0,334.0,0.503,0.513,94.0,135.0,0.696,66.0,214.0,280.0,312.0,64.0,8.0,154.0,115.0,712.0,4.0,
52.0,Ryan Rollins,23.0,MIL,PG,44.0,39.0,1390.0,271.0,591.0,0.459,100.0,255.0,0.392,171.0,336.0,0.509,0.543,68.0,89.0,0.764,37.0,160.0,197.0,238.0,68.0,18.0,100.0,125.0,710.0,0.0,
53.0,Mikal Bridges,29.0,NYK,SF,44.0,43.0,1526.0,279.0,554.0,0.504,99.0,248.0,0.399,180.0,306.0,0.588,0.593,37.0,47.0,0.787,50.0,147.0,197.0,183.0,70.0,39.0,45.0,85.0,694.0,0.0,
54.0,Paolo Banchero,23.0,ORL,PF,33.0,33.0,1115.0,234.0,516.0,0.453,34.0,123.0,0.276,200.0,393.0,0.509,0.486,190.0,250.0,0.76,35.0,253.0,288.0,165.0,23.0,22.0,96.0,70.0,692.0,2.0,
55.0,Zion Williamson,25.0,NOP,PF,31.0,24.0,897.0,253.0,436.0,0.58,0.0,3.0,0.0,253.0,433.0,0.584,0.58,175.0,252.0,0.694,68.0,114.0,182.0,106.0,36.0,18.0,72.0,70.0,681.0,0.0,
56.0,LaMelo Ball,24.0,CHO,PG,35.0,32.0,956.0,237.0,583.0,0.407,117.0,323.0,0.362,120.0,260.0,0.462,0.507,84.0,95.0,0.884,32.0,145.0,177.0,264.0,41.0,9.0,110.0,95.0,675.0,1.0,
57.0,Anthony Black,22.0,ORL,PG,43.0,23.0,1312.0,242.0,527.0,0.459,69.0,195.0,0.354,173.0,332.0,0.521,0.525,119.0,164.0,0.726,32.0,142.0,174.0,172.0,54.0,28.0,103.0,118.0,672.0,0.0,
58.0,Zach LaVine,30.0,SAC,SG,34.0,33.0,1096.0,234.0,481.0,0.486,91.0,228.0,0.399,143.0,253.0,0.565,0.581,103.0,119.0,0.866,6.0,88.0,94.0,79.0,23.0,9.0,67.0,73.0,662.0,0.0,
59.0,Naz Reid,26.0,MIN,C,45.0,2.0,1181.0,246.0,519.0,0.474,111.0,283.0,0.392,135.0,236.0,0.572,0.581,54.0,69.0,0.783,51.0,228.0,279.0,111.0,41.0,40.0,70.0,113.0,657.0,0.0,
60.0,Matas Buzelis,21.0,CHI,PF,44.0,44.0,1226.0,236.0,494.0,0.478,81.0,227.0,0.357,155.0,267.0,0.581,0.56,103.0,132.0,0.78,48.0,179.0,227.0,83.0,32.0,62.0,73.0,111.0,656.0,0.0,
61.0,Naji Marshall,28.0,DAL,SF,45.0,22.0,1306.0,240.0,438.0,0.548,41.0,131.0,0.313,199.0,307.0,0.648,0.595,133.0,168.0,0.792,36.0,177.0,213.0,136.0,48.0,4.0,61.0,89.0,654.0,0.0,
62.0,Bam Adebayo,28.0,MIA,C,37.0,37.0,1144.0,237.0,527.0,0.45,56.0,160.0,0.35,181.0,367.0,0.493,0.503,121.0,156.0,0.776,71.0,284.0,355.0,104.0,36.0,28.0,66.0,62.0,651.0,0.0,
63.0,Jeremiah Fears,19.0,NOP,PG,47.0,44.0,1238.0,246.0,566.0,0.435,49.0,151.0,0.325,197.0,415.0,0.475,0.478,110.0,136.0,0.809,35.0,139.0,174.0,147.0,57.0,12.0,107.0,83.0,651.0,0.0,
64.0,Andrew Wiggins,30.0,MIA,SF,41.0,41.0,1294.0,250.0,531.0,0.471,78.0,196.0,0.398,172.0,335.0,0.513,0.544,72.0,92.0,0.783,72.0,129.0,201.0,115.0,49.0,41.0,72.0,98.0,650.0,0.0,
65.0,Jaden McDaniels,25.0,MIN,PF,43.0,43.0,1386.0,246.0,477.0,0.516,60.0,144.0,0.417,186.0,333.0,0.559,0.579,96.0,114.0,0.842,50.0,146.0,196.0,125.0,47.0,41.0,74.0,146.0,648.0,0.0,
66.0,Jalen Duren,22.0,DET,C,36.0,36.0,1019.0,252.0,402.0,0.627,0.0,0.0,,252.0,402.0,0.627,0.627,138.0,191.0,0.723,141.0,246.0,387.0,63.0,32.0,32.0,77.0,110.0,642.0,0.0,
67.0,Jabari Smith Jr.,22.0,HOU,PF,42.0,42.0,1470.0,233.0,540.0,0.431,92.0,266.0,0.346,141.0,274.0,0.515,0.517,84.0,113.0,0.743,67.0,222.0,289.0,78.0,31.0,36.0,56.0,115.0,642.0,0.0,
68.0,Andrew Nembhard,26.0,IND,PG,36.0,36.0,1153.0,223.0,495.0,0.451,67.0,184.0,0.364,156.0,311.0,0.502,0.518,123.0,151.0,0.815,16.0,84.0,100.0,261.0,32.0,5.0,85.0,80.0,636.0,0.0,
69.0,Saddiq Bey,26.0,NOP,SF,40.0,32.0,1195.0,218.0,484.0,0.45,68.0,203.0,0.335,150.0,281.0,0.534,0.521,125.0,151.0,0.828,64.0,158.0,222.0,90.0,37.0,2.0,25.0,45.0,629.0,0.0,
70.0,Peyton Watson,23.0,DEN,SF,43.0,33.0,1287.0,223.0,439.0,0.508,64.0,152.0,0.421,159.0,287.0,0.554,0.581,112.0,151.0,0.742,40.0,178.0,218.0,80.0,46.0,48.0,72.0,108.0,622.0,0.0,
71.0,Tim Hardaway Jr.,33.0,DEN,SG,45.0,5.0,1223.0,202.0,456.0,0.443,124.0,316.0,0.392,78.0,140.0,0.557,0.579,90.0,100.0,0.9,8.0,99.0,107.0,62.0,22.0,7.0,22.0,55.0,618.0,0.0,
72.0,Jaime Jaquez Jr.,24.0,MIA,SF,40.0,1.0,1151.0,248.0,480.0,0.517,19.0,70.0,0.271,229.0,410.0,0.559,0.536,99.0,133.0,0.744,53.0,156.0,209.0,187.0,32.0,8.0,89.0,79.0,614.0,0.0,
73.0,Austin Reaves,27.0,LAL,SG,23.0,22.0,812.0,189.0,373.0,0.507,62.0,170.0,0.365,127.0,203.0,0.626,0.59,172.0,197.0,0.873,16.0,104.0,120.0,144.0,22.0,5.0,75.0,52.0,612.0,0.0,
74.0,VJ Edgecombe,20.0,PHI,SG,39.0,39.0,1399.0,227.0,529.0,0.429,84.0,228.0,0.368,143.0,301.0,0.475,0.509,72.0,94.0,0.766,66.0,143.0,209.0,163.0,60.0,20.0,73.0,126.0,610.0,0.0,
75.0,Stephon Castle,21.0,SAS,PG,36.0,36.0,1117.0,203.0,450.0,0.451,40.0,142.0,0.282,163.0,308.0,0.529,0.496,163.0,226.0,0.721,42.0,139.0,181.0,254.0,46.0,10.0,127.0,125.0,609.0,1.0,
76.0,Ajay Mitchell,23.0,OKC,SG,43.0,9.0,1129.0,222.0,456.0,0.487,48.0,137.0,0.35,174.0,319.0,0.545,0.539,114.0,131.0,0.87,29.0,120.0,149.0,157.0,61.0,14.0,68.0,93.0,606.0,0.0,
77.0,Anfernee Simons,26.0,BOS,SG,44.0,0.0,1078.0,216.0,499.0,0.433,113.0,287.0,0.394,103.0,212.0,0.486,0.546,61.0,69.0,0.884,23.0,84.0,107.0,107.0,22.0,5.0,50.0,73.0,606.0,0.0,
78.0,Collin Gillespie,26.0,PHO,PG,45.0,26.0,1272.0,212.0,477.0,0.444,131.0,309.0,0.424,81.0,168.0,0.482,0.582,50.0,59.0,0.847,45.0,141.0,186.0,217.0,64.0,12.0,77.0,67.0,605.0,0.0,
79.0,Keldon Johnson,26.0,SAS,SF,45.0,0.0,1079.0,228.0,410.0,0.556,56.0,138.0,0.406,172.0,272.0,0.632,0.624,93.0,118.0,0.788,85.0,186.0,271.0,60.0,33.0,6.0,42.0,87.0,605.0,0.0,
80.0,Toumani Camara,25.0,POR,PF,46.0,46.0,1558.0,212.0,492.0,0.431,116.0,328.0,0.354,96.0,164.0,0.585,0.549,59.0,83.0,0.711,80.0,154.0,234.0,123.0,45.0,22.0,92.0,146.0,599.0,0.0,
81.0,Josh Giddey,23.0,CHI,PG,31.0,30.0,1010.0,207.0,442.0,0.468,56.0,148.0,0.378,151.0,294.0,0.514,0.532,128.0,168.0,0.762,35.0,239.0,274.0,275.0,30.0,11.0,109.0,54.0,598.0,7.0,
82.0,Donte DiVincenzo,29.0,MIN,SG,45.0,45.0,1435.0,200.0,483.0,0.414,137.0,365.0,0.375,63.0,118.0,0.534,0.556,56.0,73.0,0.767,45.0,160.0,205.0,191.0,60.0,21.0,62.0,112.0,593.0,0.0,
83.0,Joel Embiid,31.0,PHI,C,24.0,24.0,727.0,198.0,413.0,0.479,25.0,95.0,0.263,173.0,318.0,0.544,0.51,168.0,195.0,0.862,50.0,125.0,175.0,86.0,15.0,27.0,73.0,49.0,589.0,1.0,
84.0,LeBron James,41.0,LAL,SF,26.0,26.0,865.0,216.0,425.0,0.508,41.0,124.0,0.331,175.0,301.0,0.581,0.556,112.0,151.0,0.742,18.0,137.0,155.0,180.0,28.0,17.0,75.0,36.0,585.0,0.0,
85.0,Alex Sarr,20.0,WAS,C,34.0,34.0,955.0,234.0,466.0,0.502,32.0,93.0,0.344,202.0,373.0,0.542,0.536,84.0,119.0,0.706,72.0,181.0,253.0,95.0,26.0,72.0,59.0,67.0,584.0,0.0,
86.0,Jerami Grant,31.0,POR,PF,30.0,14.0,883.0,172.0,398.0,0.432,70.0,185.0,0.378,102.0,213.0,0.479,0.52,163.0,191.0,0.853,31.0,81.0,112.0,76.0,22.0,20.0,65.0,85.0,577.0,0.0,
87.0,Bobby Portis,30.0,MIL,PF,44.0,6.0,1042.0,230.0,473.0,0.486,87.0,187.0,0.465,143.0,286.0,0.5,0.578,30.0,40.0,0.75,54.0,230.0,284.0,65.0,24.0,7.0,44.0,74.0,577.0,0.0,
88.0,Franz Wagner,24.0,ORL,SF,26.0,26.0,854.0,198.0,411.0,0.482,39.0,106.0,0.368,159.0,305.0,0.521,0.529,142.0,172.0,0.826,41.0,118.0,159.0,93.0,28.0,9.0,47.0,59.0,577.0,0.0,
89.0,Santi Aldama,25.0,MEM,PF,41.0,9.0,1147.0,217.0,454.0,0.478,67.0,192.0,0.349,150.0,262.0,0.573,0.552,72.0,107.0,0.673,63.0,211.0,274.0,124.0,36.0,29.0,53.0,65.0,573.0,0.0,
90.0,Derik Queen,21.0,NOP,C,46.0,34.0,1196.0,220.0,449.0,0.49,8.0,42.0,0.19,212.0,407.0,0.521,0.499,121.0,154.0,0.786,80.0,262.0,342.0,203.0,49.0,42.0,115.0,131.0,569.0,2.0,
91.0,Noah Clowney,21.0,BRK,PF,43.0,36.0,1237.0,172.0,443.0,0.388,90.0,282.0,0.319,82.0,161.0,0.509,0.49,130.0,162.0,0.802,43.0,140.0,183.0,80.0,33.0,35.0,76.0,119.0,564.0,0.0,
92.0,De'Andre Hunter,28.0,CLE,SF,41.0,23.0,1081.0,190.0,452.0,0.42,68.0,222.0,0.306,122.0,230.0,0.53,0.496,116.0,132.0,0.879,28.0,148.0,176.0,87.0,26.0,6.0,68.0,105.0,564.0,0.0,
93.0,Ivica Zubac,28.0,LAC,C,38.0,37.0,1187.0,241.0,400.0,0.603,0.0,0.0,,241.0,400.0,0.603,0.603,82.0,112.0,0.732,139.0,281.0,420.0,87.0,15.0,34.0,74.0,92.0,564.0,0.0,
94.0,Reed Sheppard,21.0,HOU,SG,43.0,4.0,1073.0,207.0,470.0,0.44,109.0,268.0,0.407,98.0,202.0,0.485,0.556,40.0,52.0,0.769,14.0,92.0,106.0,135.0,61.0,22.0,51.0,85.0,563.0,0.0,
95.0,Cedric Coward,22.0,MEM,SG,40.0,27.0,1065.0,203.0,429.0,0.473,64.0,184.0,0.348,139.0,245.0,0.567,0.548,91.0,107.0,0.85,59.0,198.0,257.0,114.0,22.0,15.0,67.0,80.0,561.0,0.0,
96.0,Brandin Podziemski,22.0,GSW,SG,46.0,14.0,1233.0,200.0,432.0,0.463,83.0,211.0,0.393,117.0,221.0,0.529,0.559,78.0,106.0,0.736,30.0,174.0,204.0,155.0,51.0,8.0,63.0,88.0,561.0,0.0,
97.0,Brandon Miller,23.0,CHO,SF,28.0,28.0,841.0,197.0,469.0,0.42,80.0,225.0,0.356,117.0,244.0,0.48,0.505,86.0,102.0,0.843,28.0,89.0,117.0,95.0,28.0,27.0,73.0,80.0,560.0,0.0,
98.0,Jaylon Tyson,23.0,CLE,SG,41.0,26.0,1134.0,213.0,416.0,0.512,83.0,181.0,0.459,130.0,235.0,0.553,0.612,49.0,66.0,0.742,85.0,140.0,225.0,89.0,39.0,19.0,61.0,118.0,558.0,0.0,
99.0,Quentin Grimes,25.0,PHI,SG,41.0,7.0,1267.0,176.0,406.0,0.433,83.0,235.0,0.353,93.0,171.0,0.544,0.536,118.0,137.0,0.861,27.0,132.0,159.0,152.0,42.0,18.0,83.0,85.0,553.0,0.0,
100.0,Ayo Dosunmu,26.0,CHI,SG,38.0,7.0,989.0,202.0,395.0,0.511,73.0,159.0,0.459,129.0,236.0,0.547,0.604,72.0,84.0,0.857,25.0,77.0,102.0,135.0,28.0,11.0,43.0,65.0,549.0,0.0,
101.0,John Collins,28.0,LAC,PF,41.0,32.0,1128.0,210.0,376.0,0.559,56.0,131.0,0.427,154.0,245.0,0.629,0.633,67.0,83.0,0.807,55.0,144.0,199.0,34.0,35.0,36.0,56.0,109.0,543.0,0.0,
102.0,Collin Sexton,27.0,CHO,SG,36.0,12.0,836.0,182.0,369.0,0.493,47.0,122.0,0.385,135.0,247.0,0.547,0.557,126.0,144.0,0.875,16.0,55.0,71.0,143.0,29.0,5.0,80.0,63.0,537.0,0.0,
103.0,Max Christie,22.0,DAL,SG,41.0,32.0,1199.0,182.0,375.0,0.485,106.0,232.0,0.457,76.0,143.0,0.531,0.627,65.0,76.0,0.855,10.0,134.0,144.0,89.0,21.0,14.0,46.0,60.0,535.0,0.0,
104.0,Kyshawn George,22.0,WAS,SF,34.0,34.0,1065.0,192.0,418.0,0.459,75.0,189.0,0.397,117.0,229.0,0.511,0.549,71.0,92.0,0.772,34.0,162.0,196.0,170.0,36.0,29.0,104.0,140.0,530.0,0.0,
105.0,OG Anunoby,28.0,NYK,PF,34.0,33.0,1111.0,181.0,400.0,0.453,63.0,186.0,0.339,118.0,214.0,0.551,0.531,102.0,127.0,0.803,48.0,139.0,187.0,76.0,57.0,24.0,71.0,87.0,527.0,0.0,
106.0,Julian Champagnie,24.0,SAS,SF,45.0,31.0,1290.0,170.0,398.0,0.427,116.0,306.0,0.379,54.0,92.0,0.587,0.573,71.0,86.0,0.826,44.0,235.0,279.0,67.0,39.0,18.0,46.0,71.0,527.0,0.0,
107.0,Nic Claxton,26.0,BRK,C,41.0,39.0,1222.0,212.0,363.0,0.584,2.0,12.0,0.167,210.0,351.0,0.598,0.587,97.0,150.0,0.647,107.0,202.0,309.0,165.0,29.0,57.0,59.0,92.0,523.0,2.0,
108.0,Kyle Kuzma,30.0,MIL,PF,42.0,18.0,1102.0,198.0,402.0,0.493,38.0,121.0,0.314,160.0,281.0,0.569,0.54,89.0,122.0,0.73,38.0,157.0,195.0,92.0,26.0,21.0,63.0,92.0,523.0,0.0,
109.0,Deandre Ayton,27.0,LAL,C,38.0,38.0,1096.0,239.0,351.0,0.681,0.0,0.0,,239.0,351.0,0.681,0.681,42.0,66.0,0.636,94.0,236.0,330.0,32.0,26.0,37.0,58.0,88.0,520.0,0.0,
110.0,Dyson Daniels,22.0,ATL,SG,45.0,45.0,1537.0,231.0,464.0,0.498,7.0,64.0,0.109,224.0,400.0,0.56,0.505,51.0,82.0,0.622,100.0,201.0,301.0,277.0,83.0,20.0,94.0,99.0,520.0,1.0,
111.0,Myles Turner,29.0,MIL,C,42.0,42.0,1190.0,170.0,399.0,0.426,93.0,240.0,0.388,77.0,159.0,0.484,0.543,86.0,113.0,0.761,50.0,176.0,226.0,67.0,27.0,66.0,42.0,112.0,519.0,0.0,
112.0,Jaylen Wells,22.0,MEM,SG,43.0,43.0,1161.0,175.0,432.0,0.405,73.0,224.0,0.326,102.0,208.0,0.49,0.49,87.0,112.0,0.777,41.0,108.0,149.0,74.0,37.0,3.0,50.0,88.0,510.0,0.0,
113.0,Cam Spencer,25.0,MEM,SG,42.0,11.0,1001.0,164.0,339.0,0.484,97.0,209.0,0.464,67.0,130.0,0.515,0.627,79.0,86.0,0.919,19.0,95.0,114.0,232.0,29.0,3.0,62.0,67.0,504.0,0.0,
114.0,Wendell Carter Jr.,26.0,ORL,C,41.0,41.0,1233.0,178.0,350.0,0.509,49.0,139.0,0.353,129.0,211.0,0.611,0.579,98.0,128.0,0.766,96.0,213.0,309.0,89.0,29.0,30.0,52.0,150.0,503.0,0.0,
115.0,Sandro Mamukelashvili,26.0,TOR,C,45.0,10.0,993.0,192.0,362.0,0.53,60.0,158.0,0.38,132.0,204.0,0.647,0.613,58.0,78.0,0.744,70.0,160.0,230.0,90.0,31.0,26.0,37.0,82.0,502.0,0.0,
116.0,Kel'el Ware,21.0,MIA,C,43.0,27.0,1023.0,198.0,367.0,0.54,51.0,123.0,0.415,147.0,244.0,0.602,0.609,53.0,65.0,0.815,138.0,282.0,420.0,24.0,37.0,48.0,42.0,69.0,500.0,0.0,
117.0,Klay Thompson,35.0,DAL,SF,42.0,8.0,931.0,176.0,452.0,0.389,124.0,327.0,0.379,52.0,125.0,0.416,0.527,23.0,31.0,0.742,11.0,93.0,104.0,61.0,19.0,15.0,37.0,42.0,499.0,0.0,
118.0,Duncan Robinson,31.0,DET,SF,41.0,41.0,1183.0,165.0,377.0,0.438,120.0,298.0,0.403,45.0,79.0,0.57,0.597,47.0,64.0,0.734,15.0,98.0,113.0,76.0,29.0,15.0,29.0,90.0,497.0,0.0,
119.0,Harrison Barnes,33.0,SAS,PF,45.0,45.0,1271.0,166.0,384.0,0.432,83.0,232.0,0.358,83.0,152.0,0.546,0.54,67.0,77.0,0.87,36.0,98.0,134.0,96.0,33.0,7.0,43.0,58.0,482.0,0.0,
120.0,Brice Sensabaugh,22.0,UTA,SF,42.0,9.0,878.0,170.0,379.0,0.449,67.0,208.0,0.322,103.0,171.0,0.602,0.537,75.0,86.0,0.872,35.0,91.0,126.0,63.0,29.0,5.0,51.0,72.0,482.0,0.0,
121.0,Devin Vassell,25.0,SAS,SG,32.0,32.0,1020.0,168.0,398.0,0.422,85.0,224.0,0.379,83.0,174.0,0.477,0.529,59.0,68.0,0.868,15.0,114.0,129.0,77.0,29.0,15.0,30.0,65.0,480.0,0.0,
122.0,Mark Williams,24.0,PHO,C,40.0,36.0,955.0,187.0,287.0,0.652,1.0,1.0,1.0,186.0,286.0,0.65,0.653,105.0,134.0,0.784,128.0,201.0,329.0,41.0,44.0,40.0,45.0,91.0,480.0,0.0,
123.0,Brandon Williams,26.0,DAL,PG,39.0,11.0,864.0,168.0,369.0,0.455,19.0,99.0,0.192,149.0,270.0,0.552,0.481,122.0,155.0,0.787,22.0,91.0,113.0,143.0,43.0,9.0,77.0,67.0,477.0,0.0,
124.0,Jock Landale,30.0,MEM,C,41.0,21.0,949.0,186.0,354.0,0.525,47.0,118.0,0.398,139.0,236.0,0.589,0.592,57.0,85.0,0.671,127.0,140.0,267.0,71.0,22.0,21.0,41.0,97.0,476.0,0.0,
125.0,Donovan Clingan,21.0,POR,C,42.0,42.0,1151.0,182.0,340.0,0.535,38.0,122.0,0.311,144.0,218.0,0.661,0.591,71.0,106.0,0.67,185.0,274.0,459.0,81.0,21.0,52.0,41.0,100.0,473.0,0.0,
126.0,Rudy Gobert,33.0,MIN,C,43.0,43.0,1363.0,194.0,271.0,0.716,0.0,1.0,0.0,194.0,270.0,0.719,0.716,83.0,164.0,0.506,167.0,321.0,488.0,76.0,30.0,74.0,57.0,122.0,471.0,0.0,
127.0,Tre Jones,26.0,CHI,PG,38.0,20.0,1020.0,166.0,302.0,0.55,21.0,64.0,0.328,145.0,238.0,0.609,0.584,117.0,138.0,0.848,24.0,89.0,113.0,222.0,50.0,7.0,52.0,53.0,470.0,0.0,
128.0,Moses Moody,23.0,GSW,SG,44.0,33.0,1073.0,159.0,370.0,0.43,97.0,246.0,0.394,62.0,124.0,0.5,0.561,55.0,69.0,0.797,36.0,98.0,134.0,67.0,41.0,27.0,38.0,86.0,470.0,0.0,
129.0,Darius Garland,26.0,CLE,PG,26.0,26.0,792.0,170.0,377.0,0.451,59.0,164.0,0.36,111.0,213.0,0.521,0.529,68.0,79.0,0.861,12.0,51.0,63.0,180.0,21.0,3.0,73.0,48.0,467.0,0.0,
130.0,Malik Monk,27.0,SAC,SG,38.0,0.0,851.0,168.0,378.0,0.444,76.0,180.0,0.422,92.0,198.0,0.465,0.545,55.0,64.0,0.859,11.0,66.0,77.0,96.0,25.0,13.0,54.0,61.0,467.0,0.0,
131.0,Royce O'Neale,32.0,PHO,SF,45.0,40.0,1319.0,162.0,376.0,0.431,129.0,309.0,0.417,33.0,67.0,0.493,0.602,12.0,19.0,0.632,31.0,192.0,223.0,132.0,53.0,14.0,70.0,97.0,465.0,0.0,
132.0,P.J. Washington,27.0,DAL,PF,32.0,31.0,995.0,174.0,383.0,0.454,42.0,132.0,0.318,132.0,251.0,0.526,0.509,74.0,108.0,0.685,46.0,189.0,235.0,61.0,34.0,46.0,68.0,74.0,464.0,0.0,
133.0,RJ Barrett,25.0,TOR,SF,24.0,24.0,720.0,172.0,348.0,0.494,44.0,129.0,0.341,128.0,219.0,0.584,0.557,73.0,107.0,0.682,19.0,103.0,122.0,87.0,19.0,5.0,38.0,58.0,461.0,0.0,
134.0,Jarrett Allen,27.0,CLE,C,34.0,34.0,923.0,177.0,300.0,0.59,1.0,7.0,0.143,176.0,293.0,0.601,0.592,105.0,136.0,0.772,76.0,194.0,270.0,67.0,33.0,27.0,51.0,63.0,460.0,0.0,
135.0,Dennis SchrÃ¶der,32.0,SAC,PG,36.0,12.0,953.0,156.0,377.0,0.414,51.0,148.0,0.345,105.0,229.0,0.459,0.481,97.0,119.0,0.815,19.0,93.0,112.0,195.0,27.0,5.0,67.0,61.0,460.0,0.0,
136.0,Grayson Allen,30.0,PHO,SG,28.0,19.0,825.0,154.0,365.0,0.422,93.0,248.0,0.375,61.0,117.0,0.521,0.549,54.0,65.0,0.831,18.0,64.0,82.0,105.0,44.0,9.0,46.0,66.0,455.0,0.0,
137.0,Tre Johnson,19.0,WAS,SG,36.0,18.0,900.0,165.0,368.0,0.448,75.0,191.0,0.393,90.0,177.0,0.508,0.55,48.0,54.0,0.889,18.0,84.0,102.0,74.0,24.0,12.0,54.0,66.0,453.0,0.0,
138.0,Jarace Walker,22.0,IND,PF,46.0,14.0,1075.0,148.0,388.0,0.381,73.0,201.0,0.363,75.0,187.0,0.401,0.476,73.0,95.0,0.768,19.0,175.0,194.0,89.0,32.0,16.0,69.0,78.0,442.0,0.0,
139.0,Kevin Huerter,27.0,CHI,SF,39.0,10.0,926.0,168.0,366.0,0.459,63.0,201.0,0.313,105.0,165.0,0.636,0.545,40.0,52.0,0.769,19.0,122.0,141.0,100.0,32.0,23.0,46.0,76.0,439.0,0.0,
140.0,Miles McBride,25.0,NYK,SG,33.0,14.0,925.0,150.0,340.0,0.441,100.0,229.0,0.437,50.0,111.0,0.45,0.588,33.0,39.0,0.846,22.0,66.0,88.0,91.0,26.0,6.0,27.0,58.0,433.0,0.0,
141.0,Neemias Queta,26.0,BOS,C,42.0,42.0,1047.0,182.0,277.0,0.657,0.0,4.0,0.0,182.0,273.0,0.667,0.657,67.0,102.0,0.657,126.0,217.0,343.0,57.0,37.0,55.0,40.0,120.0,431.0,0.0,
142.0,Coby White,25.0,CHI,SG,23.0,20.0,657.0,140.0,308.0,0.455,57.0,162.0,0.352,83.0,146.0,0.568,0.547,93.0,118.0,0.788,7.0,75.0,82.0,105.0,17.0,2.0,70.0,52.0,430.0,0.0,
143.0,Caleb Love,24.0,POR,SG,38.0,1.0,850.0,158.0,401.0,0.394,81.0,243.0,0.333,77.0,158.0,0.487,0.495,32.0,43.0,0.744,22.0,82.0,104.0,99.0,22.0,4.0,50.0,45.0,429.0,0.0,
144.0,Bennedict Mathurin,23.0,IND,SF,24.0,24.0,772.0,134.0,317.0,0.423,53.0,145.0,0.366,81.0,172.0,0.471,0.506,106.0,121.0,0.876,19.0,113.0,132.0,52.0,16.0,4.0,57.0,69.0,427.0,0.0,
145.0,Ausar Thompson,23.0,DET,SF,39.0,38.0,1012.0,173.0,339.0,0.51,5.0,19.0,0.263,168.0,320.0,0.525,0.518,74.0,129.0,0.574,84.0,150.0,234.0,101.0,65.0,31.0,59.0,114.0,425.0,0.0,
146.0,Bub Carrington,20.0,WAS,PG,43.0,16.0,1227.0,145.0,364.0,0.398,87.0,216.0,0.403,58.0,148.0,0.392,0.518,43.0,57.0,0.754,19.0,146.0,165.0,197.0,25.0,11.0,101.0,102.0,420.0,0.0,
147.0,A.J. Green,26.0,MIL,SG,40.0,40.0,1181.0,137.0,308.0,0.445,122.0,279.0,0.437,15.0,29.0,0.517,0.643,24.0,30.0,0.8,7.0,96.0,103.0,80.0,24.0,3.0,36.0,100.0,420.0,0.0,
148.0,Jordan Clarkson,33.0,NYK,SG,44.0,0.0,859.0,156.0,367.0,0.425,58.0,176.0,0.33,98.0,191.0,0.513,0.504,49.0,63.0,0.778,35.0,46.0,81.0,58.0,21.0,6.0,47.0,83.0,419.0,0.0,
149.0,Ace Bailey,19.0,UTA,SF,38.0,27.0,930.0,166.0,367.0,0.452,55.0,157.0,0.35,111.0,210.0,0.529,0.527,26.0,36.0,0.722,59.0,74.0,133.0,62.0,26.0,15.0,49.0,94.0,413.0,0.0,
150.0,Kyle Filipowski,22.0,UTA,C,44.0,15.0,985.0,153.0,331.0,0.462,36.0,116.0,0.31,117.0,215.0,0.544,0.517,68.0,96.0,0.708,71.0,200.0,271.0,89.0,30.0,20.0,55.0,123.0,410.0,0.0,
151.0,Anthony Davis,32.0,DAL,PF,20.0,20.0,626.0,169.0,334.0,0.506,10.0,37.0,0.27,159.0,297.0,0.535,0.521,59.0,81.0,0.728,62.0,159.0,221.0,56.0,22.0,33.0,41.0,42.0,407.0,0.0,
152.0,Jake LaRavia,24.0,LAL,PF,43.0,22.0,1170.0,146.0,316.0,0.462,51.0,148.0,0.345,95.0,168.0,0.565,0.543,64.0,85.0,0.753,66.0,115.0,181.0,87.0,58.0,19.0,46.0,94.0,407.0,0.0,
153.0,Aaron Gordon,30.0,DEN,PF,23.0,20.0,642.0,139.0,273.0,0.509,42.0,105.0,0.4,97.0,168.0,0.577,0.586,86.0,109.0,0.789,30.0,112.0,142.0,58.0,16.0,4.0,24.0,38.0,406.0,0.0,
154.0,Jordan Poole,26.0,NOP,PG,28.0,6.0,710.0,125.0,338.0,0.37,71.0,211.0,0.336,54.0,127.0,0.425,0.475,85.0,97.0,0.876,6.0,45.0,51.0,86.0,19.0,9.0,53.0,67.0,406.0,0.0,
155.0,Jalen Williams,24.0,OKC,SG,24.0,24.0,711.0,158.0,336.0,0.47,18.0,60.0,0.3,140.0,276.0,0.507,0.497,70.0,84.0,0.833,16.0,98.0,114.0,135.0,32.0,9.0,47.0,51.0,404.0,0.0,
156.0,Zaccharie Risacher,20.0,ATL,SF,36.0,36.0,887.0,156.0,338.0,0.462,57.0,159.0,0.358,99.0,179.0,0.553,0.546,34.0,53.0,0.642,34.0,85.0,119.0,52.0,32.0,19.0,33.0,80.0,403.0,0.0,
157.0,Vit Krejci,25.0,ATL,PG,43.0,7.0,989.0,137.0,297.0,0.461,99.0,233.0,0.425,38.0,64.0,0.594,0.628,27.0,36.0,0.75,19.0,73.0,92.0,67.0,35.0,13.0,29.0,103.0,400.0,0.0,
158.0,Isaiah Stewart,24.0,DET,C,39.0,11.0,918.0,153.0,286.0,0.535,33.0,95.0,0.347,120.0,191.0,0.628,0.593,59.0,79.0,0.747,69.0,149.0,218.0,48.0,10.0,76.0,49.0,118.0,398.0,0.0,
159.0,Rui Hachimura,27.0,LAL,PF,33.0,27.0,1010.0,155.0,309.0,0.502,57.0,136.0,0.419,98.0,173.0,0.566,0.594,29.0,38.0,0.763,25.0,90.0,115.0,29.0,19.0,9.0,26.0,58.0,396.0,0.0,
160.0,Josh Hart,30.0,NYK,SF,33.0,18.0,1001.0,149.0,299.0,0.498,52.0,130.0,0.4,97.0,169.0,0.574,0.585,45.0,57.0,0.789,52.0,201.0,253.0,169.0,41.0,10.0,71.0,86.0,395.0,1.0,
161.0,Sam Hauser,28.0,BOS,PF,43.0,15.0,1008.0,135.0,321.0,0.421,115.0,283.0,0.406,20.0,38.0,0.526,0.6,9.0,10.0,0.9,28.0,132.0,160.0,60.0,25.0,13.0,26.0,58.0,394.0,0.0,
162.0,Ja Morant,26.0,MEM,PG,20.0,20.0,569.0,132.0,322.0,0.41,20.0,85.0,0.235,112.0,237.0,0.473,0.441,105.0,117.0,0.897,8.0,57.0,65.0,161.0,20.0,6.0,71.0,40.0,389.0,0.0,
163.0,Jay Huff,27.0,IND,C,46.0,26.0,899.0,143.0,305.0,0.469,62.0,196.0,0.316,81.0,109.0,0.743,0.57,40.0,48.0,0.833,45.0,126.0,171.0,58.0,21.0,94.0,38.0,111.0,388.0,0.0,
164.0,Egor DÑmin,19.0,BRK,PG,38.0,30.0,930.0,132.0,327.0,0.404,92.0,230.0,0.4,40.0,97.0,0.412,0.544,31.0,37.0,0.838,18.0,96.0,114.0,128.0,33.0,12.0,66.0,70.0,387.0,0.0,
165.0,Jusuf NurkiÄ,31.0,UTA,C,35.0,30.0,922.0,156.0,310.0,0.503,21.0,61.0,0.344,135.0,249.0,0.542,0.537,54.0,96.0,0.563,92.0,266.0,358.0,167.0,47.0,16.0,83.0,115.0,387.0,2.0,
166.0,Kevin Porter Jr.,25.0,MIL,PG,23.0,22.0,773.0,133.0,300.0,0.443,38.0,106.0,0.358,95.0,194.0,0.49,0.507,82.0,97.0,0.845,17.0,99.0,116.0,171.0,49.0,10.0,75.0,49.0,386.0,1.0,
167.0,Paul George,35.0,PHI,PF,24.0,24.0,723.0,129.0,308.0,0.419,56.0,151.0,0.371,73.0,157.0,0.465,0.51,61.0,71.0,0.859,13.0,113.0,126.0,88.0,34.0,13.0,41.0,54.0,375.0,0.0,
168.0,Tobias Harris,33.0,DET,PF,28.0,28.0,768.0,136.0,299.0,0.455,37.0,113.0,0.327,99.0,186.0,0.532,0.517,62.0,73.0,0.849,27.0,100.0,127.0,68.0,22.0,7.0,31.0,57.0,371.0,0.0,
169.0,Maxime Raynaud,22.0,SAC,C,38.0,24.0,873.0,158.0,292.0,0.541,9.0,30.0,0.3,149.0,262.0,0.569,0.557,45.0,63.0,0.714,67.0,177.0,244.0,43.0,16.0,18.0,36.0,96.0,370.0,0.0,
170.0,Jordan Goodwin,27.0,PHO,PG,42.0,2.0,903.0,141.0,348.0,0.405,62.0,180.0,0.344,79.0,168.0,0.47,0.494,25.0,34.0,0.735,78.0,117.0,195.0,97.0,59.0,9.0,45.0,72.0,369.0,0.0,
171.0,Quinten Post,25.0,GSW,PF,46.0,31.0,817.0,138.0,313.0,0.441,71.0,204.0,0.348,67.0,109.0,0.615,0.554,19.0,24.0,0.792,45.0,137.0,182.0,64.0,21.0,24.0,36.0,92.0,366.0,0.0,
172.0,Dylan Harper,19.0,SAS,SG,35.0,0.0,745.0,144.0,330.0,0.436,22.0,91.0,0.242,122.0,239.0,0.51,0.47,53.0,71.0,0.746,25.0,86.0,111.0,124.0,32.0,9.0,49.0,66.0,363.0,0.0,
173.0,Davion Mitchell,27.0,MIA,PG,40.0,40.0,1167.0,143.0,304.0,0.47,46.0,115.0,0.4,97.0,189.0,0.513,0.546,28.0,43.0,0.651,16.0,87.0,103.0,289.0,48.0,5.0,67.0,109.0,360.0,0.0,
174.0,Marvin Bagley III,26.0,WAS,PF,36.0,7.0,696.0,143.0,231.0,0.619,7.0,18.0,0.389,136.0,213.0,0.638,0.634,66.0,93.0,0.71,93.0,111.0,204.0,53.0,19.0,26.0,43.0,75.0,359.0,0.0,
175.0,Tristan Da Silva,24.0,ORL,SF,38.0,14.0,872.0,134.0,305.0,0.439,58.0,153.0,0.379,76.0,152.0,0.5,0.534,32.0,38.0,0.842,30.0,105.0,135.0,44.0,32.0,8.0,35.0,49.0,358.0,0.0,
176.0,Simone Fontecchio,30.0,MIA,SF,42.0,1.0,701.0,116.0,287.0,0.404,75.0,201.0,0.373,41.0,86.0,0.477,0.535,51.0,63.0,0.81,30.0,97.0,127.0,60.0,20.0,6.0,36.0,61.0,358.0,0.0,
177.0,Jalen Smith,25.0,CHI,C,37.0,7.0,717.0,129.0,277.0,0.466,54.0,151.0,0.358,75.0,126.0,0.595,0.563,45.0,61.0,0.738,71.0,181.0,252.0,49.0,16.0,33.0,34.0,73.0,357.0,0.0,
178.0,Isaiah Joe,26.0,OKC,SG,37.0,1.0,735.0,108.0,247.0,0.437,80.0,201.0,0.398,28.0,46.0,0.609,0.599,55.0,64.0,0.859,17.0,76.0,93.0,48.0,18.0,6.0,23.0,64.0,351.0,0.0,
179.0,Kris Dunn,31.0,LAC,PG,44.0,38.0,1211.0,131.0,269.0,0.487,48.0,129.0,0.372,83.0,140.0,0.593,0.576,38.0,48.0,0.792,35.0,94.0,129.0,139.0,66.0,8.0,58.0,106.0,348.0,0.0,
180.0,Pelle Larsson,24.0,MIA,SG,37.0,24.0,857.0,125.0,264.0,0.473,33.0,106.0,0.311,92.0,158.0,0.582,0.536,65.0,88.0,0.739,28.0,78.0,106.0,122.0,20.0,8.0,34.0,70.0,348.0,0.0,
181.0,Jalen Suggs,24.0,ORL,PG,23.0,23.0,584.0,121.0,257.0,0.471,44.0,133.0,0.331,77.0,124.0,0.621,0.556,60.0,70.0,0.857,17.0,67.0,84.0,107.0,43.0,12.0,61.0,69.0,346.0,0.0,
182.0,Kentavious Caldwell-Pope,32.0,MEM,SG,42.0,13.0,882.0,118.0,294.0,0.401,50.0,149.0,0.336,68.0,145.0,0.469,0.486,58.0,62.0,0.935,16.0,87.0,103.0,122.0,34.0,8.0,51.0,44.0,344.0,0.0,
183.0,Ron Holland,20.0,DET,SF,41.0,5.0,857.0,125.0,299.0,0.418,26.0,107.0,0.243,99.0,192.0,0.516,0.462,66.0,85.0,0.776,45.0,134.0,179.0,58.0,57.0,15.0,57.0,89.0,342.0,0.0,
184.0,Marcus Smart,31.0,LAL,SG,34.0,27.0,968.0,111.0,273.0,0.407,56.0,173.0,0.324,55.0,100.0,0.55,0.509,62.0,70.0,0.886,22.0,81.0,103.0,97.0,47.0,11.0,59.0,95.0,340.0,0.0,
185.0,Svi Mykhailiuk,28.0,UTA,SF,38.0,38.0,927.0,126.0,267.0,0.472,68.0,176.0,0.386,58.0,91.0,0.637,0.599,19.0,21.0,0.905,28.0,69.0,97.0,75.0,19.0,3.0,29.0,50.0,339.0,0.0,
186.0,Jamal Shead,23.0,TOR,PG,47.0,7.0,1049.0,113.0,309.0,0.366,56.0,168.0,0.333,57.0,141.0,0.404,0.456,56.0,71.0,0.789,17.0,71.0,88.0,264.0,47.0,6.0,63.0,100.0,338.0,0.0,
187.0,Aaron Nesmith,26.0,IND,SF,25.0,22.0,761.0,109.0,304.0,0.359,60.0,172.0,0.349,49.0,132.0,0.371,0.457,54.0,67.0,0.806,38.0,91.0,129.0,55.0,17.0,14.0,36.0,71.0,332.0,0.0,
188.0,Sam Merrill,29.0,CLE,SG,24.0,15.0,619.0,108.0,230.0,0.47,85.0,187.0,0.455,23.0,43.0,0.535,0.654,30.0,34.0,0.882,16.0,41.0,57.0,56.0,17.0,3.0,22.0,68.0,331.0,0.0,
189.0,Gary Trent Jr.,27.0,MIL,SG,40.0,17.0,967.0,113.0,299.0,0.378,77.0,216.0,0.356,36.0,83.0,0.434,0.507,27.0,33.0,0.818,5.0,44.0,49.0,63.0,26.0,2.0,24.0,56.0,330.0,0.0,
190.0,Bruce Brown,29.0,DEN,SG,46.0,2.0,1121.0,130.0,287.0,0.453,21.0,65.0,0.323,109.0,222.0,0.491,0.49,48.0,62.0,0.774,54.0,135.0,189.0,102.0,46.0,11.0,48.0,110.0,329.0,0.0,
191.0,Draymond Green,35.0,GSW,PF,38.0,38.0,1014.0,120.0,282.0,0.426,55.0,166.0,0.331,65.0,116.0,0.56,0.523,34.0,49.0,0.694,29.0,190.0,219.0,199.0,33.0,27.0,108.0,120.0,329.0,0.0,
192.0,Isaiah Collier,21.0,UTA,PG,37.0,5.0,857.0,122.0,240.0,0.508,18.0,53.0,0.34,104.0,187.0,0.556,0.546,66.0,101.0,0.653,14.0,72.0,86.0,243.0,27.0,12.0,86.0,84.0,328.0,0.0,
193.0,Moussa DiabatÃ©,24.0,CHO,C,41.0,15.0,999.0,125.0,200.0,0.625,0.0,0.0,,125.0,200.0,0.625,0.625,78.0,120.0,0.65,148.0,188.0,336.0,59.0,30.0,43.0,37.0,109.0,328.0,0.0,
194.0,Cameron Johnson,29.0,DEN,SF,28.0,28.0,857.0,113.0,245.0,0.461,54.0,126.0,0.429,59.0,119.0,0.496,0.571,47.0,58.0,0.81,20.0,80.0,100.0,66.0,17.0,8.0,27.0,63.0,327.0,0.0,
195.0,Cason Wallace,22.0,OKC,SG,44.0,35.0,1171.0,121.0,294.0,0.412,61.0,167.0,0.365,60.0,127.0,0.472,0.515,22.0,30.0,0.733,35.0,101.0,136.0,92.0,93.0,10.0,40.0,90.0,325.0,0.0,
196.0,Cam Thomas,24.0,BRK,SG,20.0,8.0,486.0,105.0,266.0,0.395,33.0,99.0,0.333,72.0,167.0,0.431,0.457,80.0,94.0,0.851,7.0,28.0,35.0,62.0,4.0,2.0,37.0,29.0,323.0,0.0,
197.0,Aaron Wiggins,27.0,OKC,SG,31.0,11.0,718.0,122.0,269.0,0.454,57.0,146.0,0.39,65.0,123.0,0.528,0.559,21.0,29.0,0.724,18.0,86.0,104.0,53.0,25.0,20.0,33.0,47.0,322.0,0.0,
198.0,Day'Ron Sharpe,24.0,BRK,C,41.0,3.0,742.0,123.0,204.0,0.603,6.0,30.0,0.2,117.0,174.0,0.672,0.618,69.0,102.0,0.676,99.0,156.0,255.0,96.0,39.0,18.0,64.0,91.0,321.0,0.0,
199.0,Luke Kennard,29.0,ATL,SG,41.0,0.0,838.0,113.0,214.0,0.528,65.0,135.0,0.481,48.0,79.0,0.608,0.68,28.0,30.0,0.933,17.0,68.0,85.0,91.0,33.0,2.0,31.0,48.0,319.0,0.0,
200.0,T.J. McConnell,33.0,IND,PG,33.0,0.0,568.0,147.0,278.0,0.529,11.0,35.0,0.314,136.0,243.0,0.56,0.549,12.0,13.0,0.923,15.0,59.0,74.0,161.0,39.0,7.0,41.0,40.0,317.0,0.0,
201.0,Gradey Dick,22.0,TOR,SG,47.0,1.0,774.0,110.0,259.0,0.425,43.0,139.0,0.309,67.0,120.0,0.558,0.508,50.0,59.0,0.847,29.0,73.0,102.0,32.0,31.0,5.0,25.0,69.0,313.0,0.0,
202.0,Buddy Hield,33.0,GSW,SG,39.0,3.0,661.0,113.0,256.0,0.441,61.0,171.0,0.357,52.0,85.0,0.612,0.561,26.0,28.0,0.929,25.0,69.0,94.0,54.0,33.0,7.0,36.0,47.0,313.0,0.0,
203.0,Javonte Green,32.0,DET,SG,43.0,4.0,829.0,106.0,237.0,0.447,48.0,131.0,0.366,58.0,106.0,0.547,0.549,49.0,65.0,0.754,31.0,86.0,117.0,33.0,59.0,16.0,28.0,65.0,309.0,0.0,
204.0,Kelly Oubre Jr.,30.0,PHI,SF,21.0,16.0,679.0,113.0,231.0,0.489,40.0,104.0,0.385,73.0,127.0,0.575,0.576,41.0,55.0,0.745,20.0,75.0,95.0,29.0,24.0,16.0,29.0,56.0,307.0,0.0,
205.0,Isaac Okoro,25.0,CHI,SG,36.0,36.0,900.0,113.0,240.0,0.471,37.0,111.0,0.333,76.0,129.0,0.589,0.548,42.0,54.0,0.778,41.0,60.0,101.0,52.0,22.0,18.0,22.0,95.0,305.0,0.0,
206.0,Ziaire Williams,24.0,BRK,SF,32.0,4.0,729.0,96.0,236.0,0.407,51.0,167.0,0.305,45.0,69.0,0.652,0.515,61.0,70.0,0.871,18.0,63.0,81.0,20.0,36.0,17.0,32.0,65.0,304.0,0.0,
207.0,Luguentz Dort,26.0,OKC,SF,36.0,36.0,978.0,107.0,272.0,0.393,67.0,198.0,0.338,40.0,74.0,0.541,0.517,22.0,25.0,0.88,29.0,104.0,133.0,40.0,32.0,20.0,26.0,109.0,303.0,0.0,
208.0,Precious Achiuwa,26.0,SAC,C,39.0,25.0,815.0,122.0,237.0,0.515,15.0,45.0,0.333,107.0,192.0,0.557,0.546,37.0,70.0,0.529,74.0,145.0,219.0,47.0,31.0,22.0,24.0,65.0,296.0,0.0,
209.0,Luke Kornet,30.0,SAS,C,36.0,22.0,874.0,116.0,174.0,0.667,0.0,0.0,,116.0,174.0,0.667,0.667,64.0,78.0,0.821,109.0,136.0,245.0,71.0,16.0,48.0,17.0,74.0,296.0,0.0,
210.0,Jonas ValanÄiÅ«nas,33.0,DEN,C,34.0,2.0,460.0,121.0,207.0,0.585,3.0,13.0,0.231,118.0,194.0,0.608,0.592,51.0,65.0,0.785,48.0,115.0,163.0,43.0,7.0,20.0,37.0,72.0,296.0,0.0,
211.0,Khris Middleton,34.0,WAS,SF,30.0,30.0,734.0,109.0,258.0,0.422,27.0,86.0,0.314,82.0,172.0,0.477,0.475,49.0,59.0,0.831,29.0,90.0,119.0,97.0,23.0,8.0,47.0,82.0,294.0,0.0,
212.0,Kristaps PorziÅÄ£is,30.0,ATL,C,17.0,12.0,413.0,96.0,210.0,0.457,31.0,86.0,0.36,65.0,124.0,0.524,0.531,68.0,81.0,0.84,21.0,66.0,87.0,46.0,9.0,22.0,16.0,54.0,291.0,0.0,
213.0,Justin Champagnie,24.0,WAS,SF,41.0,10.0,758.0,113.0,225.0,0.502,25.0,80.0,0.313,88.0,145.0,0.607,0.558,39.0,53.0,0.736,84.0,145.0,229.0,44.0,31.0,22.0,23.0,67.0,290.0,0.0,
214.0,Terance Mann,29.0,BRK,SG,38.0,35.0,966.0,106.0,237.0,0.447,32.0,95.0,0.337,74.0,142.0,0.521,0.515,46.0,56.0,0.821,48.0,79.0,127.0,141.0,29.0,10.0,40.0,100.0,290.0,0.0,
215.0,Ryan Kalkbrenner,24.0,CHO,C,33.0,26.0,807.0,122.0,158.0,0.772,0.0,2.0,0.0,122.0,156.0,0.782,0.772,43.0,60.0,0.717,82.0,126.0,208.0,22.0,20.0,50.0,35.0,58.0,287.0,0.0,
216.0,Collin Murray-Boyles,20.0,TOR,PF,37.0,13.0,796.0,119.0,222.0,0.536,15.0,43.0,0.349,104.0,179.0,0.581,0.57,34.0,53.0,0.642,94.0,95.0,189.0,73.0,32.0,26.0,41.0,97.0,287.0,0.0,
217.0,Walter Clayton,22.0,UTA,PG,40.0,0.0,739.0,95.0,233.0,0.408,40.0,131.0,0.305,55.0,102.0,0.539,0.494,55.0,58.0,0.948,13.0,68.0,81.0,134.0,22.0,8.0,48.0,71.0,285.0,0.0,
218.0,Will Richard,23.0,GSW,SG,41.0,15.0,784.0,101.0,208.0,0.486,46.0,126.0,0.365,55.0,82.0,0.671,0.596,35.0,43.0,0.814,39.0,62.0,101.0,55.0,44.0,5.0,31.0,77.0,283.0,0.0,
219.0,Jose Alvarado,27.0,NOP,PG,35.0,0.0,776.0,101.0,238.0,0.424,56.0,155.0,0.361,45.0,83.0,0.542,0.542,19.0,23.0,0.826,13.0,85.0,98.0,114.0,35.0,4.0,45.0,72.0,277.0,0.0,
220.0,Luka Garza,27.0,BOS,C,36.0,1.0,597.0,100.0,170.0,0.588,25.0,53.0,0.472,75.0,117.0,0.641,0.662,52.0,64.0,0.813,87.0,67.0,154.0,35.0,14.0,18.0,16.0,94.0,277.0,0.0,
221.0,Jrue Holiday,35.0,POR,PG,18.0,16.0,519.0,104.0,231.0,0.45,43.0,119.0,0.361,61.0,112.0,0.545,0.543,26.0,32.0,0.813,21.0,62.0,83.0,128.0,23.0,3.0,43.0,30.0,277.0,0.0,
222.0,Sion James,23.0,CHO,SG,45.0,18.0,1131.0,84.0,219.0,0.384,47.0,130.0,0.362,37.0,89.0,0.416,0.491,62.0,71.0,0.873,26.0,128.0,154.0,91.0,27.0,17.0,34.0,82.0,277.0,0.0,
223.0,Keegan Murray,25.0,SAC,PF,19.0,18.0,683.0,111.0,259.0,0.429,25.0,92.0,0.272,86.0,167.0,0.515,0.477,30.0,38.0,0.789,30.0,86.0,116.0,29.0,23.0,30.0,22.0,37.0,277.0,0.0,
224.0,Nikola JoviÄ,22.0,MIA,PF,34.0,1.0,641.0,91.0,245.0,0.371,37.0,130.0,0.285,54.0,115.0,0.47,0.447,55.0,78.0,0.705,18.0,109.0,127.0,92.0,22.0,13.0,57.0,56.0,274.0,0.0,
225.0,Daniss Jenkins,24.0,DET,PG,35.0,7.0,572.0,97.0,226.0,0.429,36.0,91.0,0.396,61.0,135.0,0.452,0.509,42.0,53.0,0.792,19.0,42.0,61.0,116.0,34.0,6.0,51.0,44.0,272.0,0.0,
226.0,Tari Eason,24.0,HOU,PF,23.0,9.0,546.0,103.0,217.0,0.475,48.0,103.0,0.466,55.0,114.0,0.482,0.585,16.0,26.0,0.615,45.0,95.0,140.0,36.0,29.0,14.0,38.0,47.0,270.0,0.0,
227.0,Dominick Barlow,22.0,PHI,PF,33.0,29.0,797.0,107.0,194.0,0.552,13.0,50.0,0.26,94.0,144.0,0.653,0.585,42.0,54.0,0.778,72.0,97.0,169.0,44.0,30.0,23.0,31.0,73.0,269.0,0.0,
228.0,Isaiah Hartenstein,27.0,OKC,C,24.0,24.0,645.0,116.0,180.0,0.644,0.0,4.0,0.0,116.0,176.0,0.659,0.644,37.0,57.0,0.649,81.0,168.0,249.0,71.0,27.0,18.0,50.0,69.0,269.0,0.0,
229.0,Dru Smith,28.0,MIA,SG,44.0,1.0,735.0,89.0,218.0,0.408,29.0,92.0,0.315,60.0,126.0,0.476,0.475,58.0,71.0,0.817,33.0,71.0,104.0,111.0,63.0,15.0,41.0,67.0,265.0,0.0,
230.0,D'Angelo Russell,29.0,DAL,PG,26.0,3.0,495.0,94.0,232.0,0.405,33.0,112.0,0.295,61.0,120.0,0.508,0.476,43.0,60.0,0.717,8.0,53.0,61.0,104.0,12.0,2.0,49.0,30.0,264.0,0.0,
231.0,Tyrese Martin,26.0,BRK,SG,34.0,6.0,656.0,97.0,238.0,0.408,50.0,141.0,0.355,47.0,97.0,0.485,0.513,19.0,26.0,0.731,32.0,66.0,98.0,67.0,22.0,4.0,32.0,30.0,263.0,0.0,
232.0,Patrick Williams,24.0,CHI,PF,40.0,1.0,735.0,90.0,238.0,0.378,51.0,127.0,0.402,39.0,111.0,0.351,0.485,28.0,41.0,0.683,25.0,93.0,118.0,47.0,28.0,10.0,35.0,48.0,259.0,0.0,
233.0,Sidy Cissoko,21.0,POR,SF,41.0,20.0,887.0,84.0,215.0,0.391,44.0,135.0,0.326,40.0,80.0,0.5,0.493,42.0,60.0,0.7,37.0,57.0,94.0,58.0,27.0,13.0,44.0,110.0,254.0,0.0,
234.0,Bilal Coulibaly,21.0,WAS,SG,25.0,25.0,664.0,82.0,209.0,0.392,24.0,88.0,0.273,58.0,121.0,0.479,0.45,65.0,85.0,0.765,23.0,94.0,117.0,62.0,36.0,23.0,40.0,72.0,253.0,0.0,
235.0,Spencer Jones,24.0,DEN,SF,41.0,29.0,963.0,92.0,179.0,0.514,41.0,104.0,0.394,51.0,75.0,0.68,0.628,26.0,41.0,0.634,47.0,81.0,128.0,36.0,37.0,17.0,24.0,116.0,251.0,0.0,
236.0,Andre Drummond,32.0,PHI,C,35.0,16.0,701.0,96.0,193.0,0.497,17.0,47.0,0.362,79.0,146.0,0.541,0.541,38.0,58.0,0.655,120.0,194.0,314.0,27.0,19.0,30.0,30.0,71.0,247.0,0.0,
237.0,Oso Ighodaro,23.0,PHO,PF,45.0,7.0,904.0,109.0,177.0,0.616,0.0,1.0,0.0,109.0,176.0,0.619,0.616,29.0,58.0,0.5,63.0,134.0,197.0,79.0,44.0,25.0,55.0,115.0,247.0,0.0,
238.0,Caris LeVert,31.0,DET,SG,31.0,0.0,612.0,88.0,204.0,0.431,34.0,100.0,0.34,54.0,104.0,0.519,0.515,36.0,53.0,0.679,8.0,48.0,56.0,88.0,28.0,20.0,44.0,45.0,246.0,0.0,
239.0,Ryan Dunn,23.0,PHO,SF,38.0,11.0,791.0,98.0,217.0,0.452,31.0,99.0,0.313,67.0,118.0,0.568,0.523,18.0,26.0,0.692,61.0,109.0,170.0,64.0,35.0,18.0,39.0,90.0,245.0,0.0,
240.0,Kobe Sanders,23.0,LAC,SG,36.0,8.0,744.0,87.0,197.0,0.442,37.0,95.0,0.389,50.0,102.0,0.49,0.536,32.0,37.0,0.865,16.0,70.0,86.0,53.0,23.0,4.0,47.0,76.0,243.0,0.0,
241.0,Jonathan Kuminga,23.0,GSW,PF,20.0,13.0,476.0,88.0,194.0,0.454,17.0,53.0,0.321,71.0,141.0,0.504,0.497,49.0,66.0,0.742,29.0,88.0,117.0,50.0,8.0,6.0,46.0,33.0,242.0,0.0,
242.0,Tyler Herro,26.0,MIA,SG,11.0,10.0,349.0,90.0,181.0,0.497,24.0,67.0,0.358,66.0,114.0,0.579,0.564,37.0,41.0,0.902,6.0,46.0,52.0,30.0,11.0,5.0,17.0,22.0,241.0,0.0,
243.0,Domantas Sabonis,29.0,SAC,C,15.0,11.0,454.0,93.0,176.0,0.528,5.0,24.0,0.208,88.0,152.0,0.579,0.543,49.0,66.0,0.742,45.0,130.0,175.0,57.0,15.0,3.0,42.0,55.0,240.0,0.0,
244.0,Josh Okogie,27.0,HOU,SG,43.0,27.0,855.0,84.0,189.0,0.444,40.0,101.0,0.396,44.0,88.0,0.5,0.55,31.0,48.0,0.646,48.0,69.0,117.0,39.0,42.0,9.0,32.0,69.0,239.0,0.0,
245.0,Ryan Nembhard,22.0,DAL,PG,32.0,17.0,650.0,99.0,219.0,0.452,31.0,78.0,0.397,68.0,141.0,0.482,0.523,8.0,11.0,0.727,7.0,55.0,62.0,165.0,8.0,0.0,49.0,47.0,237.0,0.0,
246.0,Brook Lopez,37.0,LAC,C,37.0,7.0,627.0,80.0,221.0,0.362,53.0,162.0,0.327,27.0,59.0,0.458,0.482,22.0,26.0,0.846,13.0,82.0,95.0,32.0,18.0,36.0,30.0,60.0,235.0,0.0,
247.0,Goga Bitadze,26.0,ORL,C,39.0,1.0,652.0,97.0,141.0,0.688,2.0,10.0,0.2,95.0,131.0,0.725,0.695,38.0,52.0,0.731,84.0,119.0,203.0,49.0,30.0,48.0,22.0,86.0,234.0,0.0,
248.0,Jaden Ivey,23.0,DET,SG,28.0,2.0,475.0,86.0,187.0,0.46,34.0,93.0,0.366,52.0,94.0,0.553,0.551,28.0,36.0,0.778,15.0,44.0,59.0,47.0,13.0,11.0,29.0,38.0,234.0,0.0,
249.0,Bones Hyland,25.0,MIN,PG,36.0,3.0,491.0,84.0,188.0,0.447,41.0,116.0,0.353,43.0,72.0,0.597,0.556,23.0,32.0,0.719,7.0,41.0,48.0,90.0,18.0,9.0,27.0,57.0,232.0,0.0,
250.0,Corey Kispert,26.0,2TM,SF,26.0,5.0,494.0,78.0,167.0,0.467,40.0,106.0,0.377,38.0,61.0,0.623,0.587,36.0,46.0,0.783,10.0,50.0,60.0,41.0,13.0,3.0,21.0,26.0,232.0,0.0,
250.0,Corey Kispert,26.0,WAS,SF,19.0,2.0,370.0,59.0,119.0,0.496,30.0,76.0,0.395,29.0,43.0,0.674,0.622,26.0,34.0,0.765,6.0,38.0,44.0,32.0,8.0,3.0,14.0,20.0,174.0,0.0,
250.0,Corey Kispert,26.0,ATL,SF,7.0,3.0,124.0,19.0,48.0,0.396,10.0,30.0,0.333,9.0,18.0,0.5,0.5,10.0,12.0,0.833,4.0,12.0,16.0,9.0,5.0,0.0,7.0,6.0,58.0,0.0,
251.0,Jordan Walsh,21.0,BOS,PF,39.0,20.0,741.0,87.0,156.0,0.558,29.0,67.0,0.433,58.0,89.0,0.652,0.651,25.0,31.0,0.806,52.0,123.0,175.0,34.0,34.0,18.0,20.0,90.0,228.0,0.0,
252.0,Daniel Gafford,27.0,DAL,C,29.0,20.0,602.0,88.0,140.0,0.629,0.0,0.0,,88.0,140.0,0.629,0.629,51.0,67.0,0.761,58.0,130.0,188.0,24.0,23.0,38.0,39.0,75.0,227.0,0.0,
253.0,Ja'Kobe Walter,21.0,TOR,SG,37.0,9.0,654.0,78.0,181.0,0.431,44.0,120.0,0.367,34.0,61.0,0.557,0.552,27.0,36.0,0.75,26.0,52.0,78.0,32.0,32.0,6.0,19.0,72.0,227.0,0.0,
254.0,De'Anthony Melton,27.0,GSW,PG,20.0,0.0,417.0,81.0,187.0,0.433,27.0,89.0,0.303,54.0,98.0,0.551,0.505,37.0,47.0,0.787,12.0,42.0,54.0,40.0,28.0,11.0,29.0,46.0,226.0,0.0,
255.0,Ben Sheppard,24.0,IND,SG,35.0,12.0,787.0,78.0,207.0,0.377,42.0,130.0,0.323,36.0,77.0,0.468,0.478,26.0,34.0,0.765,22.0,92.0,114.0,62.0,20.0,4.0,17.0,65.0,224.0,0.0,
256.0,Isaiah Jackson,24.0,IND,C,33.0,14.0,569.0,88.0,151.0,0.583,0.0,1.0,0.0,88.0,150.0,0.587,0.583,46.0,65.0,0.708,78.0,107.0,185.0,25.0,21.0,24.0,39.0,94.0,222.0,0.0,
257.0,Nique Clifford,23.0,SAC,SG,42.0,3.0,779.0,85.0,212.0,0.401,28.0,96.0,0.292,57.0,116.0,0.491,0.467,23.0,34.0,0.676,28.0,94.0,122.0,54.0,23.0,12.0,45.0,81.0,221.0,0.0,
258.0,Jaxson Hayes,25.0,LAL,C,35.0,4.0,615.0,90.0,117.0,0.769,1.0,1.0,1.0,89.0,116.0,0.767,0.774,40.0,64.0,0.625,51.0,89.0,140.0,28.0,12.0,21.0,20.0,72.0,221.0,0.0,
259.0,Bryce McGowens,23.0,NOP,SG,29.0,11.0,563.0,73.0,153.0,0.477,24.0,55.0,0.436,49.0,98.0,0.5,0.556,51.0,67.0,0.761,10.0,49.0,59.0,38.0,17.0,4.0,15.0,54.0,221.0,0.0,
260.0,Danny Wolf,21.0,BRK,PF,29.0,4.0,553.0,79.0,198.0,0.399,33.0,90.0,0.367,46.0,108.0,0.426,0.482,28.0,34.0,0.824,29.0,93.0,122.0,51.0,18.0,11.0,29.0,50.0,219.0,0.0,
261.0,Herbert Jones,27.0,NOP,SF,24.0,24.0,676.0,80.0,206.0,0.388,32.0,99.0,0.323,48.0,107.0,0.449,0.466,26.0,32.0,0.813,25.0,59.0,84.0,57.0,40.0,9.0,32.0,78.0,218.0,0.0,
262.0,Tre Mann,24.0,CHO,PG,28.0,1.0,473.0,83.0,223.0,0.372,37.0,115.0,0.322,46.0,108.0,0.426,0.455,15.0,17.0,0.882,19.0,49.0,68.0,63.0,14.0,3.0,38.0,51.0,218.0,0.0,
263.0,Vince Williams Jr.,25.0,MEM,PG,29.0,11.0,625.0,75.0,217.0,0.346,39.0,131.0,0.298,36.0,86.0,0.419,0.435,29.0,35.0,0.829,22.0,93.0,115.0,133.0,21.0,13.0,55.0,59.0,218.0,0.0,
264.0,Yves Missi,21.0,NOP,C,39.0,7.0,734.0,94.0,173.0,0.543,0.0,1.0,0.0,94.0,172.0,0.547,0.543,29.0,49.0,0.592,116.0,100.0,216.0,46.0,13.0,50.0,30.0,66.0,217.0,0.0,
265.0,Jaden Hardy,23.0,DAL,SG,31.0,4.0,381.0,72.0,181.0,0.398,43.0,116.0,0.371,29.0,65.0,0.446,0.517,28.0,35.0,0.8,11.0,31.0,42.0,25.0,7.0,2.0,26.0,39.0,215.0,0.0,
266.0,Gary Payton II,33.0,GSW,SG,43.0,1.0,549.0,96.0,177.0,0.542,14.0,48.0,0.292,82.0,129.0,0.636,0.582,8.0,14.0,0.571,48.0,89.0,137.0,67.0,23.0,14.0,38.0,64.0,214.0,0.0,
267.0,Nae'Qwan Tomlin,25.0,CLE,PF,35.0,2.0,561.0,86.0,181.0,0.475,14.0,65.0,0.215,72.0,116.0,0.621,0.514,28.0,39.0,0.718,50.0,62.0,112.0,28.0,25.0,24.0,11.0,69.0,214.0,0.0,
268.0,Cole Anthony,25.0,MIL,PG,31.0,0.0,468.0,90.0,201.0,0.448,20.0,62.0,0.323,70.0,139.0,0.504,0.498,13.0,22.0,0.591,13.0,66.0,79.0,111.0,19.0,10.0,60.0,65.0,213.0,0.0,
269.0,Mouhamed Gueye,23.0,ATL,PF,45.0,4.0,719.0,82.0,187.0,0.439,22.0,81.0,0.272,60.0,106.0,0.566,0.497,23.0,39.0,0.59,51.0,108.0,159.0,45.0,36.0,25.0,26.0,78.0,209.0,0.0,
270.0,Kris Murray,25.0,POR,SF,34.0,11.0,874.0,78.0,175.0,0.446,20.0,78.0,0.256,58.0,97.0,0.598,0.503,31.0,42.0,0.738,61.0,75.0,136.0,42.0,40.0,14.0,31.0,68.0,207.0,0.0,
271.0,Tristan Vukcevic,22.0,WAS,C,30.0,2.0,342.0,70.0,154.0,0.455,12.0,60.0,0.2,58.0,94.0,0.617,0.494,55.0,72.0,0.764,17.0,54.0,71.0,29.0,8.0,20.0,30.0,37.0,207.0,0.0,
272.0,Dean Wade,29.0,CLE,PF,37.0,16.0,842.0,70.0,178.0,0.393,43.0,133.0,0.323,27.0,45.0,0.6,0.514,24.0,32.0,0.75,31.0,122.0,153.0,59.0,26.0,14.0,11.0,60.0,207.0,0.0,
273.0,Keon Ellis,26.0,SAC,SG,39.0,5.0,675.0,71.0,185.0,0.384,45.0,126.0,0.357,26.0,59.0,0.441,0.505,19.0,30.0,0.633,14.0,38.0,52.0,23.0,44.0,19.0,19.0,63.0,206.0,0.0,
274.0,Jakob Poeltl,30.0,TOR,C,21.0,21.0,531.0,88.0,127.0,0.693,0.0,0.0,,88.0,127.0,0.693,0.693,28.0,47.0,0.596,57.0,105.0,162.0,45.0,16.0,11.0,33.0,66.0,204.0,0.0,
275.0,Drake Powell,20.0,BRK,SG,32.0,6.0,614.0,73.0,162.0,0.451,25.0,80.0,0.313,48.0,82.0,0.585,0.528,33.0,37.0,0.892,6.0,44.0,50.0,55.0,20.0,5.0,30.0,47.0,204.0,0.0,
276.0,Craig Porter Jr.,25.0,CLE,PG,41.0,2.0,728.0,80.0,172.0,0.465,24.0,60.0,0.4,56.0,112.0,0.5,0.535,15.0,26.0,0.577,60.0,88.0,148.0,124.0,38.0,26.0,38.0,47.0,199.0,0.0,
277.0,Nicolas Batum,37.0,LAC,PF,43.0,4.0,864.0,64.0,163.0,0.393,61.0,155.0,0.394,3.0,8.0,0.375,0.58,9.0,11.0,0.818,17.0,93.0,110.0,34.0,35.0,18.0,27.0,73.0,198.0,0.0,
278.0,Jalen Pickett,26.0,DEN,SG,31.0,13.0,586.0,74.0,170.0,0.435,37.0,90.0,0.411,37.0,80.0,0.463,0.544,10.0,11.0,0.909,15.0,74.0,89.0,90.0,12.0,3.0,26.0,32.0,195.0,0.0,
279.0,Alex Caruso,31.0,OKC,SG,32.0,0.0,582.0,70.0,168.0,0.417,31.0,103.0,0.301,39.0,65.0,0.6,0.509,23.0,28.0,0.821,18.0,73.0,91.0,68.0,45.0,12.0,25.0,40.0,194.0,0.0,
280.0,Jordan Miller,26.0,LAC,SF,23.0,0.0,422.0,65.0,126.0,0.516,19.0,48.0,0.396,46.0,78.0,0.59,0.591,44.0,53.0,0.83,19.0,49.0,68.0,36.0,16.0,4.0,22.0,23.0,193.0,0.0,
281.0,Cam Whitmore,21.0,WAS,SF,21.0,0.0,354.0,77.0,169.0,0.456,16.0,56.0,0.286,61.0,113.0,0.54,0.503,23.0,31.0,0.742,19.0,39.0,58.0,15.0,15.0,8.0,18.0,25.0,193.0,0.0,
282.0,Trae Young,27.0,ATL,PG,10.0,10.0,280.0,56.0,135.0,0.415,18.0,59.0,0.305,38.0,76.0,0.5,0.481,63.0,73.0,0.863,0.0,15.0,15.0,89.0,10.0,1.0,26.0,20.0,193.0,0.0,
283.0,Tyler Kolek,24.0,NYK,PG,39.0,1.0,518.0,77.0,179.0,0.43,25.0,76.0,0.329,52.0,103.0,0.505,0.5,11.0,16.0,0.688,13.0,61.0,74.0,107.0,17.0,3.0,39.0,55.0,190.0,0.0,
284.0,Jared McCain,21.0,PHI,SG,31.0,1.0,519.0,69.0,195.0,0.354,30.0,93.0,0.323,39.0,102.0,0.382,0.431,22.0,25.0,0.88,4.0,62.0,66.0,48.0,22.0,1.0,23.0,36.0,190.0,0.0,
285.0,Micah Peavy,24.0,NOP,SG,39.0,1.0,627.0,80.0,200.0,0.4,19.0,74.0,0.257,61.0,126.0,0.484,0.448,11.0,15.0,0.733,37.0,51.0,88.0,45.0,29.0,6.0,12.0,67.0,190.0,0.0,
286.0,Tidjane SalaÃ¼n,20.0,CHO,PF,29.0,0.0,475.0,69.0,134.0,0.515,30.0,68.0,0.441,39.0,66.0,0.591,0.627,21.0,30.0,0.7,22.0,104.0,126.0,26.0,11.0,7.0,21.0,47.0,189.0,0.0,
287.0,Steven Adams,32.0,HOU,C,32.0,11.0,730.0,70.0,139.0,0.504,0.0,0.0,,70.0,139.0,0.504,0.504,47.0,81.0,0.58,145.0,131.0,276.0,48.0,22.0,20.0,35.0,55.0,187.0,0.0,
288.0,Will Riley,19.0,WAS,SF,35.0,0.0,489.0,67.0,164.0,0.409,16.0,63.0,0.254,51.0,101.0,0.505,0.457,36.0,45.0,0.8,26.0,45.0,71.0,39.0,15.0,4.0,29.0,26.0,186.0,0.0,
289.0,Mike Conley,38.0,MIN,PG,39.0,8.0,721.0,54.0,160.0,0.338,40.0,119.0,0.336,14.0,41.0,0.341,0.463,37.0,42.0,0.881,13.0,55.0,68.0,114.0,22.0,7.0,24.0,59.0,185.0,0.0,
290.0,Robert Williams,28.0,POR,C,31.0,1.0,497.0,82.0,113.0,0.726,3.0,12.0,0.25,79.0,101.0,0.782,0.739,18.0,24.0,0.75,62.0,133.0,195.0,30.0,19.0,41.0,19.0,37.0,185.0,0.0,
291.0,Josh Minott,23.0,BOS,PF,29.0,10.0,510.0,66.0,131.0,0.504,32.0,73.0,0.438,34.0,58.0,0.586,0.626,20.0,26.0,0.769,39.0,76.0,115.0,32.0,24.0,11.0,18.0,49.0,184.0,0.0,
292.0,Aaron Holiday,29.0,HOU,PG,30.0,1.0,420.0,58.0,145.0,0.4,38.0,100.0,0.38,20.0,45.0,0.444,0.531,25.0,29.0,0.862,4.0,21.0,25.0,30.0,13.0,4.0,21.0,41.0,179.0,0.0,
293.0,Paul Reed,26.0,DET,C,31.0,6.0,378.0,77.0,130.0,0.592,7.0,20.0,0.35,70.0,110.0,0.636,0.619,18.0,32.0,0.563,59.0,75.0,134.0,38.0,28.0,19.0,32.0,49.0,179.0,0.0,
294.0,Al Horford,39.0,GSW,C,26.0,1.0,509.0,63.0,161.0,0.391,40.0,114.0,0.351,23.0,47.0,0.489,0.516,11.0,11.0,1.0,24.0,105.0,129.0,53.0,20.0,27.0,25.0,31.0,177.0,0.0,
295.0,Kevin Love,37.0,UTA,PF,25.0,4.0,433.0,57.0,143.0,0.399,36.0,100.0,0.36,21.0,43.0,0.488,0.524,27.0,33.0,0.818,42.0,98.0,140.0,46.0,8.0,8.0,20.0,44.0,177.0,0.0,
296.0,Jase Richardson,20.0,ORL,SG,30.0,0.0,374.0,67.0,134.0,0.5,22.0,53.0,0.415,45.0,81.0,0.556,0.582,21.0,30.0,0.7,16.0,29.0,45.0,39.0,8.0,2.0,19.0,34.0,177.0,0.0,
297.0,Cody Williams,21.0,UTA,SG,32.0,9.0,557.0,76.0,164.0,0.463,13.0,57.0,0.228,63.0,107.0,0.589,0.503,12.0,21.0,0.571,25.0,45.0,70.0,27.0,12.0,9.0,16.0,53.0,177.0,0.0,
298.0,Ochai Agbaji,25.0,TOR,SG,38.0,13.0,627.0,70.0,166.0,0.422,12.0,64.0,0.188,58.0,102.0,0.569,0.458,24.0,27.0,0.889,30.0,60.0,90.0,29.0,17.0,11.0,17.0,72.0,176.0,0.0,
299.0,Derrick Jones Jr.,28.0,LAC,SF,17.0,13.0,411.0,65.0,117.0,0.556,22.0,55.0,0.4,43.0,62.0,0.694,0.65,24.0,31.0,0.774,15.0,30.0,45.0,20.0,13.0,18.0,14.0,35.0,176.0,0.0,
300.0,Landry Shamet,28.0,NYK,SG,19.0,6.0,383.0,53.0,115.0,0.461,37.0,85.0,0.435,16.0,30.0,0.533,0.622,31.0,40.0,0.775,7.0,26.0,33.0,21.0,10.0,5.0,8.0,23.0,174.0,0.0,
301.0,Jaylin Williams,23.0,OKC,PF,31.0,4.0,558.0,54.0,148.0,0.365,35.0,115.0,0.304,19.0,33.0,0.576,0.483,30.0,41.0,0.732,16.0,128.0,144.0,76.0,18.0,16.0,30.0,61.0,173.0,0.0,
302.0,Jaylen Clark,24.0,MIN,SG,42.0,0.0,590.0,61.0,141.0,0.433,17.0,59.0,0.288,44.0,82.0,0.537,0.493,33.0,51.0,0.647,39.0,44.0,83.0,25.0,32.0,7.0,14.0,62.0,172.0,0.0,
303.0,Dalton Knecht,24.0,LAL,SF,36.0,1.0,450.0,66.0,151.0,0.437,29.0,91.0,0.319,37.0,60.0,0.617,0.533,11.0,16.0,0.688,11.0,45.0,56.0,13.0,8.0,9.0,16.0,37.0,172.0,0.0,
304.0,Karlo MatkoviÄ,24.0,NOP,PF,34.0,2.0,436.0,73.0,117.0,0.624,16.0,38.0,0.421,57.0,79.0,0.722,0.692,8.0,15.0,0.533,28.0,81.0,109.0,24.0,9.0,25.0,17.0,54.0,170.0,0.0,
305.0,Asa Newell,20.0,ATL,PF,33.0,0.0,351.0,67.0,120.0,0.558,25.0,57.0,0.439,42.0,63.0,0.667,0.663,11.0,20.0,0.55,28.0,35.0,63.0,18.0,12.0,11.0,17.0,53.0,170.0,0.0,
306.0,Jarred Vanderbilt,26.0,LAL,PF,34.0,3.0,675.0,64.0,132.0,0.485,17.0,54.0,0.315,47.0,78.0,0.603,0.549,22.0,31.0,0.71,55.0,118.0,173.0,45.0,30.0,13.0,38.0,66.0,167.0,0.0,
307.0,GG Jackson II,21.0,MEM,PF,23.0,3.0,361.0,61.0,131.0,0.466,19.0,63.0,0.302,42.0,68.0,0.618,0.538,24.0,32.0,0.75,9.0,56.0,65.0,16.0,16.0,12.0,22.0,36.0,165.0,0.0,
308.0,Pat Spencer,29.0,GSW,PG,30.0,3.0,411.0,62.0,152.0,0.408,17.0,47.0,0.362,45.0,105.0,0.429,0.464,21.0,24.0,0.875,19.0,40.0,59.0,89.0,18.0,1.0,27.0,33.0,162.0,0.0,
309.0,Branden Carlson,26.0,OKC,C,32.0,2.0,351.0,66.0,126.0,0.524,20.0,57.0,0.351,46.0,69.0,0.667,0.603,9.0,17.0,0.529,18.0,63.0,81.0,19.0,6.0,16.0,12.0,29.0,161.0,0.0,
310.0,Quenton Jackson,27.0,IND,PG,22.0,9.0,348.0,52.0,119.0,0.437,17.0,46.0,0.37,35.0,73.0,0.479,0.508,40.0,51.0,0.784,12.0,31.0,43.0,41.0,14.0,4.0,26.0,37.0,161.0,0.0,
311.0,Hugo GonzÃ¡lez,19.0,BOS,SF,39.0,2.0,583.0,65.0,127.0,0.512,21.0,55.0,0.382,44.0,72.0,0.611,0.594,9.0,17.0,0.529,35.0,98.0,133.0,23.0,23.0,11.0,24.0,75.0,160.0,0.0,
312.0,Justin Edwards,22.0,PHI,SF,33.0,5.0,474.0,56.0,146.0,0.384,32.0,96.0,0.333,24.0,50.0,0.48,0.493,15.0,17.0,0.882,15.0,35.0,50.0,38.0,21.0,8.0,21.0,50.0,159.0,0.0,
313.0,Kenrich Williams,31.0,OKC,PF,26.0,0.0,384.0,64.0,123.0,0.52,22.0,60.0,0.367,42.0,63.0,0.667,0.61,8.0,17.0,0.471,21.0,61.0,82.0,41.0,15.0,4.0,14.0,29.0,158.0,0.0,
314.0,Drew Eubanks,28.0,SAC,C,30.0,11.0,420.0,66.0,110.0,0.6,1.0,4.0,0.25,65.0,106.0,0.613,0.605,24.0,43.0,0.558,25.0,57.0,82.0,8.0,12.0,19.0,25.0,41.0,157.0,0.0,
315.0,Taylor Hendricks,22.0,UTA,PF,31.0,6.0,466.0,55.0,117.0,0.47,23.0,63.0,0.365,32.0,54.0,0.593,0.568,23.0,30.0,0.767,28.0,67.0,95.0,21.0,13.0,8.0,17.0,39.0,156.0,0.0,
316.0,Jabari Walker,23.0,PHI,PF,40.0,6.0,509.0,55.0,132.0,0.417,14.0,57.0,0.246,41.0,75.0,0.547,0.47,32.0,44.0,0.727,50.0,82.0,132.0,20.0,13.0,11.0,17.0,70.0,156.0,0.0,
317.0,Zeke Nnaji,25.0,DEN,PF,33.0,2.0,453.0,55.0,113.0,0.487,11.0,40.0,0.275,44.0,73.0,0.603,0.535,33.0,40.0,0.825,23.0,70.0,93.0,19.0,13.0,17.0,16.0,47.0,154.0,0.0,
318.0,Tyrese Proctor,21.0,CLE,PG,32.0,1.0,337.0,52.0,142.0,0.366,29.0,90.0,0.322,23.0,52.0,0.442,0.468,19.0,23.0,0.826,6.0,33.0,39.0,38.0,10.0,0.0,17.0,37.0,152.0,0.0,
319.0,Tony Bradley,28.0,IND,C,38.0,3.0,416.0,59.0,106.0,0.557,1.0,2.0,0.5,58.0,104.0,0.558,0.561,32.0,43.0,0.744,56.0,51.0,107.0,20.0,6.0,7.0,17.0,60.0,151.0,0.0,
320.0,Keaton Wallace,26.0,ATL,PG,36.0,2.0,440.0,56.0,133.0,0.421,33.0,82.0,0.402,23.0,51.0,0.451,0.545,6.0,11.0,0.545,3.0,43.0,46.0,79.0,21.0,5.0,22.0,37.0,151.0,0.0,
321.0,Zach Edey,23.0,MEM,C,11.0,11.0,284.0,62.0,98.0,0.633,1.0,5.0,0.2,61.0,93.0,0.656,0.638,25.0,32.0,0.781,43.0,79.0,122.0,12.0,7.0,21.0,26.0,37.0,150.0,0.0,
322.0,Johnny Furphy,21.0,IND,SG,28.0,14.0,500.0,58.0,118.0,0.492,21.0,57.0,0.368,37.0,61.0,0.607,0.581,13.0,28.0,0.464,27.0,91.0,118.0,24.0,16.0,6.0,23.0,49.0,150.0,0.0,
323.0,Jordan Hawkins,23.0,NOP,SG,35.0,0.0,493.0,54.0,169.0,0.32,28.0,93.0,0.301,26.0,76.0,0.342,0.402,14.0,18.0,0.778,14.0,48.0,62.0,26.0,8.0,7.0,22.0,22.0,150.0,0.0,
324.0,Mitchell Robinson,27.0,NYK,C,31.0,13.0,597.0,65.0,96.0,0.677,0.0,0.0,,65.0,96.0,0.677,0.677,20.0,53.0,0.377,151.0,132.0,283.0,33.0,26.0,37.0,22.0,73.0,150.0,0.0,
325.0,Lonzo Ball,28.0,CLE,PG,30.0,3.0,636.0,49.0,161.0,0.304,36.0,133.0,0.271,13.0,28.0,0.464,0.416,14.0,20.0,0.7,25.0,92.0,117.0,124.0,37.0,8.0,45.0,38.0,148.0,0.0,
326.0,Noah Penda,21.0,ORL,SF,28.0,2.0,394.0,53.0,116.0,0.457,21.0,47.0,0.447,32.0,69.0,0.464,0.547,20.0,33.0,0.606,44.0,68.0,112.0,35.0,16.0,13.0,21.0,38.0,147.0,0.0,
327.0,Jalen Wilson,25.0,BRK,PF,29.0,0.0,398.0,46.0,122.0,0.377,27.0,77.0,0.351,19.0,45.0,0.422,0.488,28.0,37.0,0.757,4.0,31.0,35.0,16.0,9.0,2.0,14.0,34.0,147.0,0.0,
328.0,Jamaree Bouyea,26.0,PHO,PG,19.0,0.0,280.0,59.0,105.0,0.562,16.0,39.0,0.41,43.0,66.0,0.652,0.638,11.0,16.0,0.688,10.0,29.0,39.0,33.0,12.0,7.0,7.0,14.0,145.0,0.0,
329.0,Thomas Bryant,28.0,CLE,C,31.0,0.0,282.0,51.0,98.0,0.52,16.0,47.0,0.34,35.0,51.0,0.686,0.602,24.0,29.0,0.828,23.0,55.0,78.0,13.0,7.0,12.0,10.0,34.0,142.0,0.0,
330.0,Nick Smith Jr.,21.0,LAL,SG,23.0,1.0,300.0,53.0,124.0,0.427,27.0,68.0,0.397,26.0,56.0,0.464,0.536,7.0,11.0,0.636,2.0,16.0,18.0,27.0,8.0,2.0,18.0,24.0,140.0,0.0,
331.0,Adem Bona,22.0,PHI,C,34.0,3.0,571.0,48.0,81.0,0.593,2.0,5.0,0.4,46.0,76.0,0.605,0.605,41.0,61.0,0.672,61.0,74.0,135.0,9.0,11.0,47.0,26.0,68.0,139.0,0.0,
332.0,Trayce Jackson-Davis,25.0,GSW,C,32.0,1.0,380.0,56.0,94.0,0.596,1.0,1.0,1.0,55.0,93.0,0.591,0.601,26.0,46.0,0.565,45.0,62.0,107.0,29.0,10.0,18.0,14.0,36.0,139.0,0.0,
333.0,Trendon Watford,25.0,PHI,PF,22.0,4.0,350.0,53.0,101.0,0.525,8.0,20.0,0.4,45.0,81.0,0.556,0.564,24.0,32.0,0.75,18.0,58.0,76.0,63.0,6.0,6.0,24.0,44.0,138.0,1.0,
334.0,Clint Capela,31.0,HOU,C,37.0,1.0,430.0,60.0,113.0,0.531,0.0,0.0,,60.0,113.0,0.531,0.531,15.0,30.0,0.5,89.0,80.0,169.0,19.0,19.0,27.0,17.0,33.0,135.0,0.0,
335.0,Jett Howard,22.0,ORL,SF,28.0,0.0,308.0,46.0,123.0,0.374,26.0,78.0,0.333,20.0,45.0,0.444,0.48,17.0,18.0,0.944,10.0,30.0,40.0,24.0,4.0,4.0,6.0,27.0,135.0,0.0,
336.0,Nolan TraorÃ©,19.0,BRK,PG,23.0,0.0,427.0,46.0,134.0,0.343,21.0,65.0,0.323,25.0,69.0,0.362,0.422,21.0,26.0,0.808,3.0,25.0,28.0,61.0,11.0,6.0,30.0,38.0,134.0,0.0,
337.0,Christian Braun,24.0,DEN,SG,14.0,14.0,404.0,51.0,111.0,0.459,7.0,33.0,0.212,44.0,78.0,0.564,0.491,24.0,32.0,0.75,20.0,39.0,59.0,35.0,9.0,6.0,17.0,29.0,133.0,0.0,
338.0,Tyus Jones,29.0,ORL,PG,43.0,8.0,691.0,50.0,149.0,0.336,27.0,97.0,0.278,23.0,52.0,0.442,0.426,6.0,6.0,1.0,8.0,40.0,48.0,101.0,31.0,3.0,11.0,24.0,133.0,0.0,
339.0,Gui Santos,23.0,GSW,PF,35.0,3.0,403.0,46.0,99.0,0.465,23.0,64.0,0.359,23.0,35.0,0.657,0.581,16.0,24.0,0.667,26.0,56.0,82.0,35.0,15.0,7.0,26.0,46.0,131.0,0.0,
340.0,Bogdan BogdanoviÄ,33.0,LAC,SG,16.0,3.0,360.0,44.0,117.0,0.376,24.0,72.0,0.333,20.0,45.0,0.444,0.479,16.0,19.0,0.842,5.0,41.0,46.0,43.0,8.0,1.0,19.0,40.0,128.0,0.0,
341.0,Kyle Anderson,32.0,UTA,SF,16.0,0.0,320.0,49.0,94.0,0.521,2.0,4.0,0.5,47.0,90.0,0.522,0.532,20.0,33.0,0.606,16.0,40.0,56.0,46.0,20.0,8.0,15.0,36.0,120.0,0.0,
342.0,Jamison Battle,24.0,TOR,SF,34.0,2.0,299.0,45.0,82.0,0.549,22.0,48.0,0.458,23.0,34.0,0.676,0.683,6.0,9.0,0.667,10.0,41.0,51.0,14.0,5.0,2.0,13.0,28.0,118.0,0.0,
343.0,Baylor Scheierman,25.0,BOS,SG,39.0,3.0,503.0,42.0,91.0,0.462,30.0,71.0,0.423,12.0,20.0,0.6,0.626,4.0,5.0,0.8,12.0,63.0,75.0,30.0,23.0,2.0,17.0,54.0,118.0,0.0,
344.0,Rob Dillingham,21.0,MIN,PG,32.0,0.0,312.0,45.0,133.0,0.338,11.0,31.0,0.355,34.0,102.0,0.333,0.38,15.0,20.0,0.75,5.0,34.0,39.0,57.0,17.0,3.0,32.0,36.0,116.0,0.0,
345.0,Liam McNeeley,20.0,CHO,SF,27.0,0.0,336.0,34.0,86.0,0.395,22.0,58.0,0.379,12.0,28.0,0.429,0.523,25.0,31.0,0.806,11.0,48.0,59.0,23.0,5.0,3.0,12.0,35.0,115.0,0.0,
346.0,Jeremy Sochan,22.0,SAS,PF,27.0,0.0,354.0,47.0,98.0,0.48,9.0,35.0,0.257,38.0,63.0,0.603,0.526,11.0,16.0,0.688,26.0,47.0,73.0,28.0,10.0,4.0,18.0,50.0,114.0,0.0,
347.0,Jevon Carter,30.0,CHI,PG,21.0,0.0,233.0,37.0,93.0,0.398,29.0,70.0,0.414,8.0,23.0,0.348,0.554,10.0,10.0,1.0,5.0,16.0,21.0,18.0,12.0,0.0,10.0,16.0,113.0,0.0,
348.0,Gabe Vincent,29.0,LAL,PG,23.0,7.0,455.0,36.0,107.0,0.336,31.0,84.0,0.369,5.0,23.0,0.217,0.481,10.0,11.0,0.909,6.0,14.0,20.0,29.0,9.0,1.0,9.0,50.0,113.0,0.0,
349.0,Guerschon Yabusele,30.0,NYK,C,37.0,0.0,348.0,40.0,102.0,0.392,20.0,65.0,0.308,20.0,37.0,0.541,0.49,8.0,12.0,0.667,21.0,58.0,79.0,17.0,4.0,5.0,14.0,35.0,108.0,0.0,
350.0,Cam Christie,20.0,LAC,SG,29.0,0.0,294.0,34.0,85.0,0.4,10.0,36.0,0.278,24.0,49.0,0.49,0.459,29.0,39.0,0.744,10.0,42.0,52.0,17.0,8.0,2.0,12.0,14.0,107.0,0.0,
351.0,Micah Potter,27.0,IND,C,15.0,2.0,262.0,30.0,68.0,0.441,17.0,47.0,0.362,13.0,21.0,0.619,0.566,28.0,30.0,0.933,13.0,46.0,59.0,21.0,4.0,4.0,10.0,23.0,105.0,0.0,
352.0,Julian Strawther,23.0,DEN,SG,23.0,1.0,240.0,33.0,86.0,0.384,8.0,37.0,0.216,25.0,49.0,0.51,0.43,29.0,37.0,0.784,2.0,31.0,33.0,19.0,5.0,1.0,10.0,24.0,103.0,0.0,
353.0,Jonathan Isaac,28.0,ORL,PF,36.0,0.0,361.0,35.0,79.0,0.443,6.0,31.0,0.194,29.0,48.0,0.604,0.481,26.0,43.0,0.605,29.0,66.0,95.0,11.0,13.0,19.0,12.0,27.0,102.0,0.0,
354.0,Dwight Powell,34.0,DAL,C,31.0,6.0,454.0,32.0,47.0,0.681,0.0,0.0,,32.0,47.0,0.681,0.681,38.0,58.0,0.655,40.0,77.0,117.0,31.0,16.0,11.0,16.0,62.0,102.0,0.0,
355.0,Moussa Cisse,23.0,DAL,C,26.0,1.0,302.0,39.0,61.0,0.639,0.0,0.0,,39.0,61.0,0.639,0.639,23.0,50.0,0.46,49.0,69.0,118.0,6.0,9.0,31.0,21.0,47.0,101.0,0.0,
356.0,Rayan Rupert,21.0,POR,SG,39.0,0.0,459.0,40.0,113.0,0.354,14.0,53.0,0.264,26.0,60.0,0.433,0.416,7.0,12.0,0.583,17.0,48.0,65.0,28.0,21.0,2.0,15.0,45.0,101.0,0.0,
357.0,Jeremiah Robinson-Earl,25.0,2TM,PF,21.0,3.0,358.0,37.0,100.0,0.37,10.0,41.0,0.244,27.0,59.0,0.458,0.42,17.0,18.0,0.944,36.0,66.0,102.0,15.0,9.0,1.0,11.0,26.0,101.0,0.0,
357.0,Jeremiah Robinson-Earl,25.0,IND,PF,17.0,3.0,300.0,29.0,83.0,0.349,8.0,33.0,0.242,21.0,50.0,0.42,0.398,13.0,14.0,0.929,32.0,56.0,88.0,12.0,7.0,1.0,10.0,23.0,79.0,0.0,
357.0,Jeremiah Robinson-Earl,25.0,DAL,PF,4.0,0.0,58.0,8.0,17.0,0.471,2.0,8.0,0.25,6.0,9.0,0.667,0.529,4.0,4.0,1.0,4.0,10.0,14.0,3.0,2.0,0.0,1.0,3.0,22.0,0.0,
358.0,Terrence Shannon Jr.,25.0,MIN,SG,22.0,0.0,282.0,32.0,81.0,0.395,15.0,37.0,0.405,17.0,44.0,0.386,0.488,21.0,27.0,0.778,6.0,22.0,28.0,14.0,7.0,1.0,15.0,29.0,100.0,0.0,
359.0,Malaki Branham,22.0,WAS,SG,24.0,0.0,230.0,33.0,72.0,0.458,8.0,27.0,0.296,25.0,45.0,0.556,0.514,25.0,30.0,0.833,10.0,28.0,38.0,21.0,10.0,3.0,12.0,16.0,99.0,0.0,
360.0,Zach Collins,28.0,CHI,C,10.0,0.0,184.0,37.0,64.0,0.578,9.0,21.0,0.429,28.0,43.0,0.651,0.648,14.0,20.0,0.7,16.0,40.0,56.0,15.0,2.0,4.0,10.0,18.0,97.0,0.0,
361.0,Kelly Olynyk,34.0,SAS,C,28.0,0.0,267.0,34.0,72.0,0.472,9.0,38.0,0.237,25.0,34.0,0.735,0.535,20.0,30.0,0.667,18.0,35.0,53.0,35.0,13.0,1.0,16.0,33.0,97.0,0.0,
362.0,Olivier-Maxence Prosper,23.0,MEM,PF,20.0,0.0,226.0,31.0,64.0,0.484,7.0,22.0,0.318,24.0,42.0,0.571,0.539,26.0,28.0,0.929,12.0,33.0,45.0,15.0,4.0,1.0,12.0,16.0,95.0,0.0,
363.0,Gary Harris,31.0,MIL,SG,34.0,2.0,505.0,33.0,68.0,0.485,20.0,42.0,0.476,13.0,26.0,0.5,0.632,8.0,9.0,0.889,12.0,39.0,51.0,36.0,21.0,5.0,14.0,42.0,94.0,0.0,
364.0,Duop Reath,29.0,POR,C,32.0,0.0,258.0,33.0,74.0,0.446,23.0,55.0,0.418,10.0,19.0,0.526,0.601,5.0,6.0,0.833,10.0,28.0,38.0,10.0,5.0,8.0,7.0,28.0,94.0,0.0,
365.0,Josh Green,25.0,CHO,SG,21.0,0.0,334.0,33.0,76.0,0.434,23.0,57.0,0.404,10.0,19.0,0.526,0.586,4.0,6.0,0.667,21.0,23.0,44.0,21.0,13.0,2.0,10.0,21.0,93.0,0.0,
366.0,Caleb Martin,30.0,DAL,SF,38.0,4.0,449.0,37.0,86.0,0.43,5.0,24.0,0.208,32.0,62.0,0.516,0.459,14.0,23.0,0.609,17.0,55.0,72.0,53.0,23.0,7.0,24.0,54.0,93.0,0.0,
367.0,Dylan Cardwell,24.0,SAC,C,19.0,1.0,364.0,39.0,70.0,0.557,0.0,1.0,0.0,39.0,69.0,0.565,0.557,14.0,26.0,0.538,54.0,78.0,132.0,20.0,15.0,31.0,13.0,74.0,92.0,0.0,
368.0,Jericho Sims,27.0,MIL,C,31.0,4.0,434.0,41.0,49.0,0.837,0.0,0.0,,41.0,49.0,0.837,0.837,8.0,13.0,0.615,39.0,74.0,113.0,19.0,6.0,5.0,30.0,51.0,90.0,0.0,
369.0,Ousmane Dieng,22.0,OKC,C,22.0,0.0,243.0,33.0,74.0,0.446,17.0,39.0,0.436,16.0,35.0,0.457,0.561,6.0,6.0,1.0,6.0,29.0,35.0,20.0,1.0,7.0,6.0,19.0,89.0,0.0,
370.0,Nick Richards,28.0,PHO,C,28.0,2.0,254.0,35.0,71.0,0.493,0.0,0.0,,35.0,71.0,0.493,0.493,19.0,28.0,0.679,35.0,56.0,91.0,8.0,4.0,14.0,25.0,39.0,89.0,0.0,
371.0,Dalen Terry,23.0,CHI,SG,28.0,0.0,284.0,34.0,78.0,0.436,13.0,34.0,0.382,21.0,44.0,0.477,0.519,6.0,11.0,0.545,15.0,33.0,48.0,30.0,18.0,8.0,16.0,28.0,87.0,0.0,
372.0,Carter Bryant,20.0,SAS,PF,35.0,0.0,287.0,32.0,92.0,0.348,12.0,48.0,0.25,20.0,44.0,0.455,0.413,10.0,12.0,0.833,15.0,45.0,60.0,7.0,6.0,5.0,12.0,27.0,86.0,0.0,
373.0,Yanic Konan NiederhÃ¤user,22.0,LAC,C,24.0,0.0,211.0,33.0,51.0,0.647,0.0,2.0,0.0,33.0,49.0,0.673,0.647,20.0,31.0,0.645,20.0,32.0,52.0,8.0,2.0,11.0,12.0,28.0,86.0,0.0,
374.0,KJ Simpson,23.0,CHO,PG,14.0,2.0,223.0,31.0,89.0,0.348,12.0,39.0,0.308,19.0,50.0,0.38,0.416,10.0,16.0,0.625,5.0,24.0,29.0,35.0,15.0,0.0,24.0,14.0,84.0,0.0,
375.0,Ethan Thompson,26.0,IND,SG,19.0,5.0,305.0,29.0,81.0,0.358,16.0,56.0,0.286,13.0,25.0,0.52,0.457,10.0,15.0,0.667,11.0,24.0,35.0,26.0,10.0,5.0,12.0,37.0,84.0,0.0,
376.0,Julian Phillips,22.0,CHI,SF,30.0,2.0,291.0,32.0,75.0,0.427,14.0,44.0,0.318,18.0,31.0,0.581,0.52,5.0,6.0,0.833,20.0,20.0,40.0,7.0,15.0,6.0,6.0,32.0,83.0,0.0,
377.0,Kobe Brown,26.0,LAC,PF,28.0,0.0,262.0,26.0,72.0,0.361,10.0,43.0,0.233,16.0,29.0,0.552,0.431,18.0,22.0,0.818,17.0,32.0,49.0,24.0,7.0,2.0,11.0,14.0,80.0,0.0,
378.0,John Konchar,29.0,MEM,SG,27.0,1.0,368.0,30.0,61.0,0.492,10.0,33.0,0.303,20.0,28.0,0.714,0.574,8.0,13.0,0.615,15.0,64.0,79.0,34.0,27.0,11.0,11.0,27.0,78.0,0.0,
379.0,Garrison Mathews,29.0,IND,SG,15.0,1.0,196.0,21.0,52.0,0.404,17.0,46.0,0.37,4.0,6.0,0.667,0.567,19.0,23.0,0.826,2.0,15.0,17.0,10.0,6.0,3.0,3.0,19.0,78.0,0.0,
380.0,Kasparas JakuÄionis,19.0,MIA,PG,19.0,3.0,275.0,21.0,67.0,0.313,18.0,42.0,0.429,3.0,25.0,0.12,0.448,14.0,16.0,0.875,13.0,25.0,38.0,34.0,9.0,0.0,15.0,30.0,74.0,0.0,
381.0,Walker Kessler,24.0,UTA,C,5.0,5.0,154.0,26.0,37.0,0.703,6.0,8.0,0.75,20.0,29.0,0.69,0.784,14.0,20.0,0.7,23.0,31.0,54.0,15.0,7.0,9.0,16.0,22.0,72.0,0.0,
382.0,Marcus Sasser,25.0,DET,PG,12.0,0.0,121.0,23.0,52.0,0.442,14.0,34.0,0.412,9.0,18.0,0.5,0.577,10.0,11.0,0.909,1.0,12.0,13.0,23.0,7.0,2.0,8.0,12.0,70.0,0.0,
383.0,Mohamed Diawara,20.0,NYK,SF,36.0,5.0,183.0,26.0,65.0,0.4,14.0,36.0,0.389,12.0,29.0,0.414,0.508,3.0,6.0,0.5,9.0,28.0,37.0,17.0,8.0,4.0,10.0,17.0,69.0,0.0,
384.0,Jae'Sean Tate,30.0,HOU,SF,26.0,0.0,208.0,29.0,58.0,0.5,7.0,19.0,0.368,22.0,39.0,0.564,0.56,4.0,5.0,0.8,19.0,20.0,39.0,14.0,5.0,3.0,7.0,31.0,69.0,0.0,
385.0,PJ Hall,23.0,2TM,C,15.0,2.0,154.0,26.0,44.0,0.591,3.0,5.0,0.6,23.0,39.0,0.59,0.625,14.0,20.0,0.7,23.0,29.0,52.0,7.0,1.0,9.0,11.0,16.0,69.0,0.0,
385.0,PJ Hall,23.0,MEM,C,7.0,0.0,27.0,5.0,9.0,0.556,1.0,3.0,0.333,4.0,6.0,0.667,0.611,2.0,3.0,0.667,3.0,6.0,9.0,2.0,0.0,2.0,1.0,3.0,13.0,0.0,
385.0,PJ Hall,23.0,CHO,C,8.0,2.0,127.0,21.0,35.0,0.6,2.0,2.0,1.0,19.0,33.0,0.576,0.629,12.0,17.0,0.706,20.0,23.0,43.0,5.0,1.0,7.0,10.0,13.0,56.0,0.0,
386.0,Larry Nance Jr.,33.0,CLE,PF,19.0,2.0,272.0,27.0,74.0,0.365,12.0,39.0,0.308,15.0,35.0,0.429,0.446,1.0,3.0,0.333,16.0,35.0,51.0,21.0,11.0,4.0,9.0,43.0,67.0,0.0,
387.0,Javon Small,23.0,MEM,PG,15.0,0.0,184.0,21.0,58.0,0.362,11.0,32.0,0.344,10.0,26.0,0.385,0.457,14.0,17.0,0.824,5.0,15.0,20.0,48.0,4.0,2.0,19.0,19.0,67.0,0.0,
388.0,Ben Saraf,19.0,BRK,SG,12.0,5.0,203.0,22.0,62.0,0.355,9.0,33.0,0.273,13.0,29.0,0.448,0.427,12.0,15.0,0.8,5.0,14.0,19.0,34.0,8.0,3.0,23.0,15.0,65.0,0.0,
389.0,RayJ Dennis,24.0,3TM,PG,15.0,0.0,177.0,22.0,73.0,0.301,12.0,39.0,0.308,10.0,34.0,0.294,0.384,8.0,9.0,0.889,8.0,15.0,23.0,30.0,4.0,4.0,15.0,17.0,64.0,0.0,
389.0,RayJ Dennis,24.0,IND,PG,13.0,0.0,168.0,22.0,72.0,0.306,12.0,38.0,0.316,10.0,34.0,0.294,0.389,8.0,9.0,0.889,8.0,13.0,21.0,26.0,3.0,4.0,14.0,16.0,64.0,0.0,
389.0,RayJ Dennis,24.0,LAC,PG,1.0,0.0,4.0,0.0,0.0,,0.0,0.0,,0.0,0.0,,,0.0,0.0,,0.0,2.0,2.0,0.0,0.0,0.0,1.0,0.0,0.0,0.0,
389.0,RayJ Dennis,24.0,ATL,PG,1.0,0.0,5.0,0.0,1.0,0.0,0.0,1.0,0.0,0.0,0.0,,0.0,0.0,0.0,,0.0,0.0,0.0,4.0,1.0,0.0,0.0,1.0,0.0,0.0,
390.0,Pat Connaughton,33.0,CHO,SG,21.0,0.0,147.0,22.0,45.0,0.489,11.0,27.0,0.407,11.0,18.0,0.611,0.611,8.0,13.0,0.615,5.0,23.0,28.0,13.0,5.0,1.0,3.0,5.0,63.0,0.0,
391.0,Rasheer Fleming,21.0,PHO,PF,24.0,0.0,167.0,24.0,68.0,0.353,8.0,39.0,0.205,16.0,29.0,0.552,0.412,7.0,9.0,0.778,16.0,14.0,30.0,4.0,6.0,6.0,4.0,19.0,63.0,0.0,
392.0,Yang Hansen,20.0,POR,C,26.0,1.0,217.0,20.0,70.0,0.286,5.0,32.0,0.156,15.0,38.0,0.395,0.321,15.0,16.0,0.938,11.0,33.0,44.0,19.0,2.0,8.0,23.0,31.0,60.0,0.0,
393.0,Joan Beringer,19.0,MIN,PF,19.0,0.0,128.0,27.0,38.0,0.711,0.0,0.0,,27.0,38.0,0.711,0.711,3.0,4.0,0.75,18.0,21.0,39.0,5.0,3.0,7.0,5.0,19.0,57.0,0.0,
394.0,Myron Gardner,24.0,MIA,SF,17.0,0.0,117.0,20.0,42.0,0.476,10.0,26.0,0.385,10.0,16.0,0.625,0.595,6.0,7.0,0.857,11.0,18.0,29.0,10.0,7.0,2.0,2.0,22.0,56.0,0.0,
395.0,Amir Coffey,28.0,MIL,SG,26.0,0.0,212.0,18.0,44.0,0.409,5.0,22.0,0.227,13.0,22.0,0.591,0.466,13.0,14.0,0.929,5.0,15.0,20.0,8.0,2.0,2.0,4.0,10.0,54.0,0.0,
396.0,DaRon Holmes,23.0,DEN,PF,12.0,6.0,169.0,17.0,41.0,0.415,14.0,34.0,0.412,3.0,7.0,0.429,0.585,6.0,8.0,0.75,5.0,19.0,24.0,15.0,0.0,4.0,5.0,15.0,54.0,0.0,
397.0,Lindy Waters III,28.0,SAS,SG,26.0,0.0,188.0,19.0,54.0,0.352,15.0,47.0,0.319,4.0,7.0,0.571,0.491,1.0,1.0,1.0,2.0,19.0,21.0,11.0,4.0,0.0,3.0,17.0,54.0,0.0,
398.0,Jamir Watkins,24.0,WAS,SG,18.0,2.0,246.0,18.0,39.0,0.462,6.0,23.0,0.261,12.0,16.0,0.75,0.538,12.0,16.0,0.75,11.0,42.0,53.0,9.0,8.0,5.0,8.0,40.0,54.0,0.0,
399.0,Chaz Lanier,24.0,DET,SG,16.0,0.0,153.0,17.0,48.0,0.354,14.0,41.0,0.341,3.0,7.0,0.429,0.5,5.0,5.0,1.0,6.0,9.0,15.0,12.0,5.0,0.0,1.0,5.0,53.0,0.0,
400.0,Chris Youngblood,23.0,OKC,SG,29.0,0.0,144.0,16.0,46.0,0.348,14.0,41.0,0.341,2.0,5.0,0.4,0.5,7.0,7.0,1.0,6.0,18.0,24.0,7.0,3.0,1.0,1.0,19.0,53.0,0.0,
401.0,Keshad Johnson,24.0,MIA,SF,18.0,0.0,142.0,19.0,51.0,0.373,5.0,20.0,0.25,14.0,31.0,0.452,0.422,9.0,13.0,0.692,13.0,22.0,35.0,1.0,5.0,4.0,6.0,13.0,52.0,0.0,
402.0,Bradley Beal,32.0,LAC,SG,6.0,6.0,121.0,18.0,48.0,0.375,7.0,19.0,0.368,11.0,29.0,0.379,0.448,6.0,8.0,0.75,2.0,3.0,5.0,10.0,3.0,0.0,9.0,14.0,49.0,0.0,
403.0,A.J. Lawson,25.0,TOR,SG,11.0,0.0,106.0,16.0,41.0,0.39,8.0,22.0,0.364,8.0,19.0,0.421,0.488,9.0,9.0,1.0,7.0,15.0,22.0,3.0,4.0,3.0,4.0,15.0,49.0,0.0,
404.0,Taurean Prince,31.0,MIL,SF,8.0,0.0,169.0,17.0,38.0,0.447,12.0,28.0,0.429,5.0,10.0,0.5,0.605,3.0,3.0,1.0,0.0,13.0,13.0,8.0,6.0,2.0,5.0,20.0,49.0,0.0,
405.0,Jamal Cain,26.0,ORL,SF,18.0,0.0,126.0,14.0,37.0,0.378,5.0,18.0,0.278,9.0,19.0,0.474,0.446,15.0,18.0,0.833,7.0,6.0,13.0,5.0,4.0,1.0,6.0,22.0,48.0,0.0,
406.0,Jalen Green,23.0,PHO,SG,4.0,2.0,54.0,16.0,37.0,0.432,8.0,19.0,0.421,8.0,18.0,0.444,0.541,7.0,9.0,0.778,2.0,5.0,7.0,8.0,2.0,0.0,5.0,3.0,47.0,0.0,
407.0,Ariel Hukporti,23.0,NYK,C,29.0,4.0,263.0,17.0,33.0,0.515,0.0,1.0,0.0,17.0,32.0,0.531,0.515,13.0,20.0,0.65,30.0,50.0,80.0,17.0,5.0,17.0,15.0,36.0,47.0,0.0,
408.0,Isaiah Livers,27.0,PHO,PF,23.0,0.0,234.0,16.0,43.0,0.372,10.0,31.0,0.323,6.0,12.0,0.5,0.488,5.0,6.0,0.833,13.0,30.0,43.0,15.0,10.0,6.0,10.0,23.0,47.0,0.0,
409.0,Chris Paul,40.0,LAC,PG,16.0,0.0,228.0,18.0,56.0,0.321,10.0,30.0,0.333,8.0,26.0,0.308,0.411,1.0,2.0,0.5,6.0,22.0,28.0,53.0,11.0,0.0,16.0,23.0,47.0,0.0,
410.0,Kevon Looney,29.0,NOP,C,17.0,6.0,237.0,20.0,47.0,0.426,1.0,9.0,0.111,19.0,38.0,0.5,0.436,5.0,8.0,0.625,39.0,48.0,87.0,25.0,6.0,8.0,8.0,30.0,46.0,0.0,
411.0,Leonard Miller,22.0,MIN,SF,17.0,0.0,86.0,18.0,32.0,0.563,1.0,11.0,0.091,17.0,21.0,0.81,0.578,7.0,11.0,0.636,6.0,17.0,23.0,5.0,4.0,0.0,7.0,11.0,44.0,0.0,
412.0,Obi Toppin,27.0,IND,PF,3.0,0.0,82.0,15.0,36.0,0.417,3.0,17.0,0.176,12.0,19.0,0.632,0.458,9.0,9.0,1.0,3.0,17.0,20.0,5.0,3.0,0.0,6.0,7.0,42.0,0.0,
413.0,Dorian Finney-Smith,32.0,HOU,PF,13.0,0.0,201.0,14.0,44.0,0.318,10.0,35.0,0.286,4.0,9.0,0.444,0.432,3.0,3.0,1.0,13.0,22.0,35.0,7.0,3.0,2.0,7.0,22.0,41.0,0.0,
414.0,Maxi Kleber,34.0,LAL,PF,20.0,1.0,230.0,13.0,40.0,0.325,4.0,17.0,0.235,9.0,23.0,0.391,0.375,11.0,14.0,0.786,14.0,23.0,37.0,14.0,6.0,5.0,7.0,31.0,41.0,0.0,
415.0,Jordan McLaughlin,29.0,SAS,PG,19.0,0.0,116.0,15.0,35.0,0.429,7.0,19.0,0.368,8.0,16.0,0.5,0.529,4.0,5.0,0.8,4.0,10.0,14.0,15.0,10.0,0.0,8.0,8.0,41.0,0.0,
416.0,Pete Nance,25.0,MIL,PF,14.0,0.0,104.0,16.0,29.0,0.552,9.0,18.0,0.5,7.0,11.0,0.636,0.707,0.0,0.0,,5.0,13.0,18.0,5.0,5.0,3.0,6.0,4.0,41.0,0.0,
417.0,Hunter Tyson,25.0,DEN,PF,18.0,2.0,144.0,13.0,50.0,0.26,6.0,31.0,0.194,7.0,19.0,0.368,0.32,9.0,11.0,0.818,4.0,27.0,31.0,15.0,2.0,1.0,4.0,12.0,41.0,0.0,
418.0,JD Davison,23.0,HOU,PG,20.0,0.0,143.0,14.0,39.0,0.359,6.0,21.0,0.286,8.0,18.0,0.444,0.436,5.0,9.0,0.556,2.0,13.0,15.0,20.0,5.0,4.0,5.0,11.0,39.0,0.0,
419.0,AJ Johnson,21.0,WAS,SG,23.0,0.0,163.0,16.0,62.0,0.258,4.0,19.0,0.211,12.0,43.0,0.279,0.29,3.0,4.0,0.75,7.0,19.0,26.0,14.0,5.0,0.0,11.0,9.0,39.0,0.0,
420.0,Devin Carter,23.0,SAC,PG,12.0,0.0,101.0,13.0,38.0,0.342,5.0,20.0,0.25,8.0,18.0,0.444,0.408,7.0,7.0,1.0,5.0,9.0,14.0,13.0,6.0,2.0,8.0,10.0,38.0,0.0,
421.0,Taelon Peter,23.0,IND,SG,22.0,0.0,139.0,12.0,40.0,0.3,10.0,37.0,0.27,2.0,3.0,0.667,0.425,4.0,6.0,0.667,6.0,17.0,23.0,16.0,6.0,2.0,10.0,9.0,38.0,0.0,
422.0,Drew Timme,25.0,LAL,PF,10.0,0.0,83.0,16.0,26.0,0.615,5.0,9.0,0.556,11.0,17.0,0.647,0.712,0.0,1.0,0.0,4.0,9.0,13.0,10.0,3.0,0.0,3.0,8.0,37.0,0.0,
423.0,Johnny Juzang,24.0,MIN,SG,17.0,0.0,67.0,14.0,32.0,0.438,5.0,20.0,0.25,9.0,12.0,0.75,0.516,3.0,4.0,0.75,5.0,9.0,14.0,6.0,2.0,0.0,3.0,3.0,36.0,0.0,
424.0,Blake Wesley,22.0,POR,SG,6.0,0.0,98.0,14.0,34.0,0.412,2.0,10.0,0.2,12.0,24.0,0.5,0.441,6.0,10.0,0.6,2.0,12.0,14.0,19.0,10.0,1.0,7.0,14.0,36.0,0.0,
425.0,Christian Koloko,25.0,3TM,C,15.0,2.0,224.0,17.0,40.0,0.425,1.0,2.0,0.5,16.0,38.0,0.421,0.438,1.0,4.0,0.25,19.0,28.0,47.0,10.0,11.0,16.0,10.0,26.0,36.0,0.0,
425.0,Christian Koloko,25.0,LAL,C,2.0,0.0,6.0,0.0,0.0,,0.0,0.0,,0.0,0.0,,,0.0,0.0,,0.0,1.0,1.0,0.0,0.0,0.0,0.0,1.0,0.0,0.0,
425.0,Christian Koloko,25.0,MEM,C,11.0,2.0,195.0,14.0,35.0,0.4,0.0,1.0,0.0,14.0,34.0,0.412,0.4,1.0,4.0,0.25,19.0,25.0,44.0,10.0,10.0,13.0,7.0,20.0,29.0,0.0,
425.0,Christian Koloko,25.0,ATL,C,2.0,0.0,23.0,3.0,5.0,0.6,1.0,1.0,1.0,2.0,4.0,0.5,0.7,0.0,0.0,,0.0,2.0,2.0,0.0,1.0,3.0,3.0,5.0,7.0,0.0,
426.0,Bronny James,21.0,LAL,SG,24.0,1.0,165.0,13.0,40.0,0.325,7.0,21.0,0.333,6.0,19.0,0.316,0.413,2.0,2.0,1.0,4.0,6.0,10.0,26.0,9.0,1.0,12.0,13.0,35.0,0.0,
427.0,Andre Jackson Jr.,24.0,MIL,SG,19.0,0.0,127.0,10.0,34.0,0.294,5.0,22.0,0.227,5.0,12.0,0.417,0.368,9.0,10.0,0.9,5.0,10.0,15.0,20.0,5.0,2.0,8.0,19.0,34.0,0.0,
428.0,Eric Gordon,37.0,PHI,SG,6.0,0.0,74.0,12.0,21.0,0.571,8.0,14.0,0.571,4.0,7.0,0.571,0.762,1.0,2.0,0.5,1.0,1.0,2.0,3.0,4.0,1.0,3.0,3.0,33.0,0.0,
429.0,Nigel Hayes-Davis,31.0,PHO,SF,23.0,0.0,180.0,15.0,43.0,0.349,2.0,15.0,0.133,13.0,28.0,0.464,0.372,1.0,2.0,0.5,11.0,18.0,29.0,7.0,7.0,1.0,7.0,15.0,33.0,0.0,
430.0,Jeff Green,39.0,HOU,PF,15.0,0.0,66.0,12.0,25.0,0.48,8.0,17.0,0.471,4.0,8.0,0.5,0.64,0.0,0.0,,1.0,7.0,8.0,2.0,0.0,1.0,1.0,5.0,32.0,0.0,
431.0,David Jones GarcÃ­a,24.0,SAS,SF,11.0,0.0,68.0,13.0,25.0,0.52,3.0,5.0,0.6,10.0,20.0,0.5,0.58,3.0,6.0,0.5,4.0,9.0,13.0,18.0,6.0,1.0,5.0,6.0,32.0,0.0,
432.0,Anthony Gill,33.0,WAS,PF,20.0,0.0,84.0,12.0,18.0,0.667,3.0,6.0,0.5,9.0,12.0,0.75,0.75,4.0,4.0,1.0,6.0,13.0,19.0,0.0,1.0,3.0,5.0,5.0,31.0,0.0,
433.0,Xavier Tillman Sr.,27.0,BOS,C,13.0,1.0,110.0,14.0,30.0,0.467,3.0,14.0,0.214,11.0,16.0,0.688,0.517,0.0,0.0,,10.0,15.0,25.0,5.0,6.0,2.0,5.0,9.0,31.0,0.0,
434.0,Dereck Lively II,21.0,DAL,C,7.0,4.0,115.0,11.0,18.0,0.611,0.0,0.0,,11.0,18.0,0.611,0.611,8.0,10.0,0.8,14.0,23.0,37.0,13.0,4.0,11.0,10.0,21.0,30.0,0.0,
435.0,Alijah Martin,24.0,TOR,SG,10.0,0.0,88.0,9.0,26.0,0.346,2.0,11.0,0.182,7.0,15.0,0.467,0.385,10.0,12.0,0.833,6.0,6.0,12.0,8.0,5.0,3.0,3.0,9.0,30.0,0.0,
436.0,Jonathan Mogbo,24.0,TOR,PF,20.0,0.0,136.0,14.0,27.0,0.519,0.0,0.0,,14.0,27.0,0.519,0.519,2.0,5.0,0.4,12.0,25.0,37.0,10.0,2.0,4.0,5.0,13.0,30.0,0.0,
437.0,Brooks Barnhizer,23.0,OKC,SG,23.0,0.0,179.0,12.0,27.0,0.444,1.0,6.0,0.167,11.0,21.0,0.524,0.463,4.0,6.0,0.667,7.0,34.0,41.0,9.0,5.0,2.0,4.0,14.0,29.0,0.0,
438.0,Miles Kelly,23.0,DAL,PG,9.0,0.0,77.0,11.0,28.0,0.393,7.0,22.0,0.318,4.0,6.0,0.667,0.518,0.0,0.0,,4.0,8.0,12.0,5.0,2.0,0.0,3.0,8.0,29.0,0.0,
439.0,Moritz Wagner,28.0,ORL,C,3.0,0.0,39.0,10.0,17.0,0.588,3.0,7.0,0.429,7.0,10.0,0.7,0.676,6.0,6.0,1.0,0.0,7.0,7.0,3.0,2.0,0.0,3.0,5.0,29.0,0.0,
440.0,Kevin McCullar Jr.,24.0,NYK,SF,12.0,0.0,87.0,10.0,23.0,0.435,6.0,14.0,0.429,4.0,9.0,0.444,0.565,2.0,5.0,0.4,8.0,12.0,20.0,15.0,4.0,0.0,8.0,14.0,28.0,0.0,
441.0,Luke Travers,24.0,CLE,SG,12.0,0.0,103.0,9.0,36.0,0.25,1.0,16.0,0.063,8.0,20.0,0.4,0.264,9.0,9.0,1.0,9.0,15.0,24.0,9.0,7.0,4.0,3.0,6.0,28.0,0.0,
442.0,Mason Plumlee,35.0,CHO,C,14.0,2.0,125.0,9.0,12.0,0.75,0.0,0.0,,9.0,12.0,0.75,0.75,8.0,12.0,0.667,10.0,30.0,40.0,16.0,6.0,0.0,9.0,10.0,26.0,0.0,
443.0,Tolu Smith,25.0,DET,PF,5.0,0.0,55.0,7.0,15.0,0.467,0.0,0.0,,7.0,15.0,0.467,0.467,12.0,15.0,0.8,10.0,18.0,28.0,4.0,2.0,5.0,4.0,7.0,26.0,0.0,
444.0,Grant Williams,27.0,CHO,PF,5.0,0.0,84.0,8.0,25.0,0.32,5.0,21.0,0.238,3.0,4.0,0.75,0.42,5.0,6.0,0.833,4.0,14.0,18.0,6.0,4.0,2.0,2.0,5.0,26.0,0.0,
445.0,Doug McDermott,34.0,SAC,SF,7.0,0.0,70.0,8.0,23.0,0.348,8.0,23.0,0.348,0.0,0.0,,0.522,0.0,0.0,,0.0,5.0,5.0,2.0,0.0,1.0,3.0,5.0,24.0,0.0,
446.0,Caleb Houstan,23.0,ATL,SF,10.0,0.0,49.0,7.0,15.0,0.467,6.0,12.0,0.5,1.0,3.0,0.333,0.667,3.0,3.0,1.0,4.0,1.0,5.0,2.0,1.0,1.0,4.0,6.0,23.0,0.0,
447.0,Khaman Maluach,19.0,PHO,C,18.0,0.0,84.0,8.0,20.0,0.4,0.0,5.0,0.0,8.0,15.0,0.533,0.4,7.0,8.0,0.875,5.0,13.0,18.0,3.0,1.0,7.0,9.0,15.0,23.0,0.0,
448.0,Thanasis Antetokounmpo,33.0,MIL,SF,14.0,0.0,43.0,8.0,14.0,0.571,0.0,1.0,0.0,8.0,13.0,0.615,0.571,6.0,9.0,0.667,3.0,3.0,6.0,1.0,6.0,3.0,3.0,8.0,22.0,0.0,
449.0,Mark Sears,23.0,MIL,PG,7.0,0.0,26.0,6.0,13.0,0.462,4.0,8.0,0.5,2.0,5.0,0.4,0.615,6.0,8.0,0.75,1.0,1.0,2.0,2.0,0.0,0.0,4.0,4.0,22.0,0.0,
450.0,Kam Jones,23.0,IND,SG,12.0,0.0,87.0,10.0,28.0,0.357,1.0,10.0,0.1,9.0,18.0,0.5,0.375,0.0,2.0,0.0,3.0,6.0,9.0,11.0,3.0,0.0,3.0,4.0,21.0,0.0,
451.0,Antonio Reeves,25.0,CHO,SG,7.0,0.0,56.0,8.0,16.0,0.5,5.0,10.0,0.5,3.0,6.0,0.5,0.656,0.0,0.0,,1.0,4.0,5.0,2.0,1.0,0.0,0.0,3.0,21.0,0.0,
452.0,Adou Thiero,21.0,LAL,SF,15.0,0.0,87.0,7.0,18.0,0.389,0.0,1.0,0.0,7.0,17.0,0.412,0.389,6.0,8.0,0.75,7.0,11.0,18.0,5.0,5.0,1.0,4.0,15.0,20.0,0.0,
453.0,Matisse Thybulle,28.0,POR,SG,4.0,0.0,49.0,6.0,10.0,0.6,4.0,6.0,0.667,2.0,4.0,0.5,0.8,4.0,4.0,1.0,0.0,4.0,4.0,3.0,10.0,0.0,1.0,7.0,20.0,0.0,
454.0,Mac McClung,27.0,IND,SG,3.0,0.0,34.0,7.0,18.0,0.389,2.0,10.0,0.2,5.0,8.0,0.625,0.444,3.0,4.0,0.75,0.0,4.0,4.0,1.0,5.0,1.0,2.0,6.0,19.0,0.0,
455.0,Chris Boucher,33.0,BOS,PF,8.0,0.0,91.0,7.0,22.0,0.318,1.0,12.0,0.083,6.0,10.0,0.6,0.341,3.0,4.0,0.75,2.0,16.0,18.0,3.0,5.0,7.0,1.0,16.0,18.0,0.0,
456.0,Monte Morris,30.0,IND,PG,6.0,0.0,65.0,7.0,20.0,0.35,2.0,8.0,0.25,5.0,12.0,0.417,0.4,2.0,4.0,0.5,1.0,6.0,7.0,9.0,1.0,1.0,2.0,3.0,18.0,0.0,
457.0,Javonte Cooke,26.0,POR,SG,9.0,0.0,61.0,7.0,26.0,0.269,3.0,15.0,0.2,4.0,11.0,0.364,0.327,0.0,0.0,,2.0,8.0,10.0,7.0,5.0,0.0,5.0,3.0,17.0,0.0,
458.0,Elijah Harkless,25.0,UTA,SG,7.0,0.0,66.0,4.0,11.0,0.364,2.0,7.0,0.286,2.0,4.0,0.5,0.455,7.0,9.0,0.778,2.0,4.0,6.0,5.0,4.0,0.0,3.0,10.0,17.0,0.0,
459.0,Bobi Klintman,22.0,DET,SF,6.0,0.0,53.0,7.0,21.0,0.333,3.0,11.0,0.273,4.0,10.0,0.4,0.405,0.0,3.0,0.0,5.0,11.0,16.0,4.0,2.0,0.0,5.0,9.0,17.0,0.0,
460.0,Emanuel Miller,25.0,CHI,PF,5.0,0.0,33.0,6.0,13.0,0.462,2.0,6.0,0.333,4.0,7.0,0.571,0.538,1.0,2.0,0.5,1.0,2.0,3.0,4.0,2.0,0.0,0.0,2.0,15.0,0.0,
461.0,Trey Alexander,22.0,NOP,SG,5.0,0.0,42.0,6.0,9.0,0.667,2.0,3.0,0.667,4.0,6.0,0.667,0.778,0.0,0.0,,0.0,4.0,4.0,5.0,1.0,1.0,1.0,4.0,14.0,0.0,
462.0,Seth Curry,35.0,GSW,SG,2.0,0.0,32.0,6.0,9.0,0.667,2.0,4.0,0.5,4.0,5.0,0.8,0.778,0.0,0.0,,1.0,3.0,4.0,3.0,2.0,0.0,0.0,3.0,14.0,0.0,
463.0,E.J. Liddell,25.0,BRK,PF,8.0,0.0,35.0,5.0,12.0,0.417,2.0,8.0,0.25,3.0,4.0,0.75,0.5,2.0,3.0,0.667,3.0,6.0,9.0,0.0,0.0,0.0,0.0,4.0,14.0,0.0,
464.0,TyTy Washington Jr.,24.0,LAC,PG,2.0,0.0,22.0,6.0,9.0,0.667,2.0,4.0,0.5,4.0,5.0,0.8,0.778,0.0,0.0,,0.0,1.0,1.0,3.0,2.0,1.0,0.0,0.0,14.0,0.0,
465.0,Ron Harper Jr.,25.0,BOS,SF,7.0,0.0,35.0,5.0,16.0,0.313,3.0,12.0,0.25,2.0,4.0,0.5,0.406,0.0,0.0,,3.0,3.0,6.0,4.0,1.0,3.0,1.0,3.0,13.0,0.0,
466.0,James Wiseman,24.0,IND,C,4.0,1.0,58.0,6.0,10.0,0.6,0.0,0.0,,6.0,10.0,0.6,0.6,1.0,2.0,0.5,5.0,3.0,8.0,3.0,0.0,1.0,5.0,10.0,13.0,0.0,
467.0,Kobe Bufkin,22.0,LAL,SG,4.0,0.0,45.0,4.0,11.0,0.364,2.0,7.0,0.286,2.0,4.0,0.5,0.455,2.0,2.0,1.0,1.0,4.0,5.0,2.0,1.0,3.0,1.0,3.0,12.0,0.0,
468.0,Tyson Etienne,26.0,BRK,PG,8.0,0.0,34.0,4.0,15.0,0.267,4.0,13.0,0.308,0.0,2.0,0.0,0.4,0.0,0.0,,0.0,0.0,0.0,1.0,0.0,0.0,1.0,5.0,12.0,0.0,
469.0,Johni Broome,23.0,PHI,C,7.0,0.0,40.0,4.0,20.0,0.2,0.0,3.0,0.0,4.0,17.0,0.235,0.2,2.0,4.0,0.5,6.0,7.0,13.0,4.0,2.0,0.0,2.0,5.0,10.0,0.0,
470.0,Jahmir Young,25.0,MIA,PG,5.0,0.0,24.0,4.0,11.0,0.364,2.0,5.0,0.4,2.0,6.0,0.333,0.455,0.0,0.0,,0.0,2.0,2.0,4.0,1.0,0.0,2.0,3.0,10.0,0.0,
471.0,Bismack Biyombo,33.0,SAS,C,11.0,1.0,65.0,4.0,6.0,0.667,0.0,0.0,,4.0,6.0,0.667,0.667,1.0,2.0,0.5,2.0,5.0,7.0,3.0,3.0,1.0,3.0,10.0,9.0,0.0,
472.0,Curtis Jones,24.0,DEN,SG,6.0,0.0,31.0,4.0,14.0,0.286,1.0,9.0,0.111,3.0,5.0,0.6,0.321,0.0,0.0,,1.0,4.0,5.0,3.0,0.0,0.0,1.0,3.0,9.0,0.0,
473.0,DeAndre Jordan,37.0,NOP,C,2.0,1.0,23.0,4.0,5.0,0.8,0.0,0.0,,4.0,5.0,0.8,0.8,1.0,2.0,0.5,4.0,6.0,10.0,0.0,0.0,0.0,1.0,1.0,9.0,0.0,
474.0,Chris Livingston,22.0,CLE,SF,3.0,0.0,17.0,4.0,7.0,0.571,0.0,3.0,0.0,4.0,4.0,1.0,0.571,1.0,1.0,1.0,0.0,3.0,3.0,1.0,1.0,0.0,0.0,4.0,9.0,0.0,
475.0,Riley Minix,25.0,SAS,SF,3.0,0.0,8.0,4.0,6.0,0.667,1.0,3.0,0.333,3.0,3.0,1.0,0.75,0.0,0.0,,1.0,1.0,2.0,1.0,1.0,0.0,0.0,1.0,9.0,0.0,
476.0,Amari Williams,24.0,BOS,PF,9.0,0.0,52.0,2.0,3.0,0.667,0.0,0.0,,2.0,3.0,0.667,0.667,5.0,7.0,0.714,3.0,8.0,11.0,3.0,1.0,5.0,2.0,8.0,9.0,0.0,
477.0,Brandon Clarke,29.0,MEM,PF,2.0,2.0,20.0,3.0,9.0,0.333,0.0,0.0,,3.0,9.0,0.333,0.333,2.0,4.0,0.5,4.0,2.0,6.0,1.0,2.0,0.0,0.0,5.0,8.0,0.0,
478.0,Pacome Dadiet,20.0,NYK,SG,18.0,0.0,57.0,2.0,9.0,0.222,0.0,5.0,0.0,2.0,4.0,0.5,0.222,4.0,4.0,1.0,1.0,10.0,11.0,8.0,2.0,0.0,0.0,3.0,8.0,0.0,
479.0,Jacob Toppin,25.0,ATL,SF,5.0,0.0,17.0,4.0,6.0,0.667,0.0,0.0,,4.0,6.0,0.667,0.667,0.0,0.0,,0.0,1.0,1.0,1.0,0.0,1.0,0.0,1.0,8.0,0.0,
480.0,Charles Bassey,25.0,MEM,C,2.0,0.0,31.0,3.0,8.0,0.375,0.0,0.0,,3.0,8.0,0.375,0.375,1.0,3.0,0.333,7.0,8.0,15.0,2.0,1.0,1.0,1.0,5.0,7.0,0.0,
481.0,Joe Ingles,38.0,MIN,SF,13.0,0.0,54.0,2.0,5.0,0.4,1.0,4.0,0.25,1.0,1.0,1.0,0.5,2.0,2.0,1.0,0.0,5.0,5.0,11.0,6.0,0.0,5.0,6.0,7.0,0.0,
482.0,Trey Jemison,26.0,NYK,C,6.0,0.0,38.0,3.0,3.0,1.0,0.0,0.0,,3.0,3.0,1.0,1.0,1.0,1.0,1.0,5.0,5.0,10.0,1.0,0.0,2.0,3.0,6.0,7.0,0.0,
483.0,Cody Martin,30.0,IND,SF,4.0,0.0,55.0,2.0,10.0,0.2,0.0,5.0,0.0,2.0,5.0,0.4,0.2,3.0,6.0,0.5,1.0,13.0,14.0,2.0,4.0,2.0,4.0,5.0,7.0,0.0,
484.0,Orlando Robinson,25.0,ORL,C,4.0,1.0,25.0,3.0,5.0,0.6,1.0,2.0,0.5,2.0,3.0,0.667,0.7,0.0,0.0,,2.0,2.0,4.0,3.0,1.0,0.0,0.0,3.0,7.0,0.0,
485.0,Hunter Sallis,22.0,PHI,SG,7.0,0.0,26.0,3.0,5.0,0.6,0.0,0.0,,3.0,5.0,0.6,0.6,1.0,2.0,0.5,0.0,1.0,1.0,4.0,0.0,1.0,5.0,2.0,7.0,0.0,
486.0,Kyle Lowry,39.0,PHI,PG,6.0,0.0,45.0,2.0,8.0,0.25,2.0,8.0,0.25,0.0,0.0,,0.375,0.0,0.0,,0.0,3.0,3.0,7.0,1.0,0.0,2.0,3.0,6.0,0.0,
487.0,Jahmai Mashack,23.0,MEM,SG,7.0,0.0,25.0,2.0,8.0,0.25,2.0,6.0,0.333,0.0,2.0,0.0,0.375,0.0,0.0,,0.0,5.0,5.0,2.0,1.0,0.0,3.0,1.0,6.0,0.0,
488.0,Wendell Moore Jr.,24.0,DET,SG,3.0,0.0,43.0,3.0,6.0,0.5,0.0,1.0,0.0,3.0,5.0,0.6,0.5,0.0,0.0,,1.0,3.0,4.0,3.0,2.0,1.0,1.0,1.0,6.0,0.0,
489.0,Harrison Ingram,23.0,SAS,SF,3.0,0.0,11.0,2.0,3.0,0.667,1.0,1.0,1.0,1.0,2.0,0.5,0.833,0.0,0.0,,3.0,0.0,3.0,0.0,0.0,0.0,0.0,2.0,5.0,0.0,
490.0,Drew Peterson,26.0,CHO,PF,6.0,0.0,64.0,2.0,16.0,0.125,0.0,12.0,0.0,2.0,4.0,0.5,0.125,1.0,2.0,0.5,3.0,6.0,9.0,2.0,3.0,1.0,0.0,3.0,5.0,0.0,
491.0,Dario Å ariÄ,31.0,SAC,C,5.0,0.0,41.0,1.0,6.0,0.167,1.0,3.0,0.333,0.0,3.0,0.0,0.25,2.0,2.0,1.0,1.0,5.0,6.0,2.0,0.0,0.0,2.0,3.0,5.0,0.0,
492.0,Isaac Jones,25.0,2TM,PF,4.0,1.0,18.0,2.0,4.0,0.5,0.0,2.0,0.0,2.0,2.0,1.0,0.5,1.0,2.0,0.5,2.0,0.0,2.0,1.0,0.0,0.0,0.0,4.0,5.0,0.0,
492.0,Isaac Jones,25.0,SAC,PF,3.0,1.0,17.0,1.0,2.0,0.5,0.0,1.0,0.0,1.0,1.0,1.0,0.5,1.0,2.0,0.5,2.0,0.0,2.0,1.0,0.0,0.0,0.0,4.0,3.0,0.0,
492.0,Isaac Jones,25.0,DET,PF,1.0,0.0,1.0,1.0,2.0,0.5,0.0,1.0,0.0,1.0,1.0,1.0,0.5,0.0,0.0,,0.0,0.0,0.0,0.0,0.0,0.0,0.0,0.0,2.0,0.0,
493.0,Koby Brea,23.0,PHO,SG,2.0,0.0,8.0,1.0,3.0,0.333,0.0,2.0,0.0,1.0,1.0,1.0,0.333,2.0,2.0,1.0,0.0,1.0,1.0,2.0,0.0,0.0,0.0,0.0,4.0,0.0,
494.0,Trentyn Flowers,20.0,CHI,SF,2.0,0.0,6.0,2.0,3.0,0.667,0.0,1.0,0.0,2.0,2.0,1.0,0.667,0.0,0.0,,1.0,0.0,1.0,1.0,0.0,0.0,1.0,1.0,4.0,0.0,
495.0,Lachlan Olbrich,22.0,CHI,C,10.0,0.0,73.0,2.0,9.0,0.222,0.0,4.0,0.0,2.0,5.0,0.4,0.222,0.0,2.0,0.0,7.0,14.0,21.0,9.0,0.0,0.0,4.0,16.0,4.0,0.0,
496.0,Garrett Temple,39.0,TOR,SG,12.0,0.0,33.0,1.0,7.0,0.143,1.0,5.0,0.2,0.0,2.0,0.0,0.214,1.0,2.0,0.5,0.0,4.0,4.0,4.0,3.0,1.0,3.0,2.0,4.0,0.0,
497.0,LJ Cryer,24.0,GSW,PG,2.0,0.0,5.0,1.0,3.0,0.333,1.0,2.0,0.5,0.0,1.0,0.0,0.5,0.0,0.0,,0.0,0.0,0.0,0.0,0.0,0.0,0.0,1.0,3.0,0.0,
498.0,N'Faly Dante,24.0,ATL,C,4.0,0.0,15.0,1.0,4.0,0.25,0.0,0.0,,1.0,4.0,0.25,0.25,1.0,1.0,1.0,3.0,4.0,7.0,0.0,2.0,0.0,1.0,1.0,3.0,0.0,
499.0,Patrick Baldwin Jr.,23.0,LAC,SF,1.0,0.0,5.0,0.0,1.0,0.0,0.0,1.0,0.0,0.0,0.0,,0.0,2.0,2.0,1.0,0.0,0.0,0.0,0.0,0.0,0.0,0.0,1.0,2.0,0.0,
500.0,Hunter Dickinson,25.0,NOP,C,1.0,0.0,5.0,1.0,2.0,0.5,0.0,0.0,,1.0,2.0,0.5,0.5,0.0,0.0,,0.0,0.0,0.0,0.0,0.0,1.0,2.0,2.0,2.0,0.0,
501.0,Colby Jones,23.0,DET,SG,1.0,0.0,7.0,1.0,3.0,0.333,0.0,2.0,0.0,1.0,1.0,1.0,0.333,0.0,0.0,,0.0,4.0,4.0,2.0,0.0,0.0,0.0,1.0,2.0,0.0,
502.0,Daeqwon Plowden,27.0,SAC,SG,1.0,0.0,14.0,1.0,5.0,0.2,0.0,3.0,0.0,1.0,2.0,0.5,0.2,0.0,0.0,,2.0,0.0,2.0,0.0,0.0,0.0,0.0,0.0,2.0,0.0,
503.0,Oscar Tshiebwe,26.0,UTA,C,1.0,0.0,15.0,1.0,4.0,0.25,0.0,0.0,,1.0,4.0,0.25,0.25,0.0,1.0,0.0,2.0,4.0,6.0,1.0,1.0,0.0,0.0,2.0,2.0,0.0,
504.0,Jahmyl Telfort,24.0,LAC,PF,8.0,0.0,32.0,0.0,4.0,0.0,0.0,4.0,0.0,0.0,0.0,,0.0,1.0,4.0,0.25,0.0,3.0,3.0,1.0,1.0,0.0,1.0,5.0,1.0,0.0,
505.0,Mo Bamba,27.0,TOR,C,2.0,0.0,6.0,0.0,2.0,0.0,0.0,0.0,,0.0,2.0,0.0,0.0,0.0,0.0,,1.0,1.0,2.0,0.0,0.0,1.0,0.0,2.0,0.0,0.0,
506.0,Sharife Cooper,24.0,WAS,PG,4.0,0.0,10.0,0.0,1.0,0.0,0.0,1.0,0.0,0.0,0.0,,0.0,0.0,0.0,,0.0,0.0,0.0,0.0,0.0,0.0,1.0,1.0,0.0,0.0,
507.0,Isaiah Crawford,24.0,HOU,SF,2.0,0.0,5.0,0.0,1.0,0.0,0.0,1.0,0.0,0.0,0.0,,0.0,0.0,0.0,,0.0,0.0,0.0,0.0,0.0,0.0,0.0,0.0,0.0,0.0,
508.0,Noa Essengue,19.0,CHI,PF,2.0,0.0,6.0,0.0,3.0,0.0,0.0,2.0,0.0,0.0,1.0,0.0,0.0,0.0,0.0,,0.0,0.0,0.0,0.0,1.0,0.0,0.0,1.0,0.0,0.0,
509.0,Tosan Evbuomwan,24.0,NYK,SF,5.0,0.0,8.0,0.0,1.0,0.0,0.0,0.0,,0.0,1.0,0.0,0.0,0.0,0.0,,1.0,1.0,2.0,0.0,0.0,0.0,0.0,1.0,0.0,0.0,
510.0,Vladislav Goldin,24.0,MIA,C,1.0,0.0,1.0,0.0,0.0,,0.0,0.0,,0.0,0.0,,,0.0,0.0,,0.0,0.0,0.0,1.0,0.0,0.0,0.0,0.0,0.0,0.0,
511.0,Chucky Hepburn,22.0,TOR,PG,2.0,0.0,13.0,0.0,6.0,0.0,0.0,5.0,0.0,0.0,1.0,0.0,0.0,0.0,0.0,,0.0,1.0,1.0,2.0,1.0,0.0,1.0,2.0,0.0,0.0,
512.0,Malevy Leons,26.0,GSW,SF,2.0,0.0,5.0,0.0,1.0,0.0,0.0,0.0,,0.0,1.0,0.0,0.0,0.0,0.0,,1.0,2.0,3.0,0.0,0.0,0.0,1.0,1.0,0.0,0.0,
513.0,Chris MaÃ±on,24.0,LAL,SG,4.0,0.0,14.0,0.0,1.0,0.0,0.0,1.0,0.0,0.0,0.0,,0.0,0.0,0.0,,1.0,2.0,3.0,0.0,1.0,2.0,0.0,3.0,0.0,0.0,
,League Average,,,,,,,,,0.469,,,0.359,,,0.547,0.544,,,0.786,,,,,,,,,,,
